source_article_id,similar_article_id,similarity_rank,similarity_score,embedding_model,pipeline_run_id
ART0001,ART0072,1,0.85323644,sentence-transformers/all-MiniLM-L6-v2,ebc1fbcf-217e-4416-aefb-b9ece4615d24
ART0001,ART0219,2,0.85323644,sentence-transformers/all-MiniLM-L6-v2,ebc1fbcf-217e-4416-aefb-b9ece4615d24
ART0001,ART0359,3,0.80110282,sentence-transformers/all-MiniLM-L6-v2,ebc1fbcf-217e-4416-aefb-b9ece4615d24
ART0002,ART0533,1,0.8585999,sentence-transformers/all-MiniLM-L6-v2,ebc1fbcf-217e-4416-aefb-b9ece4615d24
ART0002,ART0110,2,0.78272229,sentence-transformers/all-MiniLM-L6-v2,ebc1fbcf-217e-4416-aefb-b9ece4615d24
ART0002,ART0345,3,0.78110111,sentence-transformers/all-MiniLM-L6-v2,ebc1fbcf-217e-4416-aefb-b9ece4615d24
ART0003,ART0415,1,0.99999988,sentence-transformers/all-MiniLM-L6-v2,ebc1fbcf-217e-4416-aefb-b9ece4615d24
ART0003,ART0359,2,0.89003652,sentence-transformers/all-MiniLM-L6-v2,ebc1fbcf-217e-4416-aefb-b9ece4615d24
ART0003,ART0084,3,0.85119218,sentence-transformers/all-MiniLM-L6-v2,ebc1fbcf-217e-4416-aefb-b9ece4615d24
ART0004,ART0718,1,0.84021974,sentence-transformers/all-MiniLM-L6-v2,ebc1fbcf-217e-4416-aefb-b9ece4615d24
ART0004,ART0747,2,0.8219465,sentence-transformers/all-MiniLM-L6-v2,ebc1fbcf-217e-4416-aefb-b9ece4615d24
ART0004,ART0335,3,0.77947569,sentence-transformers/all-MiniLM-L6-v2,ebc1fbcf-217e-4416-aefb-b9ece4615d24
ART0005,ART0623,1,0.84261388,sentence-transformers/all-MiniLM-L6-v2,ebc1fbcf-217e-4416-aefb-b9ece4615d24
ART0005,ART0473,2,0.83116198,sentence-transformers/all-MiniLM-L6-v2,ebc1fbcf-217e-4416-aefb-b9ece4615d24
ART0005,ART0601,3,0.80280858,sentence-transformers/all-MiniLM-L6-v2,ebc1fbcf-217e-4416-aefb-b9ece4615d24
ART0006,ART0613,1,0.73856765,sentence-transformers/all-MiniLM-L6-v2,ebc1fbcf-217e-4416-aefb-b9ece4615d24
ART0006,ART0737,2,0.73237801,sentence-transformers/all-MiniLM-L6-v2,ebc1fbcf-217e-4416-aefb-b9ece4615d24
ART0006,ART0529,3,0.70334828,sentence-transformers/all-MiniLM-L6-v2,ebc1fbcf-217e-4416-aefb-b9ece4615d24
ART0007,ART0677,1,0.87764055,sentence-transformers/all-MiniLM-L6-v2,ebc1fbcf-217e-4416-aefb-b9ece4615d24
ART0007,ART0640,2,0.78829306,sentence-transformers/all-MiniLM-L6-v2,ebc1fbcf-217e-4416-aefb-b9ece4615d24
ART0007,ART0406,3,0.7285319,sentence-transformers/all-MiniLM-L6-v2,ebc1fbcf-217e-4416-aefb-b9ece4615d24
ART0008,ART0428,1,0.90174198,sentence-transformers/all-MiniLM-L6-v2,ebc1fbcf-217e-4416-aefb-b9ece4615d24
ART0008,ART0501,2,0.83614004,sentence-transformers/all-MiniLM-L6-v2,ebc1fbcf-217e-4416-aefb-b9ece4615d24
ART0008,ART0102,3,0.79876548,sentence-transformers/all-MiniLM-L6-v2,ebc1fbcf-217e-4416-aefb-b9ece4615d24
ART0009,ART0412,1,0.86742002,sentence-transformers/all-MiniLM-L6-v2,ebc1fbcf-217e-4416-aefb-b9ece4615d24
ART0009,ART0090,2,0.85571587,sentence-transformers/all-MiniLM-L6-v2,ebc1fbcf-217e-4416-aefb-b9ece4615d24
ART0009,ART0585,3,0.78953797,sentence-transformers/all-MiniLM-L6-v2,ebc1fbcf-217e-4416-aefb-b9ece4615d24
ART0010,ART0526,1,0.93903315,sentence-transformers/all-MiniLM-L6-v2,ebc1fbcf-217e-4416-aefb-b9ece4615d24
ART0010,ART0732,2,0.93482912,sentence-transformers/all-MiniLM-L6-v2,ebc1fbcf-217e-4416-aefb-b9ece4615d24
ART0010,ART0265,3,0.9323501,sentence-transformers/all-MiniLM-L6-v2,ebc1fbcf-217e-4416-aefb-b9ece4615d24
ART0011,ART0714,1,0.88711166,sentence-transformers/all-MiniLM-L6-v2,ebc1fbcf-217e-4416-aefb-b9ece4615d24
ART0011,ART0134,2,0.80990893,sentence-transformers/all-MiniLM-L6-v2,ebc1fbcf-217e-4416-aefb-b9ece4615d24
ART0011,ART0088,3,0.79291403,sentence-transformers/all-MiniLM-L6-v2,ebc1fbcf-217e-4416-aefb-b9ece4615d24
ART0012,ART0653,1,0.99999976,sentence-transformers/all-MiniLM-L6-v2,ebc1fbcf-217e-4416-aefb-b9ece4615d24
ART0012,ART0474,2,0.87205946,sentence-transformers/all-MiniLM-L6-v2,ebc1fbcf-217e-4416-aefb-b9ece4615d24
ART0012,ART0580,3,0.87205946,sentence-transformers/all-MiniLM-L6-v2,ebc1fbcf-217e-4416-aefb-b9ece4615d24
ART0013,ART0286,1,0.83907306,sentence-transformers/all-MiniLM-L6-v2,ebc1fbcf-217e-4416-aefb-b9ece4615d24
ART0013,ART0445,2,0.77529663,sentence-transformers/all-MiniLM-L6-v2,ebc1fbcf-217e-4416-aefb-b9ece4615d24
ART0013,ART0705,3,0.75324851,sentence-transformers/all-MiniLM-L6-v2,ebc1fbcf-217e-4416-aefb-b9ece4615d24
ART0014,ART0096,1,0.7785477,sentence-transformers/all-MiniLM-L6-v2,ebc1fbcf-217e-4416-aefb-b9ece4615d24
ART0014,ART0348,2,0.77367318,sentence-transformers/all-MiniLM-L6-v2,ebc1fbcf-217e-4416-aefb-b9ece4615d24
ART0014,ART0525,3,0.76768053,sentence-transformers/all-MiniLM-L6-v2,ebc1fbcf-217e-4416-aefb-b9ece4615d24
ART0015,ART0577,1,0.80463338,sentence-transformers/all-MiniLM-L6-v2,ebc1fbcf-217e-4416-aefb-b9ece4615d24
ART0015,ART0155,2,0.80421817,sentence-transformers/all-MiniLM-L6-v2,ebc1fbcf-217e-4416-aefb-b9ece4615d24
ART0015,ART0547,3,0.77145135,sentence-transformers/all-MiniLM-L6-v2,ebc1fbcf-217e-4416-aefb-b9ece4615d24
ART0016,ART0037,1,0.8455615,sentence-transformers/all-MiniLM-L6-v2,ebc1fbcf-217e-4416-aefb-b9ece4615d24
ART0016,ART0329,2,0.8455615,sentence-transformers/all-MiniLM-L6-v2,ebc1fbcf-217e-4416-aefb-b9ece4615d24
ART0016,ART0436,3,0.8353461,sentence-transformers/all-MiniLM-L6-v2,ebc1fbcf-217e-4416-aefb-b9ece4615d24
ART0017,ART0417,1,0.83089554,sentence-transformers/all-MiniLM-L6-v2,ebc1fbcf-217e-4416-aefb-b9ece4615d24
ART0017,ART0097,2,0.80009162,sentence-transformers/all-MiniLM-L6-v2,ebc1fbcf-217e-4416-aefb-b9ece4615d24
ART0017,ART0037,3,0.79231018,sentence-transformers/all-MiniLM-L6-v2,ebc1fbcf-217e-4416-aefb-b9ece4615d24
ART0018,ART0406,1,0.86090297,sentence-transformers/all-MiniLM-L6-v2,ebc1fbcf-217e-4416-aefb-b9ece4615d24
ART0018,ART0296,2,0.8380338,sentence-transformers/all-MiniLM-L6-v2,ebc1fbcf-217e-4416-aefb-b9ece4615d24
ART0018,ART0293,3,0.8208369,sentence-transformers/all-MiniLM-L6-v2,ebc1fbcf-217e-4416-aefb-b9ece4615d24
ART0019,ART0440,1,0.844033,sentence-transformers/all-MiniLM-L6-v2,ebc1fbcf-217e-4416-aefb-b9ece4615d24
ART0019,ART0014,2,0.66374516,sentence-transformers/all-MiniLM-L6-v2,ebc1fbcf-217e-4416-aefb-b9ece4615d24
ART0019,ART0547,3,0.65466183,sentence-transformers/all-MiniLM-L6-v2,ebc1fbcf-217e-4416-aefb-b9ece4615d24
ART0020,ART0338,1,1.0,sentence-transformers/all-MiniLM-L6-v2,ebc1fbcf-217e-4416-aefb-b9ece4615d24
ART0020,ART0319,2,0.82139021,sentence-transformers/all-MiniLM-L6-v2,ebc1fbcf-217e-4416-aefb-b9ece4615d24
ART0020,ART0386,3,0.78221393,sentence-transformers/all-MiniLM-L6-v2,ebc1fbcf-217e-4416-aefb-b9ece4615d24
ART0021,ART0356,1,0.8216778,sentence-transformers/all-MiniLM-L6-v2,ebc1fbcf-217e-4416-aefb-b9ece4615d24
ART0021,ART0175,2,0.73804832,sentence-transformers/all-MiniLM-L6-v2,ebc1fbcf-217e-4416-aefb-b9ece4615d24
ART0021,ART0342,3,0.73105311,sentence-transformers/all-MiniLM-L6-v2,ebc1fbcf-217e-4416-aefb-b9ece4615d24
ART0022,ART0034,1,0.82533872,sentence-transformers/all-MiniLM-L6-v2,ebc1fbcf-217e-4416-aefb-b9ece4615d24
ART0022,ART0699,2,0.82533872,sentence-transformers/all-MiniLM-L6-v2,ebc1fbcf-217e-4416-aefb-b9ece4615d24
ART0022,ART0343,3,0.80348307,sentence-transformers/all-MiniLM-L6-v2,ebc1fbcf-217e-4416-aefb-b9ece4615d24
ART0023,ART0660,1,0.8018012,sentence-transformers/all-MiniLM-L6-v2,ebc1fbcf-217e-4416-aefb-b9ece4615d24
ART0023,ART0490,2,0.79453123,sentence-transformers/all-MiniLM-L6-v2,ebc1fbcf-217e-4416-aefb-b9ece4615d24
ART0023,ART0344,3,0.72411805,sentence-transformers/all-MiniLM-L6-v2,ebc1fbcf-217e-4416-aefb-b9ece4615d24
ART0024,ART0676,1,0.83207047,sentence-transformers/all-MiniLM-L6-v2,ebc1fbcf-217e-4416-aefb-b9ece4615d24
ART0024,ART0160,2,0.79744148,sentence-transformers/all-MiniLM-L6-v2,ebc1fbcf-217e-4416-aefb-b9ece4615d24
ART0024,ART0276,3,0.7961731,sentence-transformers/all-MiniLM-L6-v2,ebc1fbcf-217e-4416-aefb-b9ece4615d24
ART0025,ART0283,1,0.80471975,sentence-transformers/all-MiniLM-L6-v2,ebc1fbcf-217e-4416-aefb-b9ece4615d24
ART0025,ART0582,2,0.77520287,sentence-transformers/all-MiniLM-L6-v2,ebc1fbcf-217e-4416-aefb-b9ece4615d24
ART0025,ART0714,3,0.72735715,sentence-transformers/all-MiniLM-L6-v2,ebc1fbcf-217e-4416-aefb-b9ece4615d24
ART0026,ART0047,1,0.88141525,sentence-transformers/all-MiniLM-L6-v2,ebc1fbcf-217e-4416-aefb-b9ece4615d24
ART0026,ART0631,2,0.88141525,sentence-transformers/all-MiniLM-L6-v2,ebc1fbcf-217e-4416-aefb-b9ece4615d24
ART0026,ART0044,3,0.85168797,sentence-transformers/all-MiniLM-L6-v2,ebc1fbcf-217e-4416-aefb-b9ece4615d24
ART0027,ART0697,1,0.84199941,sentence-transformers/all-MiniLM-L6-v2,ebc1fbcf-217e-4416-aefb-b9ece4615d24
ART0027,ART0094,2,0.81941468,sentence-transformers/all-MiniLM-L6-v2,ebc1fbcf-217e-4416-aefb-b9ece4615d24
ART0027,ART0192,3,0.74720019,sentence-transformers/all-MiniLM-L6-v2,ebc1fbcf-217e-4416-aefb-b9ece4615d24
ART0028,ART0548,1,0.98592186,sentence-transformers/all-MiniLM-L6-v2,ebc1fbcf-217e-4416-aefb-b9ece4615d24
ART0028,ART0546,2,0.8455947,sentence-transformers/all-MiniLM-L6-v2,ebc1fbcf-217e-4416-aefb-b9ece4615d24
ART0028,ART0066,3,0.80932403,sentence-transformers/all-MiniLM-L6-v2,ebc1fbcf-217e-4416-aefb-b9ece4615d24
ART0029,ART0154,1,0.78019136,sentence-transformers/all-MiniLM-L6-v2,ebc1fbcf-217e-4416-aefb-b9ece4615d24
ART0029,ART0554,2,0.78019136,sentence-transformers/all-MiniLM-L6-v2,ebc1fbcf-217e-4416-aefb-b9ece4615d24
ART0029,ART0183,3,0.70249689,sentence-transformers/all-MiniLM-L6-v2,ebc1fbcf-217e-4416-aefb-b9ece4615d24
ART0030,ART0500,1,0.85049546,sentence-transformers/all-MiniLM-L6-v2,ebc1fbcf-217e-4416-aefb-b9ece4615d24
ART0030,ART0318,2,0.79226142,sentence-transformers/all-MiniLM-L6-v2,ebc1fbcf-217e-4416-aefb-b9ece4615d24
ART0030,ART0235,3,0.77114838,sentence-transformers/all-MiniLM-L6-v2,ebc1fbcf-217e-4416-aefb-b9ece4615d24
ART0031,ART0303,1,0.89245653,sentence-transformers/all-MiniLM-L6-v2,ebc1fbcf-217e-4416-aefb-b9ece4615d24
ART0031,ART0040,2,0.87754983,sentence-transformers/all-MiniLM-L6-v2,ebc1fbcf-217e-4416-aefb-b9ece4615d24
ART0031,ART0683,3,0.87645441,sentence-transformers/all-MiniLM-L6-v2,ebc1fbcf-217e-4416-aefb-b9ece4615d24
ART0032,ART0594,1,0.90008026,sentence-transformers/all-MiniLM-L6-v2,ebc1fbcf-217e-4416-aefb-b9ece4615d24
ART0032,ART0667,2,0.80209506,sentence-transformers/all-MiniLM-L6-v2,ebc1fbcf-217e-4416-aefb-b9ece4615d24
ART0032,ART0460,3,0.77486575,sentence-transformers/all-MiniLM-L6-v2,ebc1fbcf-217e-4416-aefb-b9ece4615d24
ART0033,ART0060,1,0.77011907,sentence-transformers/all-MiniLM-L6-v2,ebc1fbcf-217e-4416-aefb-b9ece4615d24
ART0033,ART0589,2,0.73529327,sentence-transformers/all-MiniLM-L6-v2,ebc1fbcf-217e-4416-aefb-b9ece4615d24
ART0033,ART0648,3,0.73355609,sentence-transformers/all-MiniLM-L6-v2,ebc1fbcf-217e-4416-aefb-b9ece4615d24
ART0034,ART0699,1,0.99999982,sentence-transformers/all-MiniLM-L6-v2,ebc1fbcf-217e-4416-aefb-b9ece4615d24
ART0034,ART0022,2,0.82533872,sentence-transformers/all-MiniLM-L6-v2,ebc1fbcf-217e-4416-aefb-b9ece4615d24
ART0034,ART0460,3,0.76245093,sentence-transformers/all-MiniLM-L6-v2,ebc1fbcf-217e-4416-aefb-b9ece4615d24
ART0035,ART0354,1,0.79675561,sentence-transformers/all-MiniLM-L6-v2,ebc1fbcf-217e-4416-aefb-b9ece4615d24
ART0035,ART0680,2,0.77463609,sentence-transformers/all-MiniLM-L6-v2,ebc1fbcf-217e-4416-aefb-b9ece4615d24
ART0035,ART0030,3,0.7495352,sentence-transformers/all-MiniLM-L6-v2,ebc1fbcf-217e-4416-aefb-b9ece4615d24
ART0036,ART0214,1,0.99999952,sentence-transformers/all-MiniLM-L6-v2,ebc1fbcf-217e-4416-aefb-b9ece4615d24
ART0036,ART0066,2,0.8141163,sentence-transformers/all-MiniLM-L6-v2,ebc1fbcf-217e-4416-aefb-b9ece4615d24
ART0036,ART0411,3,0.80843794,sentence-transformers/all-MiniLM-L6-v2,ebc1fbcf-217e-4416-aefb-b9ece4615d24
ART0037,ART0329,1,1.00000024,sentence-transformers/all-MiniLM-L6-v2,ebc1fbcf-217e-4416-aefb-b9ece4615d24
ART0037,ART0016,2,0.8455615,sentence-transformers/all-MiniLM-L6-v2,ebc1fbcf-217e-4416-aefb-b9ece4615d24
ART0037,ART0635,3,0.83127302,sentence-transformers/all-MiniLM-L6-v2,ebc1fbcf-217e-4416-aefb-b9ece4615d24
ART0038,ART0366,1,0.86906338,sentence-transformers/all-MiniLM-L6-v2,ebc1fbcf-217e-4416-aefb-b9ece4615d24
ART0038,ART0377,2,0.83983845,sentence-transformers/all-MiniLM-L6-v2,ebc1fbcf-217e-4416-aefb-b9ece4615d24
ART0038,ART0045,3,0.8288362,sentence-transformers/all-MiniLM-L6-v2,ebc1fbcf-217e-4416-aefb-b9ece4615d24
ART0039,ART0522,1,0.89105701,sentence-transformers/all-MiniLM-L6-v2,ebc1fbcf-217e-4416-aefb-b9ece4615d24
ART0039,ART0316,2,0.76355213,sentence-transformers/all-MiniLM-L6-v2,ebc1fbcf-217e-4416-aefb-b9ece4615d24
ART0039,ART0080,3,0.75346714,sentence-transformers/all-MiniLM-L6-v2,ebc1fbcf-217e-4416-aefb-b9ece4615d24
ART0040,ART0303,1,0.88260788,sentence-transformers/all-MiniLM-L6-v2,ebc1fbcf-217e-4416-aefb-b9ece4615d24
ART0040,ART0031,2,0.87754983,sentence-transformers/all-MiniLM-L6-v2,ebc1fbcf-217e-4416-aefb-b9ece4615d24
ART0040,ART0363,3,0.86761242,sentence-transformers/all-MiniLM-L6-v2,ebc1fbcf-217e-4416-aefb-b9ece4615d24
ART0041,ART0460,1,0.81528527,sentence-transformers/all-MiniLM-L6-v2,ebc1fbcf-217e-4416-aefb-b9ece4615d24
ART0041,ART0032,2,0.7537725,sentence-transformers/all-MiniLM-L6-v2,ebc1fbcf-217e-4416-aefb-b9ece4615d24
ART0041,ART0667,3,0.73397094,sentence-transformers/all-MiniLM-L6-v2,ebc1fbcf-217e-4416-aefb-b9ece4615d24
ART0042,ART0346,1,0.86506736,sentence-transformers/all-MiniLM-L6-v2,ebc1fbcf-217e-4416-aefb-b9ece4615d24
ART0042,ART0137,2,0.86062419,sentence-transformers/all-MiniLM-L6-v2,ebc1fbcf-217e-4416-aefb-b9ece4615d24
ART0042,ART0299,3,0.78721917,sentence-transformers/all-MiniLM-L6-v2,ebc1fbcf-217e-4416-aefb-b9ece4615d24
ART0043,ART0151,1,0.83604717,sentence-transformers/all-MiniLM-L6-v2,ebc1fbcf-217e-4416-aefb-b9ece4615d24
ART0043,ART0705,2,0.80237871,sentence-transformers/all-MiniLM-L6-v2,ebc1fbcf-217e-4416-aefb-b9ece4615d24
ART0043,ART0225,3,0.78503442,sentence-transformers/all-MiniLM-L6-v2,ebc1fbcf-217e-4416-aefb-b9ece4615d24
ART0044,ART0444,1,1.0,sentence-transformers/all-MiniLM-L6-v2,ebc1fbcf-217e-4416-aefb-b9ece4615d24
ART0044,ART0026,2,0.85168797,sentence-transformers/all-MiniLM-L6-v2,ebc1fbcf-217e-4416-aefb-b9ece4615d24
ART0044,ART0047,3,0.84681326,sentence-transformers/all-MiniLM-L6-v2,ebc1fbcf-217e-4416-aefb-b9ece4615d24
ART0045,ART0119,1,0.89559793,sentence-transformers/all-MiniLM-L6-v2,ebc1fbcf-217e-4416-aefb-b9ece4615d24
ART0045,ART0498,2,0.83300775,sentence-transformers/all-MiniLM-L6-v2,ebc1fbcf-217e-4416-aefb-b9ece4615d24
ART0045,ART0038,3,0.8288362,sentence-transformers/all-MiniLM-L6-v2,ebc1fbcf-217e-4416-aefb-b9ece4615d24
ART0046,ART0123,1,0.77713048,sentence-transformers/all-MiniLM-L6-v2,ebc1fbcf-217e-4416-aefb-b9ece4615d24
ART0046,ART0199,2,0.71869212,sentence-transformers/all-MiniLM-L6-v2,ebc1fbcf-217e-4416-aefb-b9ece4615d24
ART0046,ART0615,3,0.68973851,sentence-transformers/all-MiniLM-L6-v2,ebc1fbcf-217e-4416-aefb-b9ece4615d24
ART0047,ART0631,1,1.00000024,sentence-transformers/all-MiniLM-L6-v2,ebc1fbcf-217e-4416-aefb-b9ece4615d24
ART0047,ART0026,2,0.88141525,sentence-transformers/all-MiniLM-L6-v2,ebc1fbcf-217e-4416-aefb-b9ece4615d24
ART0047,ART0454,3,0.85494775,sentence-transformers/all-MiniLM-L6-v2,ebc1fbcf-217e-4416-aefb-b9ece4615d24
ART0048,ART0487,1,1.0000006,sentence-transformers/all-MiniLM-L6-v2,ebc1fbcf-217e-4416-aefb-b9ece4615d24
ART0048,ART0483,2,0.94086713,sentence-transformers/all-MiniLM-L6-v2,ebc1fbcf-217e-4416-aefb-b9ece4615d24
ART0048,ART0241,3,0.89666027,sentence-transformers/all-MiniLM-L6-v2,ebc1fbcf-217e-4416-aefb-b9ece4615d24
ART0049,ART0372,1,0.90402722,sentence-transformers/all-MiniLM-L6-v2,ebc1fbcf-217e-4416-aefb-b9ece4615d24
ART0049,ART0129,2,0.77091455,sentence-transformers/all-MiniLM-L6-v2,ebc1fbcf-217e-4416-aefb-b9ece4615d24
ART0049,ART0057,3,0.73275065,sentence-transformers/all-MiniLM-L6-v2,ebc1fbcf-217e-4416-aefb-b9ece4615d24
ART0050,ART0478,1,0.9999997,sentence-transformers/all-MiniLM-L6-v2,ebc1fbcf-217e-4416-aefb-b9ece4615d24
ART0050,ART0160,2,0.87597805,sentence-transformers/all-MiniLM-L6-v2,ebc1fbcf-217e-4416-aefb-b9ece4615d24
ART0050,ART0325,3,0.8594901,sentence-transformers/all-MiniLM-L6-v2,ebc1fbcf-217e-4416-aefb-b9ece4615d24
ART0051,ART0370,1,1.00000012,sentence-transformers/all-MiniLM-L6-v2,ebc1fbcf-217e-4416-aefb-b9ece4615d24
ART0051,ART0217,2,0.82527012,sentence-transformers/all-MiniLM-L6-v2,ebc1fbcf-217e-4416-aefb-b9ece4615d24
ART0051,ART0092,3,0.79458147,sentence-transformers/all-MiniLM-L6-v2,ebc1fbcf-217e-4416-aefb-b9ece4615d24
ART0052,ART0109,1,0.81219339,sentence-transformers/all-MiniLM-L6-v2,ebc1fbcf-217e-4416-aefb-b9ece4615d24
ART0052,ART0275,2,0.81219339,sentence-transformers/all-MiniLM-L6-v2,ebc1fbcf-217e-4416-aefb-b9ece4615d24
ART0052,ART0494,3,0.81219339,sentence-transformers/all-MiniLM-L6-v2,ebc1fbcf-217e-4416-aefb-b9ece4615d24
ART0053,ART0202,1,1.00000024,sentence-transformers/all-MiniLM-L6-v2,ebc1fbcf-217e-4416-aefb-b9ece4615d24
ART0053,ART0302,2,0.87323183,sentence-transformers/all-MiniLM-L6-v2,ebc1fbcf-217e-4416-aefb-b9ece4615d24
ART0053,ART0351,3,0.87323183,sentence-transformers/all-MiniLM-L6-v2,ebc1fbcf-217e-4416-aefb-b9ece4615d24
ART0054,ART0234,1,0.81851405,sentence-transformers/all-MiniLM-L6-v2,ebc1fbcf-217e-4416-aefb-b9ece4615d24
ART0054,ART0380,2,0.72874963,sentence-transformers/all-MiniLM-L6-v2,ebc1fbcf-217e-4416-aefb-b9ece4615d24
ART0054,ART0707,3,0.68961716,sentence-transformers/all-MiniLM-L6-v2,ebc1fbcf-217e-4416-aefb-b9ece4615d24
ART0055,ART0081,1,0.82811266,sentence-transformers/all-MiniLM-L6-v2,ebc1fbcf-217e-4416-aefb-b9ece4615d24
ART0055,ART0217,2,0.81099707,sentence-transformers/all-MiniLM-L6-v2,ebc1fbcf-217e-4416-aefb-b9ece4615d24
ART0055,ART0048,3,0.80499679,sentence-transformers/all-MiniLM-L6-v2,ebc1fbcf-217e-4416-aefb-b9ece4615d24
ART0056,ART0620,1,1.00000048,sentence-transformers/all-MiniLM-L6-v2,ebc1fbcf-217e-4416-aefb-b9ece4615d24
ART0056,ART0587,2,0.85504466,sentence-transformers/all-MiniLM-L6-v2,ebc1fbcf-217e-4416-aefb-b9ece4615d24
ART0056,ART0068,3,0.82108802,sentence-transformers/all-MiniLM-L6-v2,ebc1fbcf-217e-4416-aefb-b9ece4615d24
ART0057,ART0068,1,0.84278429,sentence-transformers/all-MiniLM-L6-v2,ebc1fbcf-217e-4416-aefb-b9ece4615d24
ART0057,ART0087,2,0.81405962,sentence-transformers/all-MiniLM-L6-v2,ebc1fbcf-217e-4416-aefb-b9ece4615d24
ART0057,ART0223,3,0.78495294,sentence-transformers/all-MiniLM-L6-v2,ebc1fbcf-217e-4416-aefb-b9ece4615d24
ART0058,ART0459,1,0.87978727,sentence-transformers/all-MiniLM-L6-v2,ebc1fbcf-217e-4416-aefb-b9ece4615d24
ART0058,ART0472,2,0.87978727,sentence-transformers/all-MiniLM-L6-v2,ebc1fbcf-217e-4416-aefb-b9ece4615d24
ART0058,ART0559,3,0.87978727,sentence-transformers/all-MiniLM-L6-v2,ebc1fbcf-217e-4416-aefb-b9ece4615d24
ART0059,ART0367,1,0.88996959,sentence-transformers/all-MiniLM-L6-v2,ebc1fbcf-217e-4416-aefb-b9ece4615d24
ART0059,ART0277,2,0.80459356,sentence-transformers/all-MiniLM-L6-v2,ebc1fbcf-217e-4416-aefb-b9ece4615d24
ART0059,ART0124,3,0.78746682,sentence-transformers/all-MiniLM-L6-v2,ebc1fbcf-217e-4416-aefb-b9ece4615d24
ART0060,ART0589,1,0.91199988,sentence-transformers/all-MiniLM-L6-v2,ebc1fbcf-217e-4416-aefb-b9ece4615d24
ART0060,ART0457,2,0.80704063,sentence-transformers/all-MiniLM-L6-v2,ebc1fbcf-217e-4416-aefb-b9ece4615d24
ART0060,ART0228,3,0.77473515,sentence-transformers/all-MiniLM-L6-v2,ebc1fbcf-217e-4416-aefb-b9ece4615d24
ART0061,ART0127,1,0.85981363,sentence-transformers/all-MiniLM-L6-v2,ebc1fbcf-217e-4416-aefb-b9ece4615d24
ART0061,ART0421,2,0.85981363,sentence-transformers/all-MiniLM-L6-v2,ebc1fbcf-217e-4416-aefb-b9ece4615d24
ART0061,ART0224,3,0.80710429,sentence-transformers/all-MiniLM-L6-v2,ebc1fbcf-217e-4416-aefb-b9ece4615d24
ART0062,ART0089,1,0.79314578,sentence-transformers/all-MiniLM-L6-v2,ebc1fbcf-217e-4416-aefb-b9ece4615d24
ART0062,ART0404,2,0.79314578,sentence-transformers/all-MiniLM-L6-v2,ebc1fbcf-217e-4416-aefb-b9ece4615d24
ART0062,ART0394,3,0.7892974,sentence-transformers/all-MiniLM-L6-v2,ebc1fbcf-217e-4416-aefb-b9ece4615d24
ART0063,ART0331,1,0.91707635,sentence-transformers/all-MiniLM-L6-v2,ebc1fbcf-217e-4416-aefb-b9ece4615d24
ART0063,ART0273,2,0.86391348,sentence-transformers/all-MiniLM-L6-v2,ebc1fbcf-217e-4416-aefb-b9ece4615d24
ART0063,ART0741,3,0.86391348,sentence-transformers/all-MiniLM-L6-v2,ebc1fbcf-217e-4416-aefb-b9ece4615d24
ART0064,ART0164,1,0.84440958,sentence-transformers/all-MiniLM-L6-v2,ebc1fbcf-217e-4416-aefb-b9ece4615d24
ART0064,ART0353,2,0.77858138,sentence-transformers/all-MiniLM-L6-v2,ebc1fbcf-217e-4416-aefb-b9ece4615d24
ART0064,ART0431,3,0.75462025,sentence-transformers/all-MiniLM-L6-v2,ebc1fbcf-217e-4416-aefb-b9ece4615d24
ART0065,ART0458,1,0.82329375,sentence-transformers/all-MiniLM-L6-v2,ebc1fbcf-217e-4416-aefb-b9ece4615d24
ART0065,ART0190,2,0.78058398,sentence-transformers/all-MiniLM-L6-v2,ebc1fbcf-217e-4416-aefb-b9ece4615d24
ART0065,ART0079,3,0.76131427,sentence-transformers/all-MiniLM-L6-v2,ebc1fbcf-217e-4416-aefb-b9ece4615d24
ART0066,ART0399,1,0.84504062,sentence-transformers/all-MiniLM-L6-v2,ebc1fbcf-217e-4416-aefb-b9ece4615d24
ART0066,ART0036,2,0.8141163,sentence-transformers/all-MiniLM-L6-v2,ebc1fbcf-217e-4416-aefb-b9ece4615d24
ART0066,ART0214,3,0.8141163,sentence-transformers/all-MiniLM-L6-v2,ebc1fbcf-217e-4416-aefb-b9ece4615d24
ART0067,ART0368,1,0.86012983,sentence-transformers/all-MiniLM-L6-v2,ebc1fbcf-217e-4416-aefb-b9ece4615d24
ART0067,ART0084,2,0.82507014,sentence-transformers/all-MiniLM-L6-v2,ebc1fbcf-217e-4416-aefb-b9ece4615d24
ART0067,ART0229,3,0.82389158,sentence-transformers/all-MiniLM-L6-v2,ebc1fbcf-217e-4416-aefb-b9ece4615d24
ART0068,ART0057,1,0.84278429,sentence-transformers/all-MiniLM-L6-v2,ebc1fbcf-217e-4416-aefb-b9ece4615d24
ART0068,ART0056,2,0.82108802,sentence-transformers/all-MiniLM-L6-v2,ebc1fbcf-217e-4416-aefb-b9ece4615d24
ART0068,ART0620,3,0.82108802,sentence-transformers/all-MiniLM-L6-v2,ebc1fbcf-217e-4416-aefb-b9ece4615d24
ART0069,ART0164,1,0.81157094,sentence-transformers/all-MiniLM-L6-v2,ebc1fbcf-217e-4416-aefb-b9ece4615d24
ART0069,ART0127,2,0.71441263,sentence-transformers/all-MiniLM-L6-v2,ebc1fbcf-217e-4416-aefb-b9ece4615d24
ART0069,ART0421,3,0.71441263,sentence-transformers/all-MiniLM-L6-v2,ebc1fbcf-217e-4416-aefb-b9ece4615d24
ART0070,ART0121,1,1.00000024,sentence-transformers/all-MiniLM-L6-v2,ebc1fbcf-217e-4416-aefb-b9ece4615d24
ART0070,ART0680,2,0.83724588,sentence-transformers/all-MiniLM-L6-v2,ebc1fbcf-217e-4416-aefb-b9ece4615d24
ART0070,ART0379,3,0.77264315,sentence-transformers/all-MiniLM-L6-v2,ebc1fbcf-217e-4416-aefb-b9ece4615d24
ART0071,ART0367,1,0.82295907,sentence-transformers/all-MiniLM-L6-v2,ebc1fbcf-217e-4416-aefb-b9ece4615d24
ART0071,ART0457,2,0.79447013,sentence-transformers/all-MiniLM-L6-v2,ebc1fbcf-217e-4416-aefb-b9ece4615d24
ART0071,ART0059,3,0.77876985,sentence-transformers/all-MiniLM-L6-v2,ebc1fbcf-217e-4416-aefb-b9ece4615d24
ART0072,ART0219,1,0.99999988,sentence-transformers/all-MiniLM-L6-v2,ebc1fbcf-217e-4416-aefb-b9ece4615d24
ART0072,ART0001,2,0.85323644,sentence-transformers/all-MiniLM-L6-v2,ebc1fbcf-217e-4416-aefb-b9ece4615d24
ART0072,ART0359,3,0.78094721,sentence-transformers/all-MiniLM-L6-v2,ebc1fbcf-217e-4416-aefb-b9ece4615d24
ART0073,ART0608,1,0.7804777,sentence-transformers/all-MiniLM-L6-v2,ebc1fbcf-217e-4416-aefb-b9ece4615d24
ART0073,ART0221,2,0.7762624,sentence-transformers/all-MiniLM-L6-v2,ebc1fbcf-217e-4416-aefb-b9ece4615d24
ART0073,ART0622,3,0.7762624,sentence-transformers/all-MiniLM-L6-v2,ebc1fbcf-217e-4416-aefb-b9ece4615d24
ART0074,ART0322,1,0.83374536,sentence-transformers/all-MiniLM-L6-v2,ebc1fbcf-217e-4416-aefb-b9ece4615d24
ART0074,ART0493,2,0.79863745,sentence-transformers/all-MiniLM-L6-v2,ebc1fbcf-217e-4416-aefb-b9ece4615d24
ART0074,ART0413,3,0.78279591,sentence-transformers/all-MiniLM-L6-v2,ebc1fbcf-217e-4416-aefb-b9ece4615d24
ART0075,ART0119,1,0.84229457,sentence-transformers/all-MiniLM-L6-v2,ebc1fbcf-217e-4416-aefb-b9ece4615d24
ART0075,ART0045,2,0.81032747,sentence-transformers/all-MiniLM-L6-v2,ebc1fbcf-217e-4416-aefb-b9ece4615d24
ART0075,ART0498,3,0.77499437,sentence-transformers/all-MiniLM-L6-v2,ebc1fbcf-217e-4416-aefb-b9ece4615d24
ART0076,ART0703,1,0.86362135,sentence-transformers/all-MiniLM-L6-v2,ebc1fbcf-217e-4416-aefb-b9ece4615d24
ART0076,ART0471,2,0.74766827,sentence-transformers/all-MiniLM-L6-v2,ebc1fbcf-217e-4416-aefb-b9ece4615d24
ART0076,ART0499,3,0.74473959,sentence-transformers/all-MiniLM-L6-v2,ebc1fbcf-217e-4416-aefb-b9ece4615d24
ART0077,ART0134,1,0.7468428,sentence-transformers/all-MiniLM-L6-v2,ebc1fbcf-217e-4416-aefb-b9ece4615d24
ART0077,ART0692,2,0.7139349,sentence-transformers/all-MiniLM-L6-v2,ebc1fbcf-217e-4416-aefb-b9ece4615d24
ART0077,ART0011,3,0.70028263,sentence-transformers/all-MiniLM-L6-v2,ebc1fbcf-217e-4416-aefb-b9ece4615d24
ART0078,ART0728,1,0.93100435,sentence-transformers/all-MiniLM-L6-v2,ebc1fbcf-217e-4416-aefb-b9ece4615d24
ART0078,ART0371,2,0.91456729,sentence-transformers/all-MiniLM-L6-v2,ebc1fbcf-217e-4416-aefb-b9ece4615d24
ART0078,ART0212,3,0.90423769,sentence-transformers/all-MiniLM-L6-v2,ebc1fbcf-217e-4416-aefb-b9ece4615d24
ART0079,ART0135,1,0.99999952,sentence-transformers/all-MiniLM-L6-v2,ebc1fbcf-217e-4416-aefb-b9ece4615d24
ART0079,ART0691,2,0.86361313,sentence-transformers/all-MiniLM-L6-v2,ebc1fbcf-217e-4416-aefb-b9ece4615d24
ART0079,ART0131,3,0.8477214,sentence-transformers/all-MiniLM-L6-v2,ebc1fbcf-217e-4416-aefb-b9ece4615d24
ART0080,ART0723,1,0.84404749,sentence-transformers/all-MiniLM-L6-v2,ebc1fbcf-217e-4416-aefb-b9ece4615d24
ART0080,ART0522,2,0.75431859,sentence-transformers/all-MiniLM-L6-v2,ebc1fbcf-217e-4416-aefb-b9ece4615d24
ART0080,ART0039,3,0.75346714,sentence-transformers/all-MiniLM-L6-v2,ebc1fbcf-217e-4416-aefb-b9ece4615d24
ART0081,ART0055,1,0.82811266,sentence-transformers/all-MiniLM-L6-v2,ebc1fbcf-217e-4416-aefb-b9ece4615d24
ART0081,ART0241,2,0.77563912,sentence-transformers/all-MiniLM-L6-v2,ebc1fbcf-217e-4416-aefb-b9ece4615d24
ART0081,ART0693,3,0.75720376,sentence-transformers/all-MiniLM-L6-v2,ebc1fbcf-217e-4416-aefb-b9ece4615d24
ART0082,ART0531,1,0.99999988,sentence-transformers/all-MiniLM-L6-v2,ebc1fbcf-217e-4416-aefb-b9ece4615d24
ART0082,ART0378,2,0.83893389,sentence-transformers/all-MiniLM-L6-v2,ebc1fbcf-217e-4416-aefb-b9ece4615d24
ART0082,ART0661,3,0.83223975,sentence-transformers/all-MiniLM-L6-v2,ebc1fbcf-217e-4416-aefb-b9ece4615d24
ART0083,ART0152,1,0.87020743,sentence-transformers/all-MiniLM-L6-v2,ebc1fbcf-217e-4416-aefb-b9ece4615d24
ART0083,ART0746,2,0.81601667,sentence-transformers/all-MiniLM-L6-v2,ebc1fbcf-217e-4416-aefb-b9ece4615d24
ART0083,ART0156,3,0.81511611,sentence-transformers/all-MiniLM-L6-v2,ebc1fbcf-217e-4416-aefb-b9ece4615d24
ART0084,ART0003,1,0.85119218,sentence-transformers/all-MiniLM-L6-v2,ebc1fbcf-217e-4416-aefb-b9ece4615d24
ART0084,ART0415,2,0.85119218,sentence-transformers/all-MiniLM-L6-v2,ebc1fbcf-217e-4416-aefb-b9ece4615d24
ART0084,ART0368,3,0.84094614,sentence-transformers/all-MiniLM-L6-v2,ebc1fbcf-217e-4416-aefb-b9ece4615d24
ART0085,ART0344,1,0.78180677,sentence-transformers/all-MiniLM-L6-v2,ebc1fbcf-217e-4416-aefb-b9ece4615d24
ART0085,ART0747,2,0.762389,sentence-transformers/all-MiniLM-L6-v2,ebc1fbcf-217e-4416-aefb-b9ece4615d24
ART0085,ART0742,3,0.75601524,sentence-transformers/all-MiniLM-L6-v2,ebc1fbcf-217e-4416-aefb-b9ece4615d24
ART0086,ART0608,1,0.86516833,sentence-transformers/all-MiniLM-L6-v2,ebc1fbcf-217e-4416-aefb-b9ece4615d24
ART0086,ART0221,2,0.85507071,sentence-transformers/all-MiniLM-L6-v2,ebc1fbcf-217e-4416-aefb-b9ece4615d24
ART0086,ART0622,3,0.85507071,sentence-transformers/all-MiniLM-L6-v2,ebc1fbcf-217e-4416-aefb-b9ece4615d24
ART0087,ART0400,1,0.81928283,sentence-transformers/all-MiniLM-L6-v2,ebc1fbcf-217e-4416-aefb-b9ece4615d24
ART0087,ART0057,2,0.81405962,sentence-transformers/all-MiniLM-L6-v2,ebc1fbcf-217e-4416-aefb-b9ece4615d24
ART0087,ART0068,3,0.81316179,sentence-transformers/all-MiniLM-L6-v2,ebc1fbcf-217e-4416-aefb-b9ece4615d24
ART0088,ART0604,1,0.89510906,sentence-transformers/all-MiniLM-L6-v2,ebc1fbcf-217e-4416-aefb-b9ece4615d24
ART0088,ART0552,2,0.87063539,sentence-transformers/all-MiniLM-L6-v2,ebc1fbcf-217e-4416-aefb-b9ece4615d24
ART0088,ART0389,3,0.8601163,sentence-transformers/all-MiniLM-L6-v2,ebc1fbcf-217e-4416-aefb-b9ece4615d24
ART0089,ART0404,1,0.99999988,sentence-transformers/all-MiniLM-L6-v2,ebc1fbcf-217e-4416-aefb-b9ece4615d24
ART0089,ART0453,2,0.80594915,sentence-transformers/all-MiniLM-L6-v2,ebc1fbcf-217e-4416-aefb-b9ece4615d24
ART0089,ART0062,3,0.79314578,sentence-transformers/all-MiniLM-L6-v2,ebc1fbcf-217e-4416-aefb-b9ece4615d24
ART0090,ART0009,1,0.85571587,sentence-transformers/all-MiniLM-L6-v2,ebc1fbcf-217e-4416-aefb-b9ece4615d24
ART0090,ART0412,2,0.84578478,sentence-transformers/all-MiniLM-L6-v2,ebc1fbcf-217e-4416-aefb-b9ece4615d24
ART0090,ART0396,3,0.81289577,sentence-transformers/all-MiniLM-L6-v2,ebc1fbcf-217e-4416-aefb-b9ece4615d24
ART0091,ART0201,1,0.89562631,sentence-transformers/all-MiniLM-L6-v2,ebc1fbcf-217e-4416-aefb-b9ece4615d24
ART0091,ART0290,2,0.8567543,sentence-transformers/all-MiniLM-L6-v2,ebc1fbcf-217e-4416-aefb-b9ece4615d24
ART0091,ART0397,3,0.8567543,sentence-transformers/all-MiniLM-L6-v2,ebc1fbcf-217e-4416-aefb-b9ece4615d24
ART0092,ART0217,1,0.81010604,sentence-transformers/all-MiniLM-L6-v2,ebc1fbcf-217e-4416-aefb-b9ece4615d24
ART0092,ART0138,2,0.79880989,sentence-transformers/all-MiniLM-L6-v2,ebc1fbcf-217e-4416-aefb-b9ece4615d24
ART0092,ART0051,3,0.79458147,sentence-transformers/all-MiniLM-L6-v2,ebc1fbcf-217e-4416-aefb-b9ece4615d24
ART0093,ART0558,1,0.99999994,sentence-transformers/all-MiniLM-L6-v2,ebc1fbcf-217e-4416-aefb-b9ece4615d24
ART0093,ART0505,2,0.7859115,sentence-transformers/all-MiniLM-L6-v2,ebc1fbcf-217e-4416-aefb-b9ece4615d24
ART0093,ART0618,3,0.77186596,sentence-transformers/all-MiniLM-L6-v2,ebc1fbcf-217e-4416-aefb-b9ece4615d24
ART0094,ART0027,1,0.81941468,sentence-transformers/all-MiniLM-L6-v2,ebc1fbcf-217e-4416-aefb-b9ece4615d24
ART0094,ART0697,2,0.78237659,sentence-transformers/all-MiniLM-L6-v2,ebc1fbcf-217e-4416-aefb-b9ece4615d24
ART0094,ART0476,3,0.73448229,sentence-transformers/all-MiniLM-L6-v2,ebc1fbcf-217e-4416-aefb-b9ece4615d24
ART0095,ART0349,1,0.90347952,sentence-transformers/all-MiniLM-L6-v2,ebc1fbcf-217e-4416-aefb-b9ece4615d24
ART0095,ART0171,2,0.83550608,sentence-transformers/all-MiniLM-L6-v2,ebc1fbcf-217e-4416-aefb-b9ece4615d24
ART0095,ART0571,3,0.83194536,sentence-transformers/all-MiniLM-L6-v2,ebc1fbcf-217e-4416-aefb-b9ece4615d24
ART0096,ART0615,1,0.85268861,sentence-transformers/all-MiniLM-L6-v2,ebc1fbcf-217e-4416-aefb-b9ece4615d24
ART0096,ART0391,2,0.8358717,sentence-transformers/all-MiniLM-L6-v2,ebc1fbcf-217e-4416-aefb-b9ece4615d24
ART0096,ART0014,3,0.7785477,sentence-transformers/all-MiniLM-L6-v2,ebc1fbcf-217e-4416-aefb-b9ece4615d24
ART0097,ART0402,1,0.85425258,sentence-transformers/all-MiniLM-L6-v2,ebc1fbcf-217e-4416-aefb-b9ece4615d24
ART0097,ART0612,2,0.85425258,sentence-transformers/all-MiniLM-L6-v2,ebc1fbcf-217e-4416-aefb-b9ece4615d24
ART0097,ART0549,3,0.81000286,sentence-transformers/all-MiniLM-L6-v2,ebc1fbcf-217e-4416-aefb-b9ece4615d24
ART0098,ART0136,1,0.85781831,sentence-transformers/all-MiniLM-L6-v2,ebc1fbcf-217e-4416-aefb-b9ece4615d24
ART0098,ART0005,2,0.76055264,sentence-transformers/all-MiniLM-L6-v2,ebc1fbcf-217e-4416-aefb-b9ece4615d24
ART0098,ART0375,3,0.73060632,sentence-transformers/all-MiniLM-L6-v2,ebc1fbcf-217e-4416-aefb-b9ece4615d24
ART0099,ART0572,1,1.0,sentence-transformers/all-MiniLM-L6-v2,ebc1fbcf-217e-4416-aefb-b9ece4615d24
ART0099,ART0413,2,0.80505562,sentence-transformers/all-MiniLM-L6-v2,ebc1fbcf-217e-4416-aefb-b9ece4615d24
ART0099,ART0385,3,0.80146909,sentence-transformers/all-MiniLM-L6-v2,ebc1fbcf-217e-4416-aefb-b9ece4615d24
ART0100,ART0321,1,0.85068661,sentence-transformers/all-MiniLM-L6-v2,ebc1fbcf-217e-4416-aefb-b9ece4615d24
ART0100,ART0734,2,0.7962715,sentence-transformers/all-MiniLM-L6-v2,ebc1fbcf-217e-4416-aefb-b9ece4615d24
ART0100,ART0402,3,0.71364379,sentence-transformers/all-MiniLM-L6-v2,ebc1fbcf-217e-4416-aefb-b9ece4615d24
ART0101,ART0654,1,0.81186563,sentence-transformers/all-MiniLM-L6-v2,ebc1fbcf-217e-4416-aefb-b9ece4615d24
ART0101,ART0359,2,0.80245322,sentence-transformers/all-MiniLM-L6-v2,ebc1fbcf-217e-4416-aefb-b9ece4615d24
ART0101,ART0003,3,0.7780751,sentence-transformers/all-MiniLM-L6-v2,ebc1fbcf-217e-4416-aefb-b9ece4615d24
ART0102,ART0464,1,1.00000024,sentence-transformers/all-MiniLM-L6-v2,ebc1fbcf-217e-4416-aefb-b9ece4615d24
ART0102,ART0483,2,0.88099754,sentence-transformers/all-MiniLM-L6-v2,ebc1fbcf-217e-4416-aefb-b9ece4615d24
ART0102,ART0520,3,0.8756941,sentence-transformers/all-MiniLM-L6-v2,ebc1fbcf-217e-4416-aefb-b9ece4615d24
ART0103,ART0569,1,0.8730579,sentence-transformers/all-MiniLM-L6-v2,ebc1fbcf-217e-4416-aefb-b9ece4615d24
ART0103,ART0483,2,0.79204816,sentence-transformers/all-MiniLM-L6-v2,ebc1fbcf-217e-4416-aefb-b9ece4615d24
ART0103,ART0241,3,0.7779395,sentence-transformers/all-MiniLM-L6-v2,ebc1fbcf-217e-4416-aefb-b9ece4615d24
ART0104,ART0527,1,0.8297345,sentence-transformers/all-MiniLM-L6-v2,ebc1fbcf-217e-4416-aefb-b9ece4615d24
ART0104,ART0017,2,0.77761298,sentence-transformers/all-MiniLM-L6-v2,ebc1fbcf-217e-4416-aefb-b9ece4615d24
ART0104,ART0417,3,0.74836999,sentence-transformers/all-MiniLM-L6-v2,ebc1fbcf-217e-4416-aefb-b9ece4615d24
ART0105,ART0564,1,0.74086195,sentence-transformers/all-MiniLM-L6-v2,ebc1fbcf-217e-4416-aefb-b9ece4615d24
ART0105,ART0272,2,0.73829055,sentence-transformers/all-MiniLM-L6-v2,ebc1fbcf-217e-4416-aefb-b9ece4615d24
ART0105,ART0136,3,0.71167165,sentence-transformers/all-MiniLM-L6-v2,ebc1fbcf-217e-4416-aefb-b9ece4615d24
ART0106,ART0515,1,1.00000083,sentence-transformers/all-MiniLM-L6-v2,ebc1fbcf-217e-4416-aefb-b9ece4615d24
ART0106,ART0578,2,0.88907093,sentence-transformers/all-MiniLM-L6-v2,ebc1fbcf-217e-4416-aefb-b9ece4615d24
ART0106,ART0709,3,0.87374789,sentence-transformers/all-MiniLM-L6-v2,ebc1fbcf-217e-4416-aefb-b9ece4615d24
ART0107,ART0599,1,1.0,sentence-transformers/all-MiniLM-L6-v2,ebc1fbcf-217e-4416-aefb-b9ece4615d24
ART0107,ART0499,2,0.86791188,sentence-transformers/all-MiniLM-L6-v2,ebc1fbcf-217e-4416-aefb-b9ece4615d24
ART0107,ART0575,3,0.85349,sentence-transformers/all-MiniLM-L6-v2,ebc1fbcf-217e-4416-aefb-b9ece4615d24
ART0108,ART0244,1,0.77336216,sentence-transformers/all-MiniLM-L6-v2,ebc1fbcf-217e-4416-aefb-b9ece4615d24
ART0108,ART0344,2,0.77315253,sentence-transformers/all-MiniLM-L6-v2,ebc1fbcf-217e-4416-aefb-b9ece4615d24
ART0108,ART0471,3,0.75735676,sentence-transformers/all-MiniLM-L6-v2,ebc1fbcf-217e-4416-aefb-b9ece4615d24
ART0109,ART0275,1,1.00000036,sentence-transformers/all-MiniLM-L6-v2,ebc1fbcf-217e-4416-aefb-b9ece4615d24
ART0109,ART0494,2,1.00000036,sentence-transformers/all-MiniLM-L6-v2,ebc1fbcf-217e-4416-aefb-b9ece4615d24
ART0109,ART0310,3,0.81748557,sentence-transformers/all-MiniLM-L6-v2,ebc1fbcf-217e-4416-aefb-b9ece4615d24
ART0110,ART0728,1,0.84097809,sentence-transformers/all-MiniLM-L6-v2,ebc1fbcf-217e-4416-aefb-b9ece4615d24
ART0110,ART0078,2,0.83415902,sentence-transformers/all-MiniLM-L6-v2,ebc1fbcf-217e-4416-aefb-b9ece4615d24
ART0110,ART0371,3,0.80808789,sentence-transformers/all-MiniLM-L6-v2,ebc1fbcf-217e-4416-aefb-b9ece4615d24
ART0111,ART0671,1,0.74917096,sentence-transformers/all-MiniLM-L6-v2,ebc1fbcf-217e-4416-aefb-b9ece4615d24
ART0111,ART0684,2,0.73814338,sentence-transformers/all-MiniLM-L6-v2,ebc1fbcf-217e-4416-aefb-b9ece4615d24
ART0111,ART0238,3,0.70762432,sentence-transformers/all-MiniLM-L6-v2,ebc1fbcf-217e-4416-aefb-b9ece4615d24
ART0112,ART0521,1,0.91069257,sentence-transformers/all-MiniLM-L6-v2,ebc1fbcf-217e-4416-aefb-b9ece4615d24
ART0112,ART0358,2,0.83565021,sentence-transformers/all-MiniLM-L6-v2,ebc1fbcf-217e-4416-aefb-b9ece4615d24
ART0112,ART0166,3,0.77497905,sentence-transformers/all-MiniLM-L6-v2,ebc1fbcf-217e-4416-aefb-b9ece4615d24
ART0113,ART0690,1,0.88597286,sentence-transformers/all-MiniLM-L6-v2,ebc1fbcf-217e-4416-aefb-b9ece4615d24
ART0113,ART0107,2,0.76955503,sentence-transformers/all-MiniLM-L6-v2,ebc1fbcf-217e-4416-aefb-b9ece4615d24
ART0113,ART0599,3,0.76955503,sentence-transformers/all-MiniLM-L6-v2,ebc1fbcf-217e-4416-aefb-b9ece4615d24
ART0114,ART0369,1,0.88664609,sentence-transformers/all-MiniLM-L6-v2,ebc1fbcf-217e-4416-aefb-b9ece4615d24
ART0114,ART0197,2,0.83090556,sentence-transformers/all-MiniLM-L6-v2,ebc1fbcf-217e-4416-aefb-b9ece4615d24
ART0114,ART0545,3,0.82836998,sentence-transformers/all-MiniLM-L6-v2,ebc1fbcf-217e-4416-aefb-b9ece4615d24
ART0115,ART0700,1,0.84330165,sentence-transformers/all-MiniLM-L6-v2,ebc1fbcf-217e-4416-aefb-b9ece4615d24
ART0115,ART0547,2,0.77463806,sentence-transformers/all-MiniLM-L6-v2,ebc1fbcf-217e-4416-aefb-b9ece4615d24
ART0115,ART0524,3,0.74900305,sentence-transformers/all-MiniLM-L6-v2,ebc1fbcf-217e-4416-aefb-b9ece4615d24
ART0116,ART0361,1,0.83254486,sentence-transformers/all-MiniLM-L6-v2,ebc1fbcf-217e-4416-aefb-b9ece4615d24
ART0116,ART0574,2,0.83254486,sentence-transformers/all-MiniLM-L6-v2,ebc1fbcf-217e-4416-aefb-b9ece4615d24
ART0116,ART0344,3,0.79169089,sentence-transformers/all-MiniLM-L6-v2,ebc1fbcf-217e-4416-aefb-b9ece4615d24
ART0117,ART0278,1,0.85538965,sentence-transformers/all-MiniLM-L6-v2,ebc1fbcf-217e-4416-aefb-b9ece4615d24
ART0117,ART0495,2,0.8389169,sentence-transformers/all-MiniLM-L6-v2,ebc1fbcf-217e-4416-aefb-b9ece4615d24
ART0117,ART0272,3,0.79981703,sentence-transformers/all-MiniLM-L6-v2,ebc1fbcf-217e-4416-aefb-b9ece4615d24
ART0118,ART0625,1,0.79063046,sentence-transformers/all-MiniLM-L6-v2,ebc1fbcf-217e-4416-aefb-b9ece4615d24
ART0118,ART0140,2,0.7522428,sentence-transformers/all-MiniLM-L6-v2,ebc1fbcf-217e-4416-aefb-b9ece4615d24
ART0118,ART0262,3,0.7209692,sentence-transformers/all-MiniLM-L6-v2,ebc1fbcf-217e-4416-aefb-b9ece4615d24
ART0119,ART0045,1,0.89559793,sentence-transformers/all-MiniLM-L6-v2,ebc1fbcf-217e-4416-aefb-b9ece4615d24
ART0119,ART0075,2,0.84229457,sentence-transformers/all-MiniLM-L6-v2,ebc1fbcf-217e-4416-aefb-b9ece4615d24
ART0119,ART0366,3,0.81820381,sentence-transformers/all-MiniLM-L6-v2,ebc1fbcf-217e-4416-aefb-b9ece4615d24
ART0120,ART0552,1,0.86105204,sentence-transformers/all-MiniLM-L6-v2,ebc1fbcf-217e-4416-aefb-b9ece4615d24
ART0120,ART0180,2,0.79109216,sentence-transformers/all-MiniLM-L6-v2,ebc1fbcf-217e-4416-aefb-b9ece4615d24
ART0120,ART0245,3,0.77232873,sentence-transformers/all-MiniLM-L6-v2,ebc1fbcf-217e-4416-aefb-b9ece4615d24
ART0121,ART0070,1,1.00000024,sentence-transformers/all-MiniLM-L6-v2,ebc1fbcf-217e-4416-aefb-b9ece4615d24
ART0121,ART0680,2,0.83724588,sentence-transformers/all-MiniLM-L6-v2,ebc1fbcf-217e-4416-aefb-b9ece4615d24
ART0121,ART0379,3,0.77264315,sentence-transformers/all-MiniLM-L6-v2,ebc1fbcf-217e-4416-aefb-b9ece4615d24
ART0122,ART0198,1,0.7356956,sentence-transformers/all-MiniLM-L6-v2,ebc1fbcf-217e-4416-aefb-b9ece4615d24
ART0122,ART0309,2,0.7356956,sentence-transformers/all-MiniLM-L6-v2,ebc1fbcf-217e-4416-aefb-b9ece4615d24
ART0122,ART0467,3,0.7356956,sentence-transformers/all-MiniLM-L6-v2,ebc1fbcf-217e-4416-aefb-b9ece4615d24
ART0123,ART0668,1,0.79982853,sentence-transformers/all-MiniLM-L6-v2,ebc1fbcf-217e-4416-aefb-b9ece4615d24
ART0123,ART0179,2,0.78166389,sentence-transformers/all-MiniLM-L6-v2,ebc1fbcf-217e-4416-aefb-b9ece4615d24
ART0123,ART0046,3,0.77713048,sentence-transformers/all-MiniLM-L6-v2,ebc1fbcf-217e-4416-aefb-b9ece4615d24
ART0124,ART0367,1,0.81965053,sentence-transformers/all-MiniLM-L6-v2,ebc1fbcf-217e-4416-aefb-b9ece4615d24
ART0124,ART0394,2,0.79132843,sentence-transformers/all-MiniLM-L6-v2,ebc1fbcf-217e-4416-aefb-b9ece4615d24
ART0124,ART0059,3,0.78746682,sentence-transformers/all-MiniLM-L6-v2,ebc1fbcf-217e-4416-aefb-b9ece4615d24
ART0125,ART0167,1,0.8330043,sentence-transformers/all-MiniLM-L6-v2,ebc1fbcf-217e-4416-aefb-b9ece4615d24
ART0125,ART0296,2,0.8223505,sentence-transformers/all-MiniLM-L6-v2,ebc1fbcf-217e-4416-aefb-b9ece4615d24
ART0125,ART0106,3,0.82034731,sentence-transformers/all-MiniLM-L6-v2,ebc1fbcf-217e-4416-aefb-b9ece4615d24
ART0126,ART0306,1,0.83318388,sentence-transformers/all-MiniLM-L6-v2,ebc1fbcf-217e-4416-aefb-b9ece4615d24
ART0126,ART0491,2,0.83318388,sentence-transformers/all-MiniLM-L6-v2,ebc1fbcf-217e-4416-aefb-b9ece4615d24
ART0126,ART0280,3,0.74548459,sentence-transformers/all-MiniLM-L6-v2,ebc1fbcf-217e-4416-aefb-b9ece4615d24
ART0127,ART0421,1,1.0,sentence-transformers/all-MiniLM-L6-v2,ebc1fbcf-217e-4416-aefb-b9ece4615d24
ART0127,ART0061,2,0.85981363,sentence-transformers/all-MiniLM-L6-v2,ebc1fbcf-217e-4416-aefb-b9ece4615d24
ART0127,ART0268,3,0.8353889,sentence-transformers/all-MiniLM-L6-v2,ebc1fbcf-217e-4416-aefb-b9ece4615d24
ART0128,ART0352,1,0.89878488,sentence-transformers/all-MiniLM-L6-v2,ebc1fbcf-217e-4416-aefb-b9ece4615d24
ART0128,ART0561,2,0.89375204,sentence-transformers/all-MiniLM-L6-v2,ebc1fbcf-217e-4416-aefb-b9ece4615d24
ART0128,ART0512,3,0.88395941,sentence-transformers/all-MiniLM-L6-v2,ebc1fbcf-217e-4416-aefb-b9ece4615d24
ART0129,ART0049,1,0.77091455,sentence-transformers/all-MiniLM-L6-v2,ebc1fbcf-217e-4416-aefb-b9ece4615d24
ART0129,ART0673,2,0.75329304,sentence-transformers/all-MiniLM-L6-v2,ebc1fbcf-217e-4416-aefb-b9ece4615d24
ART0129,ART0182,3,0.75287938,sentence-transformers/all-MiniLM-L6-v2,ebc1fbcf-217e-4416-aefb-b9ece4615d24
ART0130,ART0651,1,0.99999994,sentence-transformers/all-MiniLM-L6-v2,ebc1fbcf-217e-4416-aefb-b9ece4615d24
ART0130,ART0357,2,0.85831046,sentence-transformers/all-MiniLM-L6-v2,ebc1fbcf-217e-4416-aefb-b9ece4615d24
ART0130,ART0230,3,0.74279857,sentence-transformers/all-MiniLM-L6-v2,ebc1fbcf-217e-4416-aefb-b9ece4615d24
ART0131,ART0079,1,0.8477214,sentence-transformers/all-MiniLM-L6-v2,ebc1fbcf-217e-4416-aefb-b9ece4615d24
ART0131,ART0135,2,0.8477214,sentence-transformers/all-MiniLM-L6-v2,ebc1fbcf-217e-4416-aefb-b9ece4615d24
ART0131,ART0742,3,0.81981868,sentence-transformers/all-MiniLM-L6-v2,ebc1fbcf-217e-4416-aefb-b9ece4615d24
ART0132,ART0218,1,0.99999976,sentence-transformers/all-MiniLM-L6-v2,ebc1fbcf-217e-4416-aefb-b9ece4615d24
ART0132,ART0523,2,0.95677805,sentence-transformers/all-MiniLM-L6-v2,ebc1fbcf-217e-4416-aefb-b9ece4615d24
ART0132,ART0264,3,0.89507383,sentence-transformers/all-MiniLM-L6-v2,ebc1fbcf-217e-4416-aefb-b9ece4615d24
ART0133,ART0661,1,0.79565555,sentence-transformers/all-MiniLM-L6-v2,ebc1fbcf-217e-4416-aefb-b9ece4615d24
ART0133,ART0597,2,0.76520574,sentence-transformers/all-MiniLM-L6-v2,ebc1fbcf-217e-4416-aefb-b9ece4615d24
ART0133,ART0279,3,0.76504982,sentence-transformers/all-MiniLM-L6-v2,ebc1fbcf-217e-4416-aefb-b9ece4615d24
ART0134,ART0180,1,0.85845029,sentence-transformers/all-MiniLM-L6-v2,ebc1fbcf-217e-4416-aefb-b9ece4615d24
ART0134,ART0088,2,0.82858849,sentence-transformers/all-MiniLM-L6-v2,ebc1fbcf-217e-4416-aefb-b9ece4615d24
ART0134,ART0692,3,0.82397228,sentence-transformers/all-MiniLM-L6-v2,ebc1fbcf-217e-4416-aefb-b9ece4615d24
ART0135,ART0079,1,0.99999952,sentence-transformers/all-MiniLM-L6-v2,ebc1fbcf-217e-4416-aefb-b9ece4615d24
ART0135,ART0691,2,0.86361313,sentence-transformers/all-MiniLM-L6-v2,ebc1fbcf-217e-4416-aefb-b9ece4615d24
ART0135,ART0131,3,0.8477214,sentence-transformers/all-MiniLM-L6-v2,ebc1fbcf-217e-4416-aefb-b9ece4615d24
ART0136,ART0098,1,0.85781831,sentence-transformers/all-MiniLM-L6-v2,ebc1fbcf-217e-4416-aefb-b9ece4615d24
ART0136,ART0005,2,0.77669352,sentence-transformers/all-MiniLM-L6-v2,ebc1fbcf-217e-4416-aefb-b9ece4615d24
ART0136,ART0375,3,0.76846665,sentence-transformers/all-MiniLM-L6-v2,ebc1fbcf-217e-4416-aefb-b9ece4615d24
ART0137,ART0042,1,0.86062419,sentence-transformers/all-MiniLM-L6-v2,ebc1fbcf-217e-4416-aefb-b9ece4615d24
ART0137,ART0346,2,0.81863999,sentence-transformers/all-MiniLM-L6-v2,ebc1fbcf-217e-4416-aefb-b9ece4615d24
ART0137,ART0667,3,0.77736336,sentence-transformers/all-MiniLM-L6-v2,ebc1fbcf-217e-4416-aefb-b9ece4615d24
ART0138,ART0550,1,0.8483606,sentence-transformers/all-MiniLM-L6-v2,ebc1fbcf-217e-4416-aefb-b9ece4615d24
ART0138,ART0156,2,0.79947919,sentence-transformers/all-MiniLM-L6-v2,ebc1fbcf-217e-4416-aefb-b9ece4615d24
ART0138,ART0253,3,0.79947919,sentence-transformers/all-MiniLM-L6-v2,ebc1fbcf-217e-4416-aefb-b9ece4615d24
ART0139,ART0171,1,0.8449356,sentence-transformers/all-MiniLM-L6-v2,ebc1fbcf-217e-4416-aefb-b9ece4615d24
ART0139,ART0127,2,0.7928825,sentence-transformers/all-MiniLM-L6-v2,ebc1fbcf-217e-4416-aefb-b9ece4615d24
ART0139,ART0421,3,0.7928825,sentence-transformers/all-MiniLM-L6-v2,ebc1fbcf-217e-4416-aefb-b9ece4615d24
ART0140,ART0273,1,0.82286954,sentence-transformers/all-MiniLM-L6-v2,ebc1fbcf-217e-4416-aefb-b9ece4615d24
ART0140,ART0741,2,0.82286954,sentence-transformers/all-MiniLM-L6-v2,ebc1fbcf-217e-4416-aefb-b9ece4615d24
ART0140,ART0476,3,0.8197723,sentence-transformers/all-MiniLM-L6-v2,ebc1fbcf-217e-4416-aefb-b9ece4615d24
ART0141,ART0170,1,0.90819472,sentence-transformers/all-MiniLM-L6-v2,ebc1fbcf-217e-4416-aefb-b9ece4615d24
ART0141,ART0419,2,0.90560371,sentence-transformers/all-MiniLM-L6-v2,ebc1fbcf-217e-4416-aefb-b9ece4615d24
ART0141,ART0496,3,0.77719629,sentence-transformers/all-MiniLM-L6-v2,ebc1fbcf-217e-4416-aefb-b9ece4615d24
ART0142,ART0045,1,0.79822803,sentence-transformers/all-MiniLM-L6-v2,ebc1fbcf-217e-4416-aefb-b9ece4615d24
ART0142,ART0119,2,0.77889729,sentence-transformers/all-MiniLM-L6-v2,ebc1fbcf-217e-4416-aefb-b9ece4615d24
ART0142,ART0498,3,0.7784934,sentence-transformers/all-MiniLM-L6-v2,ebc1fbcf-217e-4416-aefb-b9ece4615d24
ART0143,ART0702,1,0.77452171,sentence-transformers/all-MiniLM-L6-v2,ebc1fbcf-217e-4416-aefb-b9ece4615d24
ART0143,ART0224,2,0.72190887,sentence-transformers/all-MiniLM-L6-v2,ebc1fbcf-217e-4416-aefb-b9ece4615d24
ART0143,ART0268,3,0.71845448,sentence-transformers/all-MiniLM-L6-v2,ebc1fbcf-217e-4416-aefb-b9ece4615d24
ART0144,ART0698,1,1.00000024,sentence-transformers/all-MiniLM-L6-v2,ebc1fbcf-217e-4416-aefb-b9ece4615d24
ART0144,ART0664,2,0.84324282,sentence-transformers/all-MiniLM-L6-v2,ebc1fbcf-217e-4416-aefb-b9ece4615d24
ART0144,ART0382,3,0.83637041,sentence-transformers/all-MiniLM-L6-v2,ebc1fbcf-217e-4416-aefb-b9ece4615d24
ART0145,ART0705,1,0.81882554,sentence-transformers/all-MiniLM-L6-v2,ebc1fbcf-217e-4416-aefb-b9ece4615d24
ART0145,ART0286,2,0.73533595,sentence-transformers/all-MiniLM-L6-v2,ebc1fbcf-217e-4416-aefb-b9ece4615d24
ART0145,ART0578,3,0.71197873,sentence-transformers/all-MiniLM-L6-v2,ebc1fbcf-217e-4416-aefb-b9ece4615d24
ART0146,ART0575,1,0.84182817,sentence-transformers/all-MiniLM-L6-v2,ebc1fbcf-217e-4416-aefb-b9ece4615d24
ART0146,ART0499,2,0.82654339,sentence-transformers/all-MiniLM-L6-v2,ebc1fbcf-217e-4416-aefb-b9ece4615d24
ART0146,ART0107,3,0.82136738,sentence-transformers/all-MiniLM-L6-v2,ebc1fbcf-217e-4416-aefb-b9ece4615d24
ART0147,ART0483,1,0.89969903,sentence-transformers/all-MiniLM-L6-v2,ebc1fbcf-217e-4416-aefb-b9ece4615d24
ART0147,ART0048,2,0.89636463,sentence-transformers/all-MiniLM-L6-v2,ebc1fbcf-217e-4416-aefb-b9ece4615d24
ART0147,ART0487,3,0.89636463,sentence-transformers/all-MiniLM-L6-v2,ebc1fbcf-217e-4416-aefb-b9ece4615d24
ART0148,ART0667,1,0.84715921,sentence-transformers/all-MiniLM-L6-v2,ebc1fbcf-217e-4416-aefb-b9ece4615d24
ART0148,ART0319,2,0.78591102,sentence-transformers/all-MiniLM-L6-v2,ebc1fbcf-217e-4416-aefb-b9ece4615d24
ART0148,ART0042,3,0.7754156,sentence-transformers/all-MiniLM-L6-v2,ebc1fbcf-217e-4416-aefb-b9ece4615d24
ART0149,ART0292,1,1.00000012,sentence-transformers/all-MiniLM-L6-v2,ebc1fbcf-217e-4416-aefb-b9ece4615d24
ART0149,ART0722,2,0.87503415,sentence-transformers/all-MiniLM-L6-v2,ebc1fbcf-217e-4416-aefb-b9ece4615d24
ART0149,ART0419,3,0.75874454,sentence-transformers/all-MiniLM-L6-v2,ebc1fbcf-217e-4416-aefb-b9ece4615d24
ART0150,ART0526,1,0.86474252,sentence-transformers/all-MiniLM-L6-v2,ebc1fbcf-217e-4416-aefb-b9ece4615d24
ART0150,ART0010,2,0.86054075,sentence-transformers/all-MiniLM-L6-v2,ebc1fbcf-217e-4416-aefb-b9ece4615d24
ART0150,ART0265,3,0.85724372,sentence-transformers/all-MiniLM-L6-v2,ebc1fbcf-217e-4416-aefb-b9ece4615d24
ART0151,ART0043,1,0.83604717,sentence-transformers/all-MiniLM-L6-v2,ebc1fbcf-217e-4416-aefb-b9ece4615d24
ART0151,ART0593,2,0.81138843,sentence-transformers/all-MiniLM-L6-v2,ebc1fbcf-217e-4416-aefb-b9ece4615d24
ART0151,ART0052,3,0.75630999,sentence-transformers/all-MiniLM-L6-v2,ebc1fbcf-217e-4416-aefb-b9ece4615d24
ART0152,ART0083,1,0.87020743,sentence-transformers/all-MiniLM-L6-v2,ebc1fbcf-217e-4416-aefb-b9ece4615d24
ART0152,ART0746,2,0.85172015,sentence-transformers/all-MiniLM-L6-v2,ebc1fbcf-217e-4416-aefb-b9ece4615d24
ART0152,ART0235,3,0.81650972,sentence-transformers/all-MiniLM-L6-v2,ebc1fbcf-217e-4416-aefb-b9ece4615d24
ART0153,ART0461,1,0.82419902,sentence-transformers/all-MiniLM-L6-v2,ebc1fbcf-217e-4416-aefb-b9ece4615d24
ART0153,ART0538,2,0.77499735,sentence-transformers/all-MiniLM-L6-v2,ebc1fbcf-217e-4416-aefb-b9ece4615d24
ART0153,ART0539,3,0.74500656,sentence-transformers/all-MiniLM-L6-v2,ebc1fbcf-217e-4416-aefb-b9ece4615d24
ART0154,ART0554,1,0.99999988,sentence-transformers/all-MiniLM-L6-v2,ebc1fbcf-217e-4416-aefb-b9ece4615d24
ART0154,ART0029,2,0.78019136,sentence-transformers/all-MiniLM-L6-v2,ebc1fbcf-217e-4416-aefb-b9ece4615d24
ART0154,ART0680,3,0.73090774,sentence-transformers/all-MiniLM-L6-v2,ebc1fbcf-217e-4416-aefb-b9ece4615d24
ART0155,ART0287,1,0.82396537,sentence-transformers/all-MiniLM-L6-v2,ebc1fbcf-217e-4416-aefb-b9ece4615d24
ART0155,ART0188,2,0.81525427,sentence-transformers/all-MiniLM-L6-v2,ebc1fbcf-217e-4416-aefb-b9ece4615d24
ART0155,ART0015,3,0.80421817,sentence-transformers/all-MiniLM-L6-v2,ebc1fbcf-217e-4416-aefb-b9ece4615d24
ART0156,ART0253,1,0.99999994,sentence-transformers/all-MiniLM-L6-v2,ebc1fbcf-217e-4416-aefb-b9ece4615d24
ART0156,ART0606,2,0.8543154,sentence-transformers/all-MiniLM-L6-v2,ebc1fbcf-217e-4416-aefb-b9ece4615d24
ART0156,ART0125,3,0.81996936,sentence-transformers/all-MiniLM-L6-v2,ebc1fbcf-217e-4416-aefb-b9ece4615d24
ART0157,ART0507,1,0.99999976,sentence-transformers/all-MiniLM-L6-v2,ebc1fbcf-217e-4416-aefb-b9ece4615d24
ART0157,ART0250,2,0.82331592,sentence-transformers/all-MiniLM-L6-v2,ebc1fbcf-217e-4416-aefb-b9ece4615d24
ART0157,ART0354,3,0.68100673,sentence-transformers/all-MiniLM-L6-v2,ebc1fbcf-217e-4416-aefb-b9ece4615d24
ART0158,ART0251,1,0.80556935,sentence-transformers/all-MiniLM-L6-v2,ebc1fbcf-217e-4416-aefb-b9ece4615d24
ART0158,ART0362,2,0.75856638,sentence-transformers/all-MiniLM-L6-v2,ebc1fbcf-217e-4416-aefb-b9ece4615d24
ART0158,ART0466,3,0.7409941,sentence-transformers/all-MiniLM-L6-v2,ebc1fbcf-217e-4416-aefb-b9ece4615d24
ART0159,ART0168,1,1.0000006,sentence-transformers/all-MiniLM-L6-v2,ebc1fbcf-217e-4416-aefb-b9ece4615d24
ART0159,ART0577,2,0.76736182,sentence-transformers/all-MiniLM-L6-v2,ebc1fbcf-217e-4416-aefb-b9ece4615d24
ART0159,ART0700,3,0.76161003,sentence-transformers/all-MiniLM-L6-v2,ebc1fbcf-217e-4416-aefb-b9ece4615d24
ART0160,ART0050,1,0.87597805,sentence-transformers/all-MiniLM-L6-v2,ebc1fbcf-217e-4416-aefb-b9ece4615d24
ART0160,ART0478,2,0.87597805,sentence-transformers/all-MiniLM-L6-v2,ebc1fbcf-217e-4416-aefb-b9ece4615d24
ART0160,ART0325,3,0.81040049,sentence-transformers/all-MiniLM-L6-v2,ebc1fbcf-217e-4416-aefb-b9ece4615d24
ART0161,ART0406,1,0.81089032,sentence-transformers/all-MiniLM-L6-v2,ebc1fbcf-217e-4416-aefb-b9ece4615d24
ART0161,ART0149,2,0.75764179,sentence-transformers/all-MiniLM-L6-v2,ebc1fbcf-217e-4416-aefb-b9ece4615d24
ART0161,ART0292,3,0.75764179,sentence-transformers/all-MiniLM-L6-v2,ebc1fbcf-217e-4416-aefb-b9ece4615d24
ART0162,ART0437,1,0.99999934,sentence-transformers/all-MiniLM-L6-v2,ebc1fbcf-217e-4416-aefb-b9ece4615d24
ART0162,ART0725,2,0.81088406,sentence-transformers/all-MiniLM-L6-v2,ebc1fbcf-217e-4416-aefb-b9ece4615d24
ART0162,ART0505,3,0.79938394,sentence-transformers/all-MiniLM-L6-v2,ebc1fbcf-217e-4416-aefb-b9ece4615d24
ART0163,ART0556,1,0.78551525,sentence-transformers/all-MiniLM-L6-v2,ebc1fbcf-217e-4416-aefb-b9ece4615d24
ART0163,ART0748,2,0.74568385,sentence-transformers/all-MiniLM-L6-v2,ebc1fbcf-217e-4416-aefb-b9ece4615d24
ART0163,ART0039,3,0.70043707,sentence-transformers/all-MiniLM-L6-v2,ebc1fbcf-217e-4416-aefb-b9ece4615d24
ART0164,ART0064,1,0.84440958,sentence-transformers/all-MiniLM-L6-v2,ebc1fbcf-217e-4416-aefb-b9ece4615d24
ART0164,ART0069,2,0.81157094,sentence-transformers/all-MiniLM-L6-v2,ebc1fbcf-217e-4416-aefb-b9ece4615d24
ART0164,ART0353,3,0.80880868,sentence-transformers/all-MiniLM-L6-v2,ebc1fbcf-217e-4416-aefb-b9ece4615d24
ART0165,ART0360,1,1.00000024,sentence-transformers/all-MiniLM-L6-v2,ebc1fbcf-217e-4416-aefb-b9ece4615d24
ART0165,ART0196,2,0.77258551,sentence-transformers/all-MiniLM-L6-v2,ebc1fbcf-217e-4416-aefb-b9ece4615d24
ART0165,ART0380,3,0.75714743,sentence-transformers/all-MiniLM-L6-v2,ebc1fbcf-217e-4416-aefb-b9ece4615d24
ART0166,ART0588,1,1.0,sentence-transformers/all-MiniLM-L6-v2,ebc1fbcf-217e-4416-aefb-b9ece4615d24
ART0166,ART0358,2,0.80201262,sentence-transformers/all-MiniLM-L6-v2,ebc1fbcf-217e-4416-aefb-b9ece4615d24
ART0166,ART0179,3,0.79882818,sentence-transformers/all-MiniLM-L6-v2,ebc1fbcf-217e-4416-aefb-b9ece4615d24
ART0167,ART0331,1,0.87262738,sentence-transformers/all-MiniLM-L6-v2,ebc1fbcf-217e-4416-aefb-b9ece4615d24
ART0167,ART0709,2,0.85616839,sentence-transformers/all-MiniLM-L6-v2,ebc1fbcf-217e-4416-aefb-b9ece4615d24
ART0167,ART0063,3,0.8527379,sentence-transformers/all-MiniLM-L6-v2,ebc1fbcf-217e-4416-aefb-b9ece4615d24
ART0168,ART0159,1,1.0000006,sentence-transformers/all-MiniLM-L6-v2,ebc1fbcf-217e-4416-aefb-b9ece4615d24
ART0168,ART0577,2,0.76736182,sentence-transformers/all-MiniLM-L6-v2,ebc1fbcf-217e-4416-aefb-b9ece4615d24
ART0168,ART0700,3,0.76161003,sentence-transformers/all-MiniLM-L6-v2,ebc1fbcf-217e-4416-aefb-b9ece4615d24
ART0169,ART0649,1,0.83173287,sentence-transformers/all-MiniLM-L6-v2,ebc1fbcf-217e-4416-aefb-b9ece4615d24
ART0169,ART0439,2,0.81524509,sentence-transformers/all-MiniLM-L6-v2,ebc1fbcf-217e-4416-aefb-b9ece4615d24
ART0169,ART0717,3,0.77894765,sentence-transformers/all-MiniLM-L6-v2,ebc1fbcf-217e-4416-aefb-b9ece4615d24
ART0170,ART0419,1,0.91131908,sentence-transformers/all-MiniLM-L6-v2,ebc1fbcf-217e-4416-aefb-b9ece4615d24
ART0170,ART0141,2,0.90819472,sentence-transformers/all-MiniLM-L6-v2,ebc1fbcf-217e-4416-aefb-b9ece4615d24
ART0170,ART0311,3,0.85148388,sentence-transformers/all-MiniLM-L6-v2,ebc1fbcf-217e-4416-aefb-b9ece4615d24
ART0171,ART0139,1,0.8449356,sentence-transformers/all-MiniLM-L6-v2,ebc1fbcf-217e-4416-aefb-b9ece4615d24
ART0171,ART0095,2,0.83550608,sentence-transformers/all-MiniLM-L6-v2,ebc1fbcf-217e-4416-aefb-b9ece4615d24
ART0171,ART0268,3,0.80944526,sentence-transformers/all-MiniLM-L6-v2,ebc1fbcf-217e-4416-aefb-b9ece4615d24
ART0172,ART0355,1,1.0,sentence-transformers/all-MiniLM-L6-v2,ebc1fbcf-217e-4416-aefb-b9ece4615d24
ART0172,ART0665,2,0.98951221,sentence-transformers/all-MiniLM-L6-v2,ebc1fbcf-217e-4416-aefb-b9ece4615d24
ART0172,ART0592,3,0.83334172,sentence-transformers/all-MiniLM-L6-v2,ebc1fbcf-217e-4416-aefb-b9ece4615d24
ART0173,ART0570,1,1.00000024,sentence-transformers/all-MiniLM-L6-v2,ebc1fbcf-217e-4416-aefb-b9ece4615d24
ART0173,ART0597,2,0.77360374,sentence-transformers/all-MiniLM-L6-v2,ebc1fbcf-217e-4416-aefb-b9ece4615d24
ART0173,ART0610,3,0.7279076,sentence-transformers/all-MiniLM-L6-v2,ebc1fbcf-217e-4416-aefb-b9ece4615d24
ART0174,ART0672,1,1.00000012,sentence-transformers/all-MiniLM-L6-v2,ebc1fbcf-217e-4416-aefb-b9ece4615d24
ART0174,ART0016,2,0.83296669,sentence-transformers/all-MiniLM-L6-v2,ebc1fbcf-217e-4416-aefb-b9ece4615d24
ART0174,ART0436,3,0.82415241,sentence-transformers/all-MiniLM-L6-v2,ebc1fbcf-217e-4416-aefb-b9ece4615d24
ART0175,ART0021,1,0.73804832,sentence-transformers/all-MiniLM-L6-v2,ebc1fbcf-217e-4416-aefb-b9ece4615d24
ART0175,ART0289,2,0.73202002,sentence-transformers/all-MiniLM-L6-v2,ebc1fbcf-217e-4416-aefb-b9ece4615d24
ART0175,ART0249,3,0.72978449,sentence-transformers/all-MiniLM-L6-v2,ebc1fbcf-217e-4416-aefb-b9ece4615d24
ART0176,ART0211,1,0.82805049,sentence-transformers/all-MiniLM-L6-v2,ebc1fbcf-217e-4416-aefb-b9ece4615d24
ART0176,ART0350,2,0.82805049,sentence-transformers/all-MiniLM-L6-v2,ebc1fbcf-217e-4416-aefb-b9ece4615d24
ART0176,ART0678,3,0.82805049,sentence-transformers/all-MiniLM-L6-v2,ebc1fbcf-217e-4416-aefb-b9ece4615d24
ART0177,ART0391,1,0.78424847,sentence-transformers/all-MiniLM-L6-v2,ebc1fbcf-217e-4416-aefb-b9ece4615d24
ART0177,ART0284,2,0.77811044,sentence-transformers/all-MiniLM-L6-v2,ebc1fbcf-217e-4416-aefb-b9ece4615d24
ART0177,ART0615,3,0.76778495,sentence-transformers/all-MiniLM-L6-v2,ebc1fbcf-217e-4416-aefb-b9ece4615d24
ART0178,ART0644,1,0.90458792,sentence-transformers/all-MiniLM-L6-v2,ebc1fbcf-217e-4416-aefb-b9ece4615d24
ART0178,ART0726,2,0.87975049,sentence-transformers/all-MiniLM-L6-v2,ebc1fbcf-217e-4416-aefb-b9ece4615d24
ART0178,ART0281,3,0.82788467,sentence-transformers/all-MiniLM-L6-v2,ebc1fbcf-217e-4416-aefb-b9ece4615d24
ART0179,ART0166,1,0.79882818,sentence-transformers/all-MiniLM-L6-v2,ebc1fbcf-217e-4416-aefb-b9ece4615d24
ART0179,ART0588,2,0.79882818,sentence-transformers/all-MiniLM-L6-v2,ebc1fbcf-217e-4416-aefb-b9ece4615d24
ART0179,ART0123,3,0.78166389,sentence-transformers/all-MiniLM-L6-v2,ebc1fbcf-217e-4416-aefb-b9ece4615d24
ART0180,ART0134,1,0.85845029,sentence-transformers/all-MiniLM-L6-v2,ebc1fbcf-217e-4416-aefb-b9ece4615d24
ART0180,ART0088,2,0.7940045,sentence-transformers/all-MiniLM-L6-v2,ebc1fbcf-217e-4416-aefb-b9ece4615d24
ART0180,ART0120,3,0.79109216,sentence-transformers/all-MiniLM-L6-v2,ebc1fbcf-217e-4416-aefb-b9ece4615d24
ART0181,ART0551,1,0.8303507,sentence-transformers/all-MiniLM-L6-v2,ebc1fbcf-217e-4416-aefb-b9ece4615d24
ART0181,ART0119,2,0.80939114,sentence-transformers/all-MiniLM-L6-v2,ebc1fbcf-217e-4416-aefb-b9ece4615d24
ART0181,ART0498,3,0.80275947,sentence-transformers/all-MiniLM-L6-v2,ebc1fbcf-217e-4416-aefb-b9ece4615d24
ART0182,ART0530,1,0.89712119,sentence-transformers/all-MiniLM-L6-v2,ebc1fbcf-217e-4416-aefb-b9ece4615d24
ART0182,ART0670,2,0.851533,sentence-transformers/all-MiniLM-L6-v2,ebc1fbcf-217e-4416-aefb-b9ece4615d24
ART0182,ART0247,3,0.82601458,sentence-transformers/all-MiniLM-L6-v2,ebc1fbcf-217e-4416-aefb-b9ece4615d24
ART0183,ART0548,1,0.82673925,sentence-transformers/all-MiniLM-L6-v2,ebc1fbcf-217e-4416-aefb-b9ece4615d24
ART0183,ART0028,2,0.80666238,sentence-transformers/all-MiniLM-L6-v2,ebc1fbcf-217e-4416-aefb-b9ece4615d24
ART0183,ART0546,3,0.77144182,sentence-transformers/all-MiniLM-L6-v2,ebc1fbcf-217e-4416-aefb-b9ece4615d24
ART0184,ART0336,1,0.86520594,sentence-transformers/all-MiniLM-L6-v2,ebc1fbcf-217e-4416-aefb-b9ece4615d24
ART0184,ART0726,2,0.85838407,sentence-transformers/all-MiniLM-L6-v2,ebc1fbcf-217e-4416-aefb-b9ece4615d24
ART0184,ART0067,3,0.81507075,sentence-transformers/all-MiniLM-L6-v2,ebc1fbcf-217e-4416-aefb-b9ece4615d24
ART0185,ART0538,1,0.89786166,sentence-transformers/all-MiniLM-L6-v2,ebc1fbcf-217e-4416-aefb-b9ece4615d24
ART0185,ART0383,2,0.85630745,sentence-transformers/all-MiniLM-L6-v2,ebc1fbcf-217e-4416-aefb-b9ece4615d24
ART0185,ART0409,3,0.7565549,sentence-transformers/all-MiniLM-L6-v2,ebc1fbcf-217e-4416-aefb-b9ece4615d24
ART0186,ART0395,1,0.89984387,sentence-transformers/all-MiniLM-L6-v2,ebc1fbcf-217e-4416-aefb-b9ece4615d24
ART0186,ART0326,2,0.89615983,sentence-transformers/all-MiniLM-L6-v2,ebc1fbcf-217e-4416-aefb-b9ece4615d24
ART0186,ART0132,3,0.84500647,sentence-transformers/all-MiniLM-L6-v2,ebc1fbcf-217e-4416-aefb-b9ece4615d24
ART0187,ART0475,1,0.92530608,sentence-transformers/all-MiniLM-L6-v2,ebc1fbcf-217e-4416-aefb-b9ece4615d24
ART0187,ART0658,2,0.89338356,sentence-transformers/all-MiniLM-L6-v2,ebc1fbcf-217e-4416-aefb-b9ece4615d24
ART0187,ART0232,3,0.80487716,sentence-transformers/all-MiniLM-L6-v2,ebc1fbcf-217e-4416-aefb-b9ece4615d24
ART0188,ART0339,1,0.84344745,sentence-transformers/all-MiniLM-L6-v2,ebc1fbcf-217e-4416-aefb-b9ece4615d24
ART0188,ART0424,2,0.82982218,sentence-transformers/all-MiniLM-L6-v2,ebc1fbcf-217e-4416-aefb-b9ece4615d24
ART0188,ART0155,3,0.81525427,sentence-transformers/all-MiniLM-L6-v2,ebc1fbcf-217e-4416-aefb-b9ece4615d24
ART0189,ART0728,1,0.83168608,sentence-transformers/all-MiniLM-L6-v2,ebc1fbcf-217e-4416-aefb-b9ece4615d24
ART0189,ART0267,2,0.80268049,sentence-transformers/all-MiniLM-L6-v2,ebc1fbcf-217e-4416-aefb-b9ece4615d24
ART0189,ART0078,3,0.78244489,sentence-transformers/all-MiniLM-L6-v2,ebc1fbcf-217e-4416-aefb-b9ece4615d24
ART0190,ART0650,1,0.82887512,sentence-transformers/all-MiniLM-L6-v2,ebc1fbcf-217e-4416-aefb-b9ece4615d24
ART0190,ART0458,2,0.78331244,sentence-transformers/all-MiniLM-L6-v2,ebc1fbcf-217e-4416-aefb-b9ece4615d24
ART0190,ART0065,3,0.78058398,sentence-transformers/all-MiniLM-L6-v2,ebc1fbcf-217e-4416-aefb-b9ece4615d24
ART0191,ART0673,1,0.85150677,sentence-transformers/all-MiniLM-L6-v2,ebc1fbcf-217e-4416-aefb-b9ece4615d24
ART0191,ART0228,2,0.80443031,sentence-transformers/all-MiniLM-L6-v2,ebc1fbcf-217e-4416-aefb-b9ece4615d24
ART0191,ART0530,3,0.78020746,sentence-transformers/all-MiniLM-L6-v2,ebc1fbcf-217e-4416-aefb-b9ece4615d24
ART0192,ART0230,1,0.86740166,sentence-transformers/all-MiniLM-L6-v2,ebc1fbcf-217e-4416-aefb-b9ece4615d24
ART0192,ART0204,2,0.83709711,sentence-transformers/all-MiniLM-L6-v2,ebc1fbcf-217e-4416-aefb-b9ece4615d24
ART0192,ART0243,3,0.83709711,sentence-transformers/all-MiniLM-L6-v2,ebc1fbcf-217e-4416-aefb-b9ece4615d24
ART0193,ART0743,1,0.99999994,sentence-transformers/all-MiniLM-L6-v2,ebc1fbcf-217e-4416-aefb-b9ece4615d24
ART0193,ART0207,2,0.84710896,sentence-transformers/all-MiniLM-L6-v2,ebc1fbcf-217e-4416-aefb-b9ece4615d24
ART0193,ART0422,3,0.84710896,sentence-transformers/all-MiniLM-L6-v2,ebc1fbcf-217e-4416-aefb-b9ece4615d24
ART0194,ART0540,1,0.84152448,sentence-transformers/all-MiniLM-L6-v2,ebc1fbcf-217e-4416-aefb-b9ece4615d24
ART0194,ART0389,2,0.79434359,sentence-transformers/all-MiniLM-L6-v2,ebc1fbcf-217e-4416-aefb-b9ece4615d24
ART0194,ART0405,3,0.79434359,sentence-transformers/all-MiniLM-L6-v2,ebc1fbcf-217e-4416-aefb-b9ece4615d24
ART0195,ART0473,1,0.91531312,sentence-transformers/all-MiniLM-L6-v2,ebc1fbcf-217e-4416-aefb-b9ece4615d24
ART0195,ART0303,2,0.89127952,sentence-transformers/all-MiniLM-L6-v2,ebc1fbcf-217e-4416-aefb-b9ece4615d24
ART0195,ART0623,3,0.8798359,sentence-transformers/all-MiniLM-L6-v2,ebc1fbcf-217e-4416-aefb-b9ece4615d24
ART0196,ART0380,1,0.79363602,sentence-transformers/all-MiniLM-L6-v2,ebc1fbcf-217e-4416-aefb-b9ece4615d24
ART0196,ART0165,2,0.77258551,sentence-transformers/all-MiniLM-L6-v2,ebc1fbcf-217e-4416-aefb-b9ece4615d24
ART0196,ART0360,3,0.77258551,sentence-transformers/all-MiniLM-L6-v2,ebc1fbcf-217e-4416-aefb-b9ece4615d24
ART0197,ART0465,1,0.85382593,sentence-transformers/all-MiniLM-L6-v2,ebc1fbcf-217e-4416-aefb-b9ece4615d24
ART0197,ART0114,2,0.83090556,sentence-transformers/all-MiniLM-L6-v2,ebc1fbcf-217e-4416-aefb-b9ece4615d24
ART0197,ART0545,3,0.82278645,sentence-transformers/all-MiniLM-L6-v2,ebc1fbcf-217e-4416-aefb-b9ece4615d24
ART0198,ART0309,1,0.99999923,sentence-transformers/all-MiniLM-L6-v2,ebc1fbcf-217e-4416-aefb-b9ece4615d24
ART0198,ART0467,2,0.99999923,sentence-transformers/all-MiniLM-L6-v2,ebc1fbcf-217e-4416-aefb-b9ece4615d24
ART0198,ART0602,3,0.80918986,sentence-transformers/all-MiniLM-L6-v2,ebc1fbcf-217e-4416-aefb-b9ece4615d24
ART0199,ART0262,1,0.87204087,sentence-transformers/all-MiniLM-L6-v2,ebc1fbcf-217e-4416-aefb-b9ece4615d24
ART0199,ART0277,2,0.79861045,sentence-transformers/all-MiniLM-L6-v2,ebc1fbcf-217e-4416-aefb-b9ece4615d24
ART0199,ART0284,3,0.74138111,sentence-transformers/all-MiniLM-L6-v2,ebc1fbcf-217e-4416-aefb-b9ece4615d24
ART0200,ART0344,1,0.64057308,sentence-transformers/all-MiniLM-L6-v2,ebc1fbcf-217e-4416-aefb-b9ece4615d24
ART0200,ART0320,2,0.60152435,sentence-transformers/all-MiniLM-L6-v2,ebc1fbcf-217e-4416-aefb-b9ece4615d24
ART0200,ART0242,3,0.57850182,sentence-transformers/all-MiniLM-L6-v2,ebc1fbcf-217e-4416-aefb-b9ece4615d24
ART0201,ART0290,1,0.90769506,sentence-transformers/all-MiniLM-L6-v2,ebc1fbcf-217e-4416-aefb-b9ece4615d24
ART0201,ART0397,2,0.90769506,sentence-transformers/all-MiniLM-L6-v2,ebc1fbcf-217e-4416-aefb-b9ece4615d24
ART0201,ART0091,3,0.89562631,sentence-transformers/all-MiniLM-L6-v2,ebc1fbcf-217e-4416-aefb-b9ece4615d24
ART0202,ART0053,1,1.00000024,sentence-transformers/all-MiniLM-L6-v2,ebc1fbcf-217e-4416-aefb-b9ece4615d24
ART0202,ART0302,2,0.87323183,sentence-transformers/all-MiniLM-L6-v2,ebc1fbcf-217e-4416-aefb-b9ece4615d24
ART0202,ART0351,3,0.87323183,sentence-transformers/all-MiniLM-L6-v2,ebc1fbcf-217e-4416-aefb-b9ece4615d24
ART0203,ART0568,1,0.99999988,sentence-transformers/all-MiniLM-L6-v2,ebc1fbcf-217e-4416-aefb-b9ece4615d24
ART0203,ART0695,2,0.8384276,sentence-transformers/all-MiniLM-L6-v2,ebc1fbcf-217e-4416-aefb-b9ece4615d24
ART0203,ART0340,3,0.82796264,sentence-transformers/all-MiniLM-L6-v2,ebc1fbcf-217e-4416-aefb-b9ece4615d24
ART0204,ART0243,1,1.0,sentence-transformers/all-MiniLM-L6-v2,ebc1fbcf-217e-4416-aefb-b9ece4615d24
ART0204,ART0296,2,0.86642307,sentence-transformers/all-MiniLM-L6-v2,ebc1fbcf-217e-4416-aefb-b9ece4615d24
ART0204,ART0726,3,0.84610164,sentence-transformers/all-MiniLM-L6-v2,ebc1fbcf-217e-4416-aefb-b9ece4615d24
ART0205,ART0528,1,0.87164557,sentence-transformers/all-MiniLM-L6-v2,ebc1fbcf-217e-4416-aefb-b9ece4615d24
ART0205,ART0541,2,0.83837754,sentence-transformers/all-MiniLM-L6-v2,ebc1fbcf-217e-4416-aefb-b9ece4615d24
ART0205,ART0333,3,0.80985814,sentence-transformers/all-MiniLM-L6-v2,ebc1fbcf-217e-4416-aefb-b9ece4615d24
ART0206,ART0171,1,0.78652143,sentence-transformers/all-MiniLM-L6-v2,ebc1fbcf-217e-4416-aefb-b9ece4615d24
ART0206,ART0095,2,0.77981222,sentence-transformers/all-MiniLM-L6-v2,ebc1fbcf-217e-4416-aefb-b9ece4615d24
ART0206,ART0139,3,0.74669468,sentence-transformers/all-MiniLM-L6-v2,ebc1fbcf-217e-4416-aefb-b9ece4615d24
ART0207,ART0422,1,1.00000048,sentence-transformers/all-MiniLM-L6-v2,ebc1fbcf-217e-4416-aefb-b9ece4615d24
ART0207,ART0193,2,0.84710896,sentence-transformers/all-MiniLM-L6-v2,ebc1fbcf-217e-4416-aefb-b9ece4615d24
ART0207,ART0743,3,0.84710896,sentence-transformers/all-MiniLM-L6-v2,ebc1fbcf-217e-4416-aefb-b9ece4615d24
ART0208,ART0094,1,0.70556891,sentence-transformers/all-MiniLM-L6-v2,ebc1fbcf-217e-4416-aefb-b9ece4615d24
ART0208,ART0035,2,0.65301716,sentence-transformers/all-MiniLM-L6-v2,ebc1fbcf-217e-4416-aefb-b9ece4615d24
ART0208,ART0250,3,0.65010911,sentence-transformers/all-MiniLM-L6-v2,ebc1fbcf-217e-4416-aefb-b9ece4615d24
ART0209,ART0598,1,0.7720896,sentence-transformers/all-MiniLM-L6-v2,ebc1fbcf-217e-4416-aefb-b9ece4615d24
ART0209,ART0729,2,0.76143521,sentence-transformers/all-MiniLM-L6-v2,ebc1fbcf-217e-4416-aefb-b9ece4615d24
ART0209,ART0584,3,0.7191394,sentence-transformers/all-MiniLM-L6-v2,ebc1fbcf-217e-4416-aefb-b9ece4615d24
ART0210,ART0597,1,0.82265294,sentence-transformers/all-MiniLM-L6-v2,ebc1fbcf-217e-4416-aefb-b9ece4615d24
ART0210,ART0547,2,0.81623894,sentence-transformers/all-MiniLM-L6-v2,ebc1fbcf-217e-4416-aefb-b9ece4615d24
ART0210,ART0440,3,0.74795783,sentence-transformers/all-MiniLM-L6-v2,ebc1fbcf-217e-4416-aefb-b9ece4615d24
ART0211,ART0350,1,0.99999988,sentence-transformers/all-MiniLM-L6-v2,ebc1fbcf-217e-4416-aefb-b9ece4615d24
ART0211,ART0678,2,0.99999988,sentence-transformers/all-MiniLM-L6-v2,ebc1fbcf-217e-4416-aefb-b9ece4615d24
ART0211,ART0376,3,0.90517044,sentence-transformers/all-MiniLM-L6-v2,ebc1fbcf-217e-4416-aefb-b9ece4615d24
ART0212,ART0078,1,0.90423769,sentence-transformers/all-MiniLM-L6-v2,ebc1fbcf-217e-4416-aefb-b9ece4615d24
ART0212,ART0371,2,0.8924185,sentence-transformers/all-MiniLM-L6-v2,ebc1fbcf-217e-4416-aefb-b9ece4615d24
ART0212,ART0728,3,0.89228868,sentence-transformers/all-MiniLM-L6-v2,ebc1fbcf-217e-4416-aefb-b9ece4615d24
ART0213,ART0305,1,0.80572796,sentence-transformers/all-MiniLM-L6-v2,ebc1fbcf-217e-4416-aefb-b9ece4615d24
ART0213,ART0171,2,0.78272587,sentence-transformers/all-MiniLM-L6-v2,ebc1fbcf-217e-4416-aefb-b9ece4615d24
ART0213,ART0562,3,0.78187096,sentence-transformers/all-MiniLM-L6-v2,ebc1fbcf-217e-4416-aefb-b9ece4615d24
ART0214,ART0036,1,0.99999952,sentence-transformers/all-MiniLM-L6-v2,ebc1fbcf-217e-4416-aefb-b9ece4615d24
ART0214,ART0066,2,0.8141163,sentence-transformers/all-MiniLM-L6-v2,ebc1fbcf-217e-4416-aefb-b9ece4615d24
ART0214,ART0411,3,0.80843794,sentence-transformers/all-MiniLM-L6-v2,ebc1fbcf-217e-4416-aefb-b9ece4615d24
ART0215,ART0463,1,0.8624143,sentence-transformers/all-MiniLM-L6-v2,ebc1fbcf-217e-4416-aefb-b9ece4615d24
ART0215,ART0420,2,0.82835966,sentence-transformers/all-MiniLM-L6-v2,ebc1fbcf-217e-4416-aefb-b9ece4615d24
ART0215,ART0555,3,0.82835966,sentence-transformers/all-MiniLM-L6-v2,ebc1fbcf-217e-4416-aefb-b9ece4615d24
ART0216,ART0607,1,0.99999994,sentence-transformers/all-MiniLM-L6-v2,ebc1fbcf-217e-4416-aefb-b9ece4615d24
ART0216,ART0470,2,0.73789746,sentence-transformers/all-MiniLM-L6-v2,ebc1fbcf-217e-4416-aefb-b9ece4615d24
ART0216,ART0015,3,0.71951258,sentence-transformers/all-MiniLM-L6-v2,ebc1fbcf-217e-4416-aefb-b9ece4615d24
ART0217,ART0051,1,0.82527012,sentence-transformers/all-MiniLM-L6-v2,ebc1fbcf-217e-4416-aefb-b9ece4615d24
ART0217,ART0370,2,0.82527012,sentence-transformers/all-MiniLM-L6-v2,ebc1fbcf-217e-4416-aefb-b9ece4615d24
ART0217,ART0055,3,0.81099707,sentence-transformers/all-MiniLM-L6-v2,ebc1fbcf-217e-4416-aefb-b9ece4615d24
ART0218,ART0132,1,0.99999976,sentence-transformers/all-MiniLM-L6-v2,ebc1fbcf-217e-4416-aefb-b9ece4615d24
ART0218,ART0523,2,0.95677805,sentence-transformers/all-MiniLM-L6-v2,ebc1fbcf-217e-4416-aefb-b9ece4615d24
ART0218,ART0264,3,0.89507383,sentence-transformers/all-MiniLM-L6-v2,ebc1fbcf-217e-4416-aefb-b9ece4615d24
ART0219,ART0072,1,0.99999988,sentence-transformers/all-MiniLM-L6-v2,ebc1fbcf-217e-4416-aefb-b9ece4615d24
ART0219,ART0001,2,0.85323644,sentence-transformers/all-MiniLM-L6-v2,ebc1fbcf-217e-4416-aefb-b9ece4615d24
ART0219,ART0359,3,0.78094721,sentence-transformers/all-MiniLM-L6-v2,ebc1fbcf-217e-4416-aefb-b9ece4615d24
ART0220,ART0618,1,0.81562352,sentence-transformers/all-MiniLM-L6-v2,ebc1fbcf-217e-4416-aefb-b9ece4615d24
ART0220,ART0302,2,0.77792501,sentence-transformers/all-MiniLM-L6-v2,ebc1fbcf-217e-4416-aefb-b9ece4615d24
ART0220,ART0351,3,0.77792501,sentence-transformers/all-MiniLM-L6-v2,ebc1fbcf-217e-4416-aefb-b9ece4615d24
ART0221,ART0622,1,1.00000036,sentence-transformers/all-MiniLM-L6-v2,ebc1fbcf-217e-4416-aefb-b9ece4615d24
ART0221,ART0608,2,0.87231761,sentence-transformers/all-MiniLM-L6-v2,ebc1fbcf-217e-4416-aefb-b9ece4615d24
ART0221,ART0086,3,0.85507071,sentence-transformers/all-MiniLM-L6-v2,ebc1fbcf-217e-4416-aefb-b9ece4615d24
ART0222,ART0713,1,0.69990951,sentence-transformers/all-MiniLM-L6-v2,ebc1fbcf-217e-4416-aefb-b9ece4615d24
ART0222,ART0432,2,0.69617969,sentence-transformers/all-MiniLM-L6-v2,ebc1fbcf-217e-4416-aefb-b9ece4615d24
ART0222,ART0471,3,0.69091111,sentence-transformers/all-MiniLM-L6-v2,ebc1fbcf-217e-4416-aefb-b9ece4615d24
ART0223,ART0552,1,0.84211916,sentence-transformers/all-MiniLM-L6-v2,ebc1fbcf-217e-4416-aefb-b9ece4615d24
ART0223,ART0088,2,0.8387289,sentence-transformers/all-MiniLM-L6-v2,ebc1fbcf-217e-4416-aefb-b9ece4615d24
ART0223,ART0604,3,0.82343918,sentence-transformers/all-MiniLM-L6-v2,ebc1fbcf-217e-4416-aefb-b9ece4615d24
ART0224,ART0061,1,0.80710429,sentence-transformers/all-MiniLM-L6-v2,ebc1fbcf-217e-4416-aefb-b9ece4615d24
ART0224,ART0702,2,0.77661413,sentence-transformers/all-MiniLM-L6-v2,ebc1fbcf-217e-4416-aefb-b9ece4615d24
ART0224,ART0328,3,0.73497963,sentence-transformers/all-MiniLM-L6-v2,ebc1fbcf-217e-4416-aefb-b9ece4615d24
ART0225,ART0455,1,0.83853298,sentence-transformers/all-MiniLM-L6-v2,ebc1fbcf-217e-4416-aefb-b9ece4615d24
ART0225,ART0043,2,0.78503442,sentence-transformers/all-MiniLM-L6-v2,ebc1fbcf-217e-4416-aefb-b9ece4615d24
ART0225,ART0749,3,0.78367066,sentence-transformers/all-MiniLM-L6-v2,ebc1fbcf-217e-4416-aefb-b9ece4615d24
ART0226,ART0476,1,0.81008917,sentence-transformers/all-MiniLM-L6-v2,ebc1fbcf-217e-4416-aefb-b9ece4615d24
ART0226,ART0347,2,0.77545613,sentence-transformers/all-MiniLM-L6-v2,ebc1fbcf-217e-4416-aefb-b9ece4615d24
ART0226,ART0086,3,0.75973946,sentence-transformers/all-MiniLM-L6-v2,ebc1fbcf-217e-4416-aefb-b9ece4615d24
ART0227,ART0386,1,0.85042244,sentence-transformers/all-MiniLM-L6-v2,ebc1fbcf-217e-4416-aefb-b9ece4615d24
ART0227,ART0492,2,0.83876437,sentence-transformers/all-MiniLM-L6-v2,ebc1fbcf-217e-4416-aefb-b9ece4615d24
ART0227,ART0224,3,0.72137922,sentence-transformers/all-MiniLM-L6-v2,ebc1fbcf-217e-4416-aefb-b9ece4615d24
ART0228,ART0191,1,0.80443031,sentence-transformers/all-MiniLM-L6-v2,ebc1fbcf-217e-4416-aefb-b9ece4615d24
ART0228,ART0060,2,0.77473515,sentence-transformers/all-MiniLM-L6-v2,ebc1fbcf-217e-4416-aefb-b9ece4615d24
ART0228,ART0673,3,0.76289469,sentence-transformers/all-MiniLM-L6-v2,ebc1fbcf-217e-4416-aefb-b9ece4615d24
ART0229,ART0368,1,0.83408546,sentence-transformers/all-MiniLM-L6-v2,ebc1fbcf-217e-4416-aefb-b9ece4615d24
ART0229,ART0281,2,0.82389838,sentence-transformers/all-MiniLM-L6-v2,ebc1fbcf-217e-4416-aefb-b9ece4615d24
ART0229,ART0067,3,0.82389158,sentence-transformers/all-MiniLM-L6-v2,ebc1fbcf-217e-4416-aefb-b9ece4615d24
ART0230,ART0192,1,0.86740166,sentence-transformers/all-MiniLM-L6-v2,ebc1fbcf-217e-4416-aefb-b9ece4615d24
ART0230,ART0204,2,0.83872312,sentence-transformers/all-MiniLM-L6-v2,ebc1fbcf-217e-4416-aefb-b9ece4615d24
ART0230,ART0243,3,0.83872312,sentence-transformers/all-MiniLM-L6-v2,ebc1fbcf-217e-4416-aefb-b9ece4615d24
ART0231,ART0656,1,0.82050389,sentence-transformers/all-MiniLM-L6-v2,ebc1fbcf-217e-4416-aefb-b9ece4615d24
ART0231,ART0316,2,0.79054499,sentence-transformers/all-MiniLM-L6-v2,ebc1fbcf-217e-4416-aefb-b9ece4615d24
ART0231,ART0711,3,0.76689583,sentence-transformers/all-MiniLM-L6-v2,ebc1fbcf-217e-4416-aefb-b9ece4615d24
ART0232,ART0692,1,0.94357669,sentence-transformers/all-MiniLM-L6-v2,ebc1fbcf-217e-4416-aefb-b9ece4615d24
ART0232,ART0252,2,0.86895066,sentence-transformers/all-MiniLM-L6-v2,ebc1fbcf-217e-4416-aefb-b9ece4615d24
ART0232,ART0369,3,0.86480802,sentence-transformers/all-MiniLM-L6-v2,ebc1fbcf-217e-4416-aefb-b9ece4615d24
ART0233,ART0660,1,0.84988201,sentence-transformers/all-MiniLM-L6-v2,ebc1fbcf-217e-4416-aefb-b9ece4615d24
ART0233,ART0058,2,0.76450717,sentence-transformers/all-MiniLM-L6-v2,ebc1fbcf-217e-4416-aefb-b9ece4615d24
ART0233,ART0618,3,0.7245245,sentence-transformers/all-MiniLM-L6-v2,ebc1fbcf-217e-4416-aefb-b9ece4615d24
ART0234,ART0054,1,0.81851405,sentence-transformers/all-MiniLM-L6-v2,ebc1fbcf-217e-4416-aefb-b9ece4615d24
ART0234,ART0365,2,0.73880976,sentence-transformers/all-MiniLM-L6-v2,ebc1fbcf-217e-4416-aefb-b9ece4615d24
ART0234,ART0707,3,0.67359573,sentence-transformers/all-MiniLM-L6-v2,ebc1fbcf-217e-4416-aefb-b9ece4615d24
ART0235,ART0152,1,0.81650972,sentence-transformers/all-MiniLM-L6-v2,ebc1fbcf-217e-4416-aefb-b9ece4615d24
ART0235,ART0083,2,0.77785438,sentence-transformers/all-MiniLM-L6-v2,ebc1fbcf-217e-4416-aefb-b9ece4615d24
ART0235,ART0500,3,0.77430987,sentence-transformers/all-MiniLM-L6-v2,ebc1fbcf-217e-4416-aefb-b9ece4615d24
ART0236,ART0583,1,0.83304977,sentence-transformers/all-MiniLM-L6-v2,ebc1fbcf-217e-4416-aefb-b9ece4615d24
ART0236,ART0700,2,0.76342261,sentence-transformers/all-MiniLM-L6-v2,ebc1fbcf-217e-4416-aefb-b9ece4615d24
ART0236,ART0605,3,0.73597211,sentence-transformers/all-MiniLM-L6-v2,ebc1fbcf-217e-4416-aefb-b9ece4615d24
ART0237,ART0686,1,0.99999988,sentence-transformers/all-MiniLM-L6-v2,ebc1fbcf-217e-4416-aefb-b9ece4615d24
ART0237,ART0391,2,0.81158131,sentence-transformers/all-MiniLM-L6-v2,ebc1fbcf-217e-4416-aefb-b9ece4615d24
ART0237,ART0715,3,0.80289173,sentence-transformers/all-MiniLM-L6-v2,ebc1fbcf-217e-4416-aefb-b9ece4615d24
ART0238,ART0449,1,0.76220232,sentence-transformers/all-MiniLM-L6-v2,ebc1fbcf-217e-4416-aefb-b9ece4615d24
ART0238,ART0701,2,0.74842554,sentence-transformers/all-MiniLM-L6-v2,ebc1fbcf-217e-4416-aefb-b9ece4615d24
ART0238,ART0484,3,0.74189413,sentence-transformers/all-MiniLM-L6-v2,ebc1fbcf-217e-4416-aefb-b9ece4615d24
ART0239,ART0255,1,0.91842788,sentence-transformers/all-MiniLM-L6-v2,ebc1fbcf-217e-4416-aefb-b9ece4615d24
ART0239,ART0537,2,0.78938884,sentence-transformers/all-MiniLM-L6-v2,ebc1fbcf-217e-4416-aefb-b9ece4615d24
ART0239,ART0141,3,0.7338863,sentence-transformers/all-MiniLM-L6-v2,ebc1fbcf-217e-4416-aefb-b9ece4615d24
ART0240,ART0675,1,0.81033981,sentence-transformers/all-MiniLM-L6-v2,ebc1fbcf-217e-4416-aefb-b9ece4615d24
ART0240,ART0739,2,0.74619782,sentence-transformers/all-MiniLM-L6-v2,ebc1fbcf-217e-4416-aefb-b9ece4615d24
ART0240,ART0215,3,0.67389113,sentence-transformers/all-MiniLM-L6-v2,ebc1fbcf-217e-4416-aefb-b9ece4615d24
ART0241,ART0483,1,0.91738766,sentence-transformers/all-MiniLM-L6-v2,ebc1fbcf-217e-4416-aefb-b9ece4615d24
ART0241,ART0048,2,0.89666027,sentence-transformers/all-MiniLM-L6-v2,ebc1fbcf-217e-4416-aefb-b9ece4615d24
ART0241,ART0487,3,0.89666027,sentence-transformers/all-MiniLM-L6-v2,ebc1fbcf-217e-4416-aefb-b9ece4615d24
ART0242,ART0237,1,0.75483364,sentence-transformers/all-MiniLM-L6-v2,ebc1fbcf-217e-4416-aefb-b9ece4615d24
ART0242,ART0686,2,0.75483364,sentence-transformers/all-MiniLM-L6-v2,ebc1fbcf-217e-4416-aefb-b9ece4615d24
ART0242,ART0615,3,0.72285765,sentence-transformers/all-MiniLM-L6-v2,ebc1fbcf-217e-4416-aefb-b9ece4615d24
ART0243,ART0204,1,1.0,sentence-transformers/all-MiniLM-L6-v2,ebc1fbcf-217e-4416-aefb-b9ece4615d24
ART0243,ART0296,2,0.86642307,sentence-transformers/all-MiniLM-L6-v2,ebc1fbcf-217e-4416-aefb-b9ece4615d24
ART0243,ART0726,3,0.84610164,sentence-transformers/all-MiniLM-L6-v2,ebc1fbcf-217e-4416-aefb-b9ece4615d24
ART0244,ART0344,1,0.83265328,sentence-transformers/all-MiniLM-L6-v2,ebc1fbcf-217e-4416-aefb-b9ece4615d24
ART0244,ART0361,2,0.78217179,sentence-transformers/all-MiniLM-L6-v2,ebc1fbcf-217e-4416-aefb-b9ece4615d24
ART0244,ART0574,3,0.78217179,sentence-transformers/all-MiniLM-L6-v2,ebc1fbcf-217e-4416-aefb-b9ece4615d24
ART0245,ART0400,1,0.8972131,sentence-transformers/all-MiniLM-L6-v2,ebc1fbcf-217e-4416-aefb-b9ece4615d24
ART0245,ART0442,2,0.8647176,sentence-transformers/all-MiniLM-L6-v2,ebc1fbcf-217e-4416-aefb-b9ece4615d24
ART0245,ART0087,3,0.79853839,sentence-transformers/all-MiniLM-L6-v2,ebc1fbcf-217e-4416-aefb-b9ece4615d24
ART0246,ART0401,1,0.79864085,sentence-transformers/all-MiniLM-L6-v2,ebc1fbcf-217e-4416-aefb-b9ece4615d24
ART0246,ART0117,2,0.76813984,sentence-transformers/all-MiniLM-L6-v2,ebc1fbcf-217e-4416-aefb-b9ece4615d24
ART0246,ART0513,3,0.76180667,sentence-transformers/all-MiniLM-L6-v2,ebc1fbcf-217e-4416-aefb-b9ece4615d24
ART0247,ART0503,1,0.88883907,sentence-transformers/all-MiniLM-L6-v2,ebc1fbcf-217e-4416-aefb-b9ece4615d24
ART0247,ART0530,2,0.82979059,sentence-transformers/all-MiniLM-L6-v2,ebc1fbcf-217e-4416-aefb-b9ece4615d24
ART0247,ART0182,3,0.82601458,sentence-transformers/all-MiniLM-L6-v2,ebc1fbcf-217e-4416-aefb-b9ece4615d24
ART0248,ART0192,1,0.80612671,sentence-transformers/all-MiniLM-L6-v2,ebc1fbcf-217e-4416-aefb-b9ece4615d24
ART0248,ART0230,2,0.80400133,sentence-transformers/all-MiniLM-L6-v2,ebc1fbcf-217e-4416-aefb-b9ece4615d24
ART0248,ART0584,3,0.77750343,sentence-transformers/all-MiniLM-L6-v2,ebc1fbcf-217e-4416-aefb-b9ece4615d24
ART0249,ART0026,1,0.75791907,sentence-transformers/all-MiniLM-L6-v2,ebc1fbcf-217e-4416-aefb-b9ece4615d24
ART0249,ART0175,2,0.72978449,sentence-transformers/all-MiniLM-L6-v2,ebc1fbcf-217e-4416-aefb-b9ece4615d24
ART0249,ART0177,3,0.71125805,sentence-transformers/all-MiniLM-L6-v2,ebc1fbcf-217e-4416-aefb-b9ece4615d24
ART0250,ART0157,1,0.82331592,sentence-transformers/all-MiniLM-L6-v2,ebc1fbcf-217e-4416-aefb-b9ece4615d24
ART0250,ART0507,2,0.82331592,sentence-transformers/all-MiniLM-L6-v2,ebc1fbcf-217e-4416-aefb-b9ece4615d24
ART0250,ART0035,3,0.74360251,sentence-transformers/all-MiniLM-L6-v2,ebc1fbcf-217e-4416-aefb-b9ece4615d24
ART0251,ART0158,1,0.80556935,sentence-transformers/all-MiniLM-L6-v2,ebc1fbcf-217e-4416-aefb-b9ece4615d24
ART0251,ART0443,2,0.79034621,sentence-transformers/all-MiniLM-L6-v2,ebc1fbcf-217e-4416-aefb-b9ece4615d24
ART0251,ART0665,3,0.75064868,sentence-transformers/all-MiniLM-L6-v2,ebc1fbcf-217e-4416-aefb-b9ece4615d24
ART0252,ART0692,1,0.90970367,sentence-transformers/all-MiniLM-L6-v2,ebc1fbcf-217e-4416-aefb-b9ece4615d24
ART0252,ART0724,2,0.86908031,sentence-transformers/all-MiniLM-L6-v2,ebc1fbcf-217e-4416-aefb-b9ece4615d24
ART0252,ART0232,3,0.86895066,sentence-transformers/all-MiniLM-L6-v2,ebc1fbcf-217e-4416-aefb-b9ece4615d24
ART0253,ART0156,1,0.99999994,sentence-transformers/all-MiniLM-L6-v2,ebc1fbcf-217e-4416-aefb-b9ece4615d24
ART0253,ART0606,2,0.8543154,sentence-transformers/all-MiniLM-L6-v2,ebc1fbcf-217e-4416-aefb-b9ece4615d24
ART0253,ART0125,3,0.81996936,sentence-transformers/all-MiniLM-L6-v2,ebc1fbcf-217e-4416-aefb-b9ece4615d24
ART0254,ART0641,1,0.77334285,sentence-transformers/all-MiniLM-L6-v2,ebc1fbcf-217e-4416-aefb-b9ece4615d24
ART0254,ART0578,2,0.76391786,sentence-transformers/all-MiniLM-L6-v2,ebc1fbcf-217e-4416-aefb-b9ece4615d24
ART0254,ART0502,3,0.73636955,sentence-transformers/all-MiniLM-L6-v2,ebc1fbcf-217e-4416-aefb-b9ece4615d24
ART0255,ART0239,1,0.91842788,sentence-transformers/all-MiniLM-L6-v2,ebc1fbcf-217e-4416-aefb-b9ece4615d24
ART0255,ART0722,2,0.79879057,sentence-transformers/all-MiniLM-L6-v2,ebc1fbcf-217e-4416-aefb-b9ece4615d24
ART0255,ART0387,3,0.78698456,sentence-transformers/all-MiniLM-L6-v2,ebc1fbcf-217e-4416-aefb-b9ece4615d24
ART0256,ART0164,1,0.77516985,sentence-transformers/all-MiniLM-L6-v2,ebc1fbcf-217e-4416-aefb-b9ece4615d24
ART0256,ART0311,2,0.73543441,sentence-transformers/all-MiniLM-L6-v2,ebc1fbcf-217e-4416-aefb-b9ece4615d24
ART0256,ART0261,3,0.73398888,sentence-transformers/all-MiniLM-L6-v2,ebc1fbcf-217e-4416-aefb-b9ece4615d24
ART0257,ART0618,1,0.84664232,sentence-transformers/all-MiniLM-L6-v2,ebc1fbcf-217e-4416-aefb-b9ece4615d24
ART0257,ART0220,2,0.7740714,sentence-transformers/all-MiniLM-L6-v2,ebc1fbcf-217e-4416-aefb-b9ece4615d24
ART0257,ART0344,3,0.76011628,sentence-transformers/all-MiniLM-L6-v2,ebc1fbcf-217e-4416-aefb-b9ece4615d24
ART0258,ART0418,1,0.75709391,sentence-transformers/all-MiniLM-L6-v2,ebc1fbcf-217e-4416-aefb-b9ece4615d24
ART0258,ART0159,2,0.72745365,sentence-transformers/all-MiniLM-L6-v2,ebc1fbcf-217e-4416-aefb-b9ece4615d24
ART0258,ART0168,3,0.72745365,sentence-transformers/all-MiniLM-L6-v2,ebc1fbcf-217e-4416-aefb-b9ece4615d24
ART0259,ART0542,1,0.83755201,sentence-transformers/all-MiniLM-L6-v2,ebc1fbcf-217e-4416-aefb-b9ece4615d24
ART0259,ART0529,2,0.81618649,sentence-transformers/all-MiniLM-L6-v2,ebc1fbcf-217e-4416-aefb-b9ece4615d24
ART0259,ART0301,3,0.80385053,sentence-transformers/all-MiniLM-L6-v2,ebc1fbcf-217e-4416-aefb-b9ece4615d24
ART0260,ART0474,1,0.87023109,sentence-transformers/all-MiniLM-L6-v2,ebc1fbcf-217e-4416-aefb-b9ece4615d24
ART0260,ART0580,2,0.87023109,sentence-transformers/all-MiniLM-L6-v2,ebc1fbcf-217e-4416-aefb-b9ece4615d24
ART0260,ART0012,3,0.83206022,sentence-transformers/all-MiniLM-L6-v2,ebc1fbcf-217e-4416-aefb-b9ece4615d24
ART0261,ART0330,1,0.77596402,sentence-transformers/all-MiniLM-L6-v2,ebc1fbcf-217e-4416-aefb-b9ece4615d24
ART0261,ART0454,2,0.74191093,sentence-transformers/all-MiniLM-L6-v2,ebc1fbcf-217e-4416-aefb-b9ece4615d24
ART0261,ART0452,3,0.73977959,sentence-transformers/all-MiniLM-L6-v2,ebc1fbcf-217e-4416-aefb-b9ece4615d24
ART0262,ART0199,1,0.87204087,sentence-transformers/all-MiniLM-L6-v2,ebc1fbcf-217e-4416-aefb-b9ece4615d24
ART0262,ART0277,2,0.76697373,sentence-transformers/all-MiniLM-L6-v2,ebc1fbcf-217e-4416-aefb-b9ece4615d24
ART0262,ART0177,3,0.73875654,sentence-transformers/all-MiniLM-L6-v2,ebc1fbcf-217e-4416-aefb-b9ece4615d24
ART0263,ART0312,1,0.77421367,sentence-transformers/all-MiniLM-L6-v2,ebc1fbcf-217e-4416-aefb-b9ece4615d24
ART0263,ART0343,2,0.75104046,sentence-transformers/all-MiniLM-L6-v2,ebc1fbcf-217e-4416-aefb-b9ece4615d24
ART0263,ART0022,3,0.72576523,sentence-transformers/all-MiniLM-L6-v2,ebc1fbcf-217e-4416-aefb-b9ece4615d24
ART0264,ART0674,1,1.00000048,sentence-transformers/all-MiniLM-L6-v2,ebc1fbcf-217e-4416-aefb-b9ece4615d24
ART0264,ART0132,2,0.89507383,sentence-transformers/all-MiniLM-L6-v2,ebc1fbcf-217e-4416-aefb-b9ece4615d24
ART0264,ART0218,3,0.89507383,sentence-transformers/all-MiniLM-L6-v2,ebc1fbcf-217e-4416-aefb-b9ece4615d24
ART0265,ART0585,1,0.94569969,sentence-transformers/all-MiniLM-L6-v2,ebc1fbcf-217e-4416-aefb-b9ece4615d24
ART0265,ART0526,2,0.94242609,sentence-transformers/all-MiniLM-L6-v2,ebc1fbcf-217e-4416-aefb-b9ece4615d24
ART0265,ART0732,3,0.93800104,sentence-transformers/all-MiniLM-L6-v2,ebc1fbcf-217e-4416-aefb-b9ece4615d24
ART0266,ART0449,1,0.79677528,sentence-transformers/all-MiniLM-L6-v2,ebc1fbcf-217e-4416-aefb-b9ece4615d24
ART0266,ART0308,2,0.76673359,sentence-transformers/all-MiniLM-L6-v2,ebc1fbcf-217e-4416-aefb-b9ece4615d24
ART0266,ART0392,3,0.76673359,sentence-transformers/all-MiniLM-L6-v2,ebc1fbcf-217e-4416-aefb-b9ece4615d24
ART0267,ART0299,1,0.84714133,sentence-transformers/all-MiniLM-L6-v2,ebc1fbcf-217e-4416-aefb-b9ece4615d24
ART0267,ART0337,2,0.80327684,sentence-transformers/all-MiniLM-L6-v2,ebc1fbcf-217e-4416-aefb-b9ece4615d24
ART0267,ART0189,3,0.80268049,sentence-transformers/all-MiniLM-L6-v2,ebc1fbcf-217e-4416-aefb-b9ece4615d24
ART0268,ART0127,1,0.8353889,sentence-transformers/all-MiniLM-L6-v2,ebc1fbcf-217e-4416-aefb-b9ece4615d24
ART0268,ART0421,2,0.8353889,sentence-transformers/all-MiniLM-L6-v2,ebc1fbcf-217e-4416-aefb-b9ece4615d24
ART0268,ART0730,3,0.81848055,sentence-transformers/all-MiniLM-L6-v2,ebc1fbcf-217e-4416-aefb-b9ece4615d24
ART0269,ART0455,1,0.79355586,sentence-transformers/all-MiniLM-L6-v2,ebc1fbcf-217e-4416-aefb-b9ece4615d24
ART0269,ART0497,2,0.78434718,sentence-transformers/all-MiniLM-L6-v2,ebc1fbcf-217e-4416-aefb-b9ece4615d24
ART0269,ART0657,3,0.78423297,sentence-transformers/all-MiniLM-L6-v2,ebc1fbcf-217e-4416-aefb-b9ece4615d24
ART0270,ART0556,1,0.82746875,sentence-transformers/all-MiniLM-L6-v2,ebc1fbcf-217e-4416-aefb-b9ece4615d24
ART0270,ART0384,2,0.77492243,sentence-transformers/all-MiniLM-L6-v2,ebc1fbcf-217e-4416-aefb-b9ece4615d24
ART0270,ART0150,3,0.7581405,sentence-transformers/all-MiniLM-L6-v2,ebc1fbcf-217e-4416-aefb-b9ece4615d24
ART0271,ART0279,1,0.70421737,sentence-transformers/all-MiniLM-L6-v2,ebc1fbcf-217e-4416-aefb-b9ece4615d24
ART0271,ART0431,2,0.70115155,sentence-transformers/all-MiniLM-L6-v2,ebc1fbcf-217e-4416-aefb-b9ece4615d24
ART0271,ART0661,3,0.69590205,sentence-transformers/all-MiniLM-L6-v2,ebc1fbcf-217e-4416-aefb-b9ece4615d24
ART0272,ART0495,1,0.83471924,sentence-transformers/all-MiniLM-L6-v2,ebc1fbcf-217e-4416-aefb-b9ece4615d24
ART0272,ART0117,2,0.79981703,sentence-transformers/all-MiniLM-L6-v2,ebc1fbcf-217e-4416-aefb-b9ece4615d24
ART0272,ART0278,3,0.79777867,sentence-transformers/all-MiniLM-L6-v2,ebc1fbcf-217e-4416-aefb-b9ece4615d24
ART0273,ART0741,1,1.00000012,sentence-transformers/all-MiniLM-L6-v2,ebc1fbcf-217e-4416-aefb-b9ece4615d24
ART0273,ART0414,2,0.90935361,sentence-transformers/all-MiniLM-L6-v2,ebc1fbcf-217e-4416-aefb-b9ece4615d24
ART0273,ART0331,3,0.88638479,sentence-transformers/all-MiniLM-L6-v2,ebc1fbcf-217e-4416-aefb-b9ece4615d24
ART0274,ART0393,1,0.92335755,sentence-transformers/all-MiniLM-L6-v2,ebc1fbcf-217e-4416-aefb-b9ece4615d24
ART0274,ART0587,2,0.87119645,sentence-transformers/all-MiniLM-L6-v2,ebc1fbcf-217e-4416-aefb-b9ece4615d24
ART0274,ART0628,3,0.80838668,sentence-transformers/all-MiniLM-L6-v2,ebc1fbcf-217e-4416-aefb-b9ece4615d24
ART0275,ART0109,1,1.00000036,sentence-transformers/all-MiniLM-L6-v2,ebc1fbcf-217e-4416-aefb-b9ece4615d24
ART0275,ART0494,2,1.00000036,sentence-transformers/all-MiniLM-L6-v2,ebc1fbcf-217e-4416-aefb-b9ece4615d24
ART0275,ART0310,3,0.81748557,sentence-transformers/all-MiniLM-L6-v2,ebc1fbcf-217e-4416-aefb-b9ece4615d24
ART0276,ART0024,1,0.7961731,sentence-transformers/all-MiniLM-L6-v2,ebc1fbcf-217e-4416-aefb-b9ece4615d24
ART0276,ART0676,2,0.77880508,sentence-transformers/all-MiniLM-L6-v2,ebc1fbcf-217e-4416-aefb-b9ece4615d24
ART0276,ART0062,3,0.77388531,sentence-transformers/all-MiniLM-L6-v2,ebc1fbcf-217e-4416-aefb-b9ece4615d24
ART0277,ART0059,1,0.80459356,sentence-transformers/all-MiniLM-L6-v2,ebc1fbcf-217e-4416-aefb-b9ece4615d24
ART0277,ART0199,2,0.79861045,sentence-transformers/all-MiniLM-L6-v2,ebc1fbcf-217e-4416-aefb-b9ece4615d24
ART0277,ART0172,3,0.76759857,sentence-transformers/all-MiniLM-L6-v2,ebc1fbcf-217e-4416-aefb-b9ece4615d24
ART0278,ART0117,1,0.85538965,sentence-transformers/all-MiniLM-L6-v2,ebc1fbcf-217e-4416-aefb-b9ece4615d24
ART0278,ART0495,2,0.83101672,sentence-transformers/all-MiniLM-L6-v2,ebc1fbcf-217e-4416-aefb-b9ece4615d24
ART0278,ART0272,3,0.79777867,sentence-transformers/all-MiniLM-L6-v2,ebc1fbcf-217e-4416-aefb-b9ece4615d24
ART0279,ART0661,1,0.83315301,sentence-transformers/all-MiniLM-L6-v2,ebc1fbcf-217e-4416-aefb-b9ece4615d24
ART0279,ART0133,2,0.76504982,sentence-transformers/all-MiniLM-L6-v2,ebc1fbcf-217e-4416-aefb-b9ece4615d24
ART0279,ART0489,3,0.75221848,sentence-transformers/all-MiniLM-L6-v2,ebc1fbcf-217e-4416-aefb-b9ece4615d24
ART0280,ART0687,1,0.83773494,sentence-transformers/all-MiniLM-L6-v2,ebc1fbcf-217e-4416-aefb-b9ece4615d24
ART0280,ART0109,2,0.78986973,sentence-transformers/all-MiniLM-L6-v2,ebc1fbcf-217e-4416-aefb-b9ece4615d24
ART0280,ART0275,3,0.78986973,sentence-transformers/all-MiniLM-L6-v2,ebc1fbcf-217e-4416-aefb-b9ece4615d24
ART0281,ART0644,1,0.88064265,sentence-transformers/all-MiniLM-L6-v2,ebc1fbcf-217e-4416-aefb-b9ece4615d24
ART0281,ART0726,2,0.83543855,sentence-transformers/all-MiniLM-L6-v2,ebc1fbcf-217e-4416-aefb-b9ece4615d24
ART0281,ART0178,3,0.82788467,sentence-transformers/all-MiniLM-L6-v2,ebc1fbcf-217e-4416-aefb-b9ece4615d24
ART0282,ART0447,1,0.84581238,sentence-transformers/all-MiniLM-L6-v2,ebc1fbcf-217e-4416-aefb-b9ece4615d24
ART0282,ART0682,2,0.81900048,sentence-transformers/all-MiniLM-L6-v2,ebc1fbcf-217e-4416-aefb-b9ece4615d24
ART0282,ART0614,3,0.81063151,sentence-transformers/all-MiniLM-L6-v2,ebc1fbcf-217e-4416-aefb-b9ece4615d24
ART0283,ART0557,1,0.87069315,sentence-transformers/all-MiniLM-L6-v2,ebc1fbcf-217e-4416-aefb-b9ece4615d24
ART0283,ART0390,2,0.8242113,sentence-transformers/all-MiniLM-L6-v2,ebc1fbcf-217e-4416-aefb-b9ece4615d24
ART0283,ART0744,3,0.8242113,sentence-transformers/all-MiniLM-L6-v2,ebc1fbcf-217e-4416-aefb-b9ece4615d24
ART0284,ART0525,1,0.7981258,sentence-transformers/all-MiniLM-L6-v2,ebc1fbcf-217e-4416-aefb-b9ece4615d24
ART0284,ART0177,2,0.77811044,sentence-transformers/all-MiniLM-L6-v2,ebc1fbcf-217e-4416-aefb-b9ece4615d24
ART0284,ART0199,3,0.74138111,sentence-transformers/all-MiniLM-L6-v2,ebc1fbcf-217e-4416-aefb-b9ece4615d24
ART0285,ART0448,1,0.86594164,sentence-transformers/all-MiniLM-L6-v2,ebc1fbcf-217e-4416-aefb-b9ece4615d24
ART0285,ART0195,2,0.82354701,sentence-transformers/all-MiniLM-L6-v2,ebc1fbcf-217e-4416-aefb-b9ece4615d24
ART0285,ART0086,3,0.8057403,sentence-transformers/all-MiniLM-L6-v2,ebc1fbcf-217e-4416-aefb-b9ece4615d24
ART0286,ART0013,1,0.83907306,sentence-transformers/all-MiniLM-L6-v2,ebc1fbcf-217e-4416-aefb-b9ece4615d24
ART0286,ART0445,2,0.83253688,sentence-transformers/all-MiniLM-L6-v2,ebc1fbcf-217e-4416-aefb-b9ece4615d24
ART0286,ART0145,3,0.73533595,sentence-transformers/all-MiniLM-L6-v2,ebc1fbcf-217e-4416-aefb-b9ece4615d24
ART0287,ART0155,1,0.82396537,sentence-transformers/all-MiniLM-L6-v2,ebc1fbcf-217e-4416-aefb-b9ece4615d24
ART0287,ART0015,2,0.73419923,sentence-transformers/all-MiniLM-L6-v2,ebc1fbcf-217e-4416-aefb-b9ece4615d24
ART0287,ART0346,3,0.72719234,sentence-transformers/all-MiniLM-L6-v2,ebc1fbcf-217e-4416-aefb-b9ece4615d24
ART0288,ART0410,1,0.91151214,sentence-transformers/all-MiniLM-L6-v2,ebc1fbcf-217e-4416-aefb-b9ece4615d24
ART0288,ART0134,2,0.80901843,sentence-transformers/all-MiniLM-L6-v2,ebc1fbcf-217e-4416-aefb-b9ece4615d24
ART0288,ART0393,3,0.79681629,sentence-transformers/all-MiniLM-L6-v2,ebc1fbcf-217e-4416-aefb-b9ece4615d24
ART0289,ART0705,1,0.76421094,sentence-transformers/all-MiniLM-L6-v2,ebc1fbcf-217e-4416-aefb-b9ece4615d24
ART0289,ART0175,2,0.73202002,sentence-transformers/all-MiniLM-L6-v2,ebc1fbcf-217e-4416-aefb-b9ece4615d24
ART0289,ART0640,3,0.71327716,sentence-transformers/all-MiniLM-L6-v2,ebc1fbcf-217e-4416-aefb-b9ece4615d24
ART0290,ART0397,1,0.99999988,sentence-transformers/all-MiniLM-L6-v2,ebc1fbcf-217e-4416-aefb-b9ece4615d24
ART0290,ART0201,2,0.90769506,sentence-transformers/all-MiniLM-L6-v2,ebc1fbcf-217e-4416-aefb-b9ece4615d24
ART0290,ART0091,3,0.8567543,sentence-transformers/all-MiniLM-L6-v2,ebc1fbcf-217e-4416-aefb-b9ece4615d24
ART0291,ART0716,1,0.90897423,sentence-transformers/all-MiniLM-L6-v2,ebc1fbcf-217e-4416-aefb-b9ece4615d24
ART0291,ART0603,2,0.84625942,sentence-transformers/all-MiniLM-L6-v2,ebc1fbcf-217e-4416-aefb-b9ece4615d24
ART0291,ART0190,3,0.77799147,sentence-transformers/all-MiniLM-L6-v2,ebc1fbcf-217e-4416-aefb-b9ece4615d24
ART0292,ART0149,1,1.00000012,sentence-transformers/all-MiniLM-L6-v2,ebc1fbcf-217e-4416-aefb-b9ece4615d24
ART0292,ART0722,2,0.87503415,sentence-transformers/all-MiniLM-L6-v2,ebc1fbcf-217e-4416-aefb-b9ece4615d24
ART0292,ART0419,3,0.75874454,sentence-transformers/all-MiniLM-L6-v2,ebc1fbcf-217e-4416-aefb-b9ece4615d24
ART0293,ART0018,1,0.8208369,sentence-transformers/all-MiniLM-L6-v2,ebc1fbcf-217e-4416-aefb-b9ece4615d24
ART0293,ART0296,2,0.81430501,sentence-transformers/all-MiniLM-L6-v2,ebc1fbcf-217e-4416-aefb-b9ece4615d24
ART0293,ART0347,3,0.8023048,sentence-transformers/all-MiniLM-L6-v2,ebc1fbcf-217e-4416-aefb-b9ece4615d24
ART0294,ART0712,1,0.82482183,sentence-transformers/all-MiniLM-L6-v2,ebc1fbcf-217e-4416-aefb-b9ece4615d24
ART0294,ART0563,2,0.77633494,sentence-transformers/all-MiniLM-L6-v2,ebc1fbcf-217e-4416-aefb-b9ece4615d24
ART0294,ART0465,3,0.74914992,sentence-transformers/all-MiniLM-L6-v2,ebc1fbcf-217e-4416-aefb-b9ece4615d24
ART0295,ART0124,1,0.7321282,sentence-transformers/all-MiniLM-L6-v2,ebc1fbcf-217e-4416-aefb-b9ece4615d24
ART0295,ART0735,2,0.729963,sentence-transformers/all-MiniLM-L6-v2,ebc1fbcf-217e-4416-aefb-b9ece4615d24
ART0295,ART0509,3,0.72584993,sentence-transformers/all-MiniLM-L6-v2,ebc1fbcf-217e-4416-aefb-b9ece4615d24
ART0296,ART0204,1,0.86642307,sentence-transformers/all-MiniLM-L6-v2,ebc1fbcf-217e-4416-aefb-b9ece4615d24
ART0296,ART0243,2,0.86642307,sentence-transformers/all-MiniLM-L6-v2,ebc1fbcf-217e-4416-aefb-b9ece4615d24
ART0296,ART0018,3,0.8380338,sentence-transformers/all-MiniLM-L6-v2,ebc1fbcf-217e-4416-aefb-b9ece4615d24
ART0297,ART0626,1,0.78372955,sentence-transformers/all-MiniLM-L6-v2,ebc1fbcf-217e-4416-aefb-b9ece4615d24
ART0297,ART0621,2,0.76171809,sentence-transformers/all-MiniLM-L6-v2,ebc1fbcf-217e-4416-aefb-b9ece4615d24
ART0297,ART0684,3,0.75442076,sentence-transformers/all-MiniLM-L6-v2,ebc1fbcf-217e-4416-aefb-b9ece4615d24
ART0298,ART0733,1,0.89091063,sentence-transformers/all-MiniLM-L6-v2,ebc1fbcf-217e-4416-aefb-b9ece4615d24
ART0298,ART0071,2,0.76590681,sentence-transformers/all-MiniLM-L6-v2,ebc1fbcf-217e-4416-aefb-b9ece4615d24
ART0298,ART0227,3,0.69843751,sentence-transformers/all-MiniLM-L6-v2,ebc1fbcf-217e-4416-aefb-b9ece4615d24
ART0299,ART0267,1,0.84714133,sentence-transformers/all-MiniLM-L6-v2,ebc1fbcf-217e-4416-aefb-b9ece4615d24
ART0299,ART0337,2,0.82876599,sentence-transformers/all-MiniLM-L6-v2,ebc1fbcf-217e-4416-aefb-b9ece4615d24
ART0299,ART0042,3,0.78721917,sentence-transformers/all-MiniLM-L6-v2,ebc1fbcf-217e-4416-aefb-b9ece4615d24
ART0300,ART0712,1,0.79398704,sentence-transformers/all-MiniLM-L6-v2,ebc1fbcf-217e-4416-aefb-b9ece4615d24
ART0300,ART0334,2,0.7506364,sentence-transformers/all-MiniLM-L6-v2,ebc1fbcf-217e-4416-aefb-b9ece4615d24
ART0300,ART0485,3,0.7506364,sentence-transformers/all-MiniLM-L6-v2,ebc1fbcf-217e-4416-aefb-b9ece4615d24
ART0301,ART0549,1,0.8455981,sentence-transformers/all-MiniLM-L6-v2,ebc1fbcf-217e-4416-aefb-b9ece4615d24
ART0301,ART0417,2,0.84083545,sentence-transformers/all-MiniLM-L6-v2,ebc1fbcf-217e-4416-aefb-b9ece4615d24
ART0301,ART0259,3,0.80385053,sentence-transformers/all-MiniLM-L6-v2,ebc1fbcf-217e-4416-aefb-b9ece4615d24
ART0302,ART0351,1,0.99999976,sentence-transformers/all-MiniLM-L6-v2,ebc1fbcf-217e-4416-aefb-b9ece4615d24
ART0302,ART0053,2,0.87323183,sentence-transformers/all-MiniLM-L6-v2,ebc1fbcf-217e-4416-aefb-b9ece4615d24
ART0302,ART0202,3,0.87323183,sentence-transformers/all-MiniLM-L6-v2,ebc1fbcf-217e-4416-aefb-b9ece4615d24
ART0303,ART0031,1,0.89245653,sentence-transformers/all-MiniLM-L6-v2,ebc1fbcf-217e-4416-aefb-b9ece4615d24
ART0303,ART0195,2,0.89127952,sentence-transformers/all-MiniLM-L6-v2,ebc1fbcf-217e-4416-aefb-b9ece4615d24
ART0303,ART0040,3,0.88260788,sentence-transformers/all-MiniLM-L6-v2,ebc1fbcf-217e-4416-aefb-b9ece4615d24
ART0304,ART0332,1,0.99999994,sentence-transformers/all-MiniLM-L6-v2,ebc1fbcf-217e-4416-aefb-b9ece4615d24
ART0304,ART0010,2,0.91688836,sentence-transformers/all-MiniLM-L6-v2,ebc1fbcf-217e-4416-aefb-b9ece4615d24
ART0304,ART0265,3,0.91519856,sentence-transformers/all-MiniLM-L6-v2,ebc1fbcf-217e-4416-aefb-b9ece4615d24
ART0305,ART0213,1,0.80572796,sentence-transformers/all-MiniLM-L6-v2,ebc1fbcf-217e-4416-aefb-b9ece4615d24
ART0305,ART0328,2,0.80048949,sentence-transformers/all-MiniLM-L6-v2,ebc1fbcf-217e-4416-aefb-b9ece4615d24
ART0305,ART0123,3,0.75639617,sentence-transformers/all-MiniLM-L6-v2,ebc1fbcf-217e-4416-aefb-b9ece4615d24
ART0306,ART0491,1,1.00000012,sentence-transformers/all-MiniLM-L6-v2,ebc1fbcf-217e-4416-aefb-b9ece4615d24
ART0306,ART0126,2,0.83318388,sentence-transformers/all-MiniLM-L6-v2,ebc1fbcf-217e-4416-aefb-b9ece4615d24
ART0306,ART0215,3,0.82043135,sentence-transformers/all-MiniLM-L6-v2,ebc1fbcf-217e-4416-aefb-b9ece4615d24
ART0307,ART0468,1,1.00000024,sentence-transformers/all-MiniLM-L6-v2,ebc1fbcf-217e-4416-aefb-b9ece4615d24
ART0307,ART0314,2,0.85201472,sentence-transformers/all-MiniLM-L6-v2,ebc1fbcf-217e-4416-aefb-b9ece4615d24
ART0307,ART0426,3,0.85201472,sentence-transformers/all-MiniLM-L6-v2,ebc1fbcf-217e-4416-aefb-b9ece4615d24
ART0308,ART0392,1,0.99999988,sentence-transformers/all-MiniLM-L6-v2,ebc1fbcf-217e-4416-aefb-b9ece4615d24
ART0308,ART0327,2,0.87194771,sentence-transformers/all-MiniLM-L6-v2,ebc1fbcf-217e-4416-aefb-b9ece4615d24
ART0308,ART0031,3,0.82994395,sentence-transformers/all-MiniLM-L6-v2,ebc1fbcf-217e-4416-aefb-b9ece4615d24
ART0309,ART0198,1,0.99999923,sentence-transformers/all-MiniLM-L6-v2,ebc1fbcf-217e-4416-aefb-b9ece4615d24
ART0309,ART0467,2,0.99999923,sentence-transformers/all-MiniLM-L6-v2,ebc1fbcf-217e-4416-aefb-b9ece4615d24
ART0309,ART0602,3,0.80918986,sentence-transformers/all-MiniLM-L6-v2,ebc1fbcf-217e-4416-aefb-b9ece4615d24
ART0310,ART0109,1,0.81748557,sentence-transformers/all-MiniLM-L6-v2,ebc1fbcf-217e-4416-aefb-b9ece4615d24
ART0310,ART0275,2,0.81748557,sentence-transformers/all-MiniLM-L6-v2,ebc1fbcf-217e-4416-aefb-b9ece4615d24
ART0310,ART0494,3,0.81748557,sentence-transformers/all-MiniLM-L6-v2,ebc1fbcf-217e-4416-aefb-b9ece4615d24
ART0311,ART0170,1,0.85148388,sentence-transformers/all-MiniLM-L6-v2,ebc1fbcf-217e-4416-aefb-b9ece4615d24
ART0311,ART0446,2,0.78121102,sentence-transformers/all-MiniLM-L6-v2,ebc1fbcf-217e-4416-aefb-b9ece4615d24
ART0311,ART0141,3,0.75160044,sentence-transformers/all-MiniLM-L6-v2,ebc1fbcf-217e-4416-aefb-b9ece4615d24
ART0312,ART0645,1,0.81289309,sentence-transformers/all-MiniLM-L6-v2,ebc1fbcf-217e-4416-aefb-b9ece4615d24
ART0312,ART0514,2,0.78762424,sentence-transformers/all-MiniLM-L6-v2,ebc1fbcf-217e-4416-aefb-b9ece4615d24
ART0312,ART0263,3,0.77421367,sentence-transformers/all-MiniLM-L6-v2,ebc1fbcf-217e-4416-aefb-b9ece4615d24
ART0313,ART0349,1,0.78750753,sentence-transformers/all-MiniLM-L6-v2,ebc1fbcf-217e-4416-aefb-b9ece4615d24
ART0313,ART0563,2,0.73755121,sentence-transformers/all-MiniLM-L6-v2,ebc1fbcf-217e-4416-aefb-b9ece4615d24
ART0313,ART0316,3,0.72630483,sentence-transformers/all-MiniLM-L6-v2,ebc1fbcf-217e-4416-aefb-b9ece4615d24
ART0314,ART0426,1,1.00000012,sentence-transformers/all-MiniLM-L6-v2,ebc1fbcf-217e-4416-aefb-b9ece4615d24
ART0314,ART0307,2,0.85201472,sentence-transformers/all-MiniLM-L6-v2,ebc1fbcf-217e-4416-aefb-b9ece4615d24
ART0314,ART0468,3,0.85201472,sentence-transformers/all-MiniLM-L6-v2,ebc1fbcf-217e-4416-aefb-b9ece4615d24
ART0315,ART0144,1,0.80992657,sentence-transformers/all-MiniLM-L6-v2,ebc1fbcf-217e-4416-aefb-b9ece4615d24
ART0315,ART0698,2,0.80992657,sentence-transformers/all-MiniLM-L6-v2,ebc1fbcf-217e-4416-aefb-b9ece4615d24
ART0315,ART0382,3,0.79708123,sentence-transformers/all-MiniLM-L6-v2,ebc1fbcf-217e-4416-aefb-b9ece4615d24
ART0316,ART0693,1,0.89393282,sentence-transformers/all-MiniLM-L6-v2,ebc1fbcf-217e-4416-aefb-b9ece4615d24
ART0316,ART0541,2,0.82859069,sentence-transformers/all-MiniLM-L6-v2,ebc1fbcf-217e-4416-aefb-b9ece4615d24
ART0316,ART0231,3,0.79054499,sentence-transformers/all-MiniLM-L6-v2,ebc1fbcf-217e-4416-aefb-b9ece4615d24
ART0317,ART0373,1,0.84913987,sentence-transformers/all-MiniLM-L6-v2,ebc1fbcf-217e-4416-aefb-b9ece4615d24
ART0317,ART0681,2,0.81420809,sentence-transformers/all-MiniLM-L6-v2,ebc1fbcf-217e-4416-aefb-b9ece4615d24
ART0317,ART0710,3,0.78792512,sentence-transformers/all-MiniLM-L6-v2,ebc1fbcf-217e-4416-aefb-b9ece4615d24
ART0318,ART0500,1,0.81736821,sentence-transformers/all-MiniLM-L6-v2,ebc1fbcf-217e-4416-aefb-b9ece4615d24
ART0318,ART0592,2,0.81434816,sentence-transformers/all-MiniLM-L6-v2,ebc1fbcf-217e-4416-aefb-b9ece4615d24
ART0318,ART0030,3,0.79226142,sentence-transformers/all-MiniLM-L6-v2,ebc1fbcf-217e-4416-aefb-b9ece4615d24
ART0319,ART0020,1,0.82139021,sentence-transformers/all-MiniLM-L6-v2,ebc1fbcf-217e-4416-aefb-b9ece4615d24
ART0319,ART0338,2,0.82139021,sentence-transformers/all-MiniLM-L6-v2,ebc1fbcf-217e-4416-aefb-b9ece4615d24
ART0319,ART0148,3,0.78591102,sentence-transformers/all-MiniLM-L6-v2,ebc1fbcf-217e-4416-aefb-b9ece4615d24
ART0320,ART0365,1,0.73797917,sentence-transformers/all-MiniLM-L6-v2,ebc1fbcf-217e-4416-aefb-b9ece4615d24
ART0320,ART0234,2,0.6687575,sentence-transformers/all-MiniLM-L6-v2,ebc1fbcf-217e-4416-aefb-b9ece4615d24
ART0320,ART0151,3,0.65779907,sentence-transformers/all-MiniLM-L6-v2,ebc1fbcf-217e-4416-aefb-b9ece4615d24
ART0321,ART0734,1,0.86548644,sentence-transformers/all-MiniLM-L6-v2,ebc1fbcf-217e-4416-aefb-b9ece4615d24
ART0321,ART0100,2,0.85068661,sentence-transformers/all-MiniLM-L6-v2,ebc1fbcf-217e-4416-aefb-b9ece4615d24
ART0321,ART0402,3,0.77239269,sentence-transformers/all-MiniLM-L6-v2,ebc1fbcf-217e-4416-aefb-b9ece4615d24
ART0322,ART0459,1,0.85159153,sentence-transformers/all-MiniLM-L6-v2,ebc1fbcf-217e-4416-aefb-b9ece4615d24
ART0322,ART0472,2,0.85159153,sentence-transformers/all-MiniLM-L6-v2,ebc1fbcf-217e-4416-aefb-b9ece4615d24
ART0322,ART0559,3,0.85159153,sentence-transformers/all-MiniLM-L6-v2,ebc1fbcf-217e-4416-aefb-b9ece4615d24
ART0323,ART0425,1,0.89882255,sentence-transformers/all-MiniLM-L6-v2,ebc1fbcf-217e-4416-aefb-b9ece4615d24
ART0323,ART0746,2,0.82085621,sentence-transformers/all-MiniLM-L6-v2,ebc1fbcf-217e-4416-aefb-b9ece4615d24
ART0323,ART0466,3,0.80467123,sentence-transformers/all-MiniLM-L6-v2,ebc1fbcf-217e-4416-aefb-b9ece4615d24
ART0324,ART0097,1,0.76564771,sentence-transformers/all-MiniLM-L6-v2,ebc1fbcf-217e-4416-aefb-b9ece4615d24
ART0324,ART0017,2,0.76532102,sentence-transformers/all-MiniLM-L6-v2,ebc1fbcf-217e-4416-aefb-b9ece4615d24
ART0324,ART0417,3,0.76379216,sentence-transformers/all-MiniLM-L6-v2,ebc1fbcf-217e-4416-aefb-b9ece4615d24
ART0325,ART0050,1,0.8594901,sentence-transformers/all-MiniLM-L6-v2,ebc1fbcf-217e-4416-aefb-b9ece4615d24
ART0325,ART0478,2,0.8594901,sentence-transformers/all-MiniLM-L6-v2,ebc1fbcf-217e-4416-aefb-b9ece4615d24
ART0325,ART0160,3,0.81040049,sentence-transformers/all-MiniLM-L6-v2,ebc1fbcf-217e-4416-aefb-b9ece4615d24
ART0326,ART0186,1,0.89615983,sentence-transformers/all-MiniLM-L6-v2,ebc1fbcf-217e-4416-aefb-b9ece4615d24
ART0326,ART0264,2,0.84943414,sentence-transformers/all-MiniLM-L6-v2,ebc1fbcf-217e-4416-aefb-b9ece4615d24
ART0326,ART0674,3,0.84943414,sentence-transformers/all-MiniLM-L6-v2,ebc1fbcf-217e-4416-aefb-b9ece4615d24
ART0327,ART0308,1,0.87194771,sentence-transformers/all-MiniLM-L6-v2,ebc1fbcf-217e-4416-aefb-b9ece4615d24
ART0327,ART0392,2,0.87194771,sentence-transformers/all-MiniLM-L6-v2,ebc1fbcf-217e-4416-aefb-b9ece4615d24
ART0327,ART0488,3,0.78891438,sentence-transformers/all-MiniLM-L6-v2,ebc1fbcf-217e-4416-aefb-b9ece4615d24
ART0328,ART0486,1,0.81648499,sentence-transformers/all-MiniLM-L6-v2,ebc1fbcf-217e-4416-aefb-b9ece4615d24
ART0328,ART0305,2,0.80048949,sentence-transformers/all-MiniLM-L6-v2,ebc1fbcf-217e-4416-aefb-b9ece4615d24
ART0328,ART0441,3,0.77970225,sentence-transformers/all-MiniLM-L6-v2,ebc1fbcf-217e-4416-aefb-b9ece4615d24
ART0329,ART0037,1,1.00000024,sentence-transformers/all-MiniLM-L6-v2,ebc1fbcf-217e-4416-aefb-b9ece4615d24
ART0329,ART0016,2,0.8455615,sentence-transformers/all-MiniLM-L6-v2,ebc1fbcf-217e-4416-aefb-b9ece4615d24
ART0329,ART0635,3,0.83127302,sentence-transformers/all-MiniLM-L6-v2,ebc1fbcf-217e-4416-aefb-b9ece4615d24
ART0330,ART0668,1,0.78347731,sentence-transformers/all-MiniLM-L6-v2,ebc1fbcf-217e-4416-aefb-b9ece4615d24
ART0330,ART0261,2,0.77596402,sentence-transformers/all-MiniLM-L6-v2,ebc1fbcf-217e-4416-aefb-b9ece4615d24
ART0330,ART0534,3,0.75617331,sentence-transformers/all-MiniLM-L6-v2,ebc1fbcf-217e-4416-aefb-b9ece4615d24
ART0331,ART0063,1,0.91707635,sentence-transformers/all-MiniLM-L6-v2,ebc1fbcf-217e-4416-aefb-b9ece4615d24
ART0331,ART0273,2,0.88638479,sentence-transformers/all-MiniLM-L6-v2,ebc1fbcf-217e-4416-aefb-b9ece4615d24
ART0331,ART0741,3,0.88638479,sentence-transformers/all-MiniLM-L6-v2,ebc1fbcf-217e-4416-aefb-b9ece4615d24
ART0332,ART0304,1,0.99999994,sentence-transformers/all-MiniLM-L6-v2,ebc1fbcf-217e-4416-aefb-b9ece4615d24
ART0332,ART0010,2,0.91688836,sentence-transformers/all-MiniLM-L6-v2,ebc1fbcf-217e-4416-aefb-b9ece4615d24
ART0332,ART0265,3,0.91519856,sentence-transformers/all-MiniLM-L6-v2,ebc1fbcf-217e-4416-aefb-b9ece4615d24
ART0333,ART0709,1,0.84061772,sentence-transformers/all-MiniLM-L6-v2,ebc1fbcf-217e-4416-aefb-b9ece4615d24
ART0333,ART0331,2,0.82643557,sentence-transformers/all-MiniLM-L6-v2,ebc1fbcf-217e-4416-aefb-b9ece4615d24
ART0333,ART0608,3,0.81410486,sentence-transformers/all-MiniLM-L6-v2,ebc1fbcf-217e-4416-aefb-b9ece4615d24
ART0334,ART0485,1,1.00000048,sentence-transformers/all-MiniLM-L6-v2,ebc1fbcf-217e-4416-aefb-b9ece4615d24
ART0334,ART0144,2,0.79033417,sentence-transformers/all-MiniLM-L6-v2,ebc1fbcf-217e-4416-aefb-b9ece4615d24
ART0334,ART0698,3,0.79033417,sentence-transformers/all-MiniLM-L6-v2,ebc1fbcf-217e-4416-aefb-b9ece4615d24
ART0335,ART0718,1,0.8132152,sentence-transformers/all-MiniLM-L6-v2,ebc1fbcf-217e-4416-aefb-b9ece4615d24
ART0335,ART0322,2,0.78527296,sentence-transformers/all-MiniLM-L6-v2,ebc1fbcf-217e-4416-aefb-b9ece4615d24
ART0335,ART0004,3,0.77947569,sentence-transformers/all-MiniLM-L6-v2,ebc1fbcf-217e-4416-aefb-b9ece4615d24
ART0336,ART0184,1,0.86520594,sentence-transformers/all-MiniLM-L6-v2,ebc1fbcf-217e-4416-aefb-b9ece4615d24
ART0336,ART0644,2,0.81834912,sentence-transformers/all-MiniLM-L6-v2,ebc1fbcf-217e-4416-aefb-b9ece4615d24
ART0336,ART0498,3,0.79804599,sentence-transformers/all-MiniLM-L6-v2,ebc1fbcf-217e-4416-aefb-b9ece4615d24
ART0337,ART0299,1,0.82876599,sentence-transformers/all-MiniLM-L6-v2,ebc1fbcf-217e-4416-aefb-b9ece4615d24
ART0337,ART0267,2,0.80327684,sentence-transformers/all-MiniLM-L6-v2,ebc1fbcf-217e-4416-aefb-b9ece4615d24
ART0337,ART0319,3,0.77269095,sentence-transformers/all-MiniLM-L6-v2,ebc1fbcf-217e-4416-aefb-b9ece4615d24
ART0338,ART0020,1,1.0,sentence-transformers/all-MiniLM-L6-v2,ebc1fbcf-217e-4416-aefb-b9ece4615d24
ART0338,ART0319,2,0.82139021,sentence-transformers/all-MiniLM-L6-v2,ebc1fbcf-217e-4416-aefb-b9ece4615d24
ART0338,ART0386,3,0.78221393,sentence-transformers/all-MiniLM-L6-v2,ebc1fbcf-217e-4416-aefb-b9ece4615d24
ART0339,ART0424,1,0.8721543,sentence-transformers/all-MiniLM-L6-v2,ebc1fbcf-217e-4416-aefb-b9ece4615d24
ART0339,ART0639,2,0.84980881,sentence-transformers/all-MiniLM-L6-v2,ebc1fbcf-217e-4416-aefb-b9ece4615d24
ART0339,ART0188,3,0.84344745,sentence-transformers/all-MiniLM-L6-v2,ebc1fbcf-217e-4416-aefb-b9ece4615d24
ART0340,ART0435,1,1.00000036,sentence-transformers/all-MiniLM-L6-v2,ebc1fbcf-217e-4416-aefb-b9ece4615d24
ART0340,ART0695,2,0.85439175,sentence-transformers/all-MiniLM-L6-v2,ebc1fbcf-217e-4416-aefb-b9ece4615d24
ART0340,ART0203,3,0.82796264,sentence-transformers/all-MiniLM-L6-v2,ebc1fbcf-217e-4416-aefb-b9ece4615d24
ART0341,ART0585,1,0.88673544,sentence-transformers/all-MiniLM-L6-v2,ebc1fbcf-217e-4416-aefb-b9ece4615d24
ART0341,ART0265,2,0.88114727,sentence-transformers/all-MiniLM-L6-v2,ebc1fbcf-217e-4416-aefb-b9ece4615d24
ART0341,ART0010,3,0.87976968,sentence-transformers/all-MiniLM-L6-v2,ebc1fbcf-217e-4416-aefb-b9ece4615d24
ART0342,ART0356,1,0.79401284,sentence-transformers/all-MiniLM-L6-v2,ebc1fbcf-217e-4416-aefb-b9ece4615d24
ART0342,ART0021,2,0.73105311,sentence-transformers/all-MiniLM-L6-v2,ebc1fbcf-217e-4416-aefb-b9ece4615d24
ART0342,ART0173,3,0.72035569,sentence-transformers/all-MiniLM-L6-v2,ebc1fbcf-217e-4416-aefb-b9ece4615d24
ART0343,ART0022,1,0.80348307,sentence-transformers/all-MiniLM-L6-v2,ebc1fbcf-217e-4416-aefb-b9ece4615d24
ART0343,ART0436,2,0.75524616,sentence-transformers/all-MiniLM-L6-v2,ebc1fbcf-217e-4416-aefb-b9ece4615d24
ART0343,ART0479,3,0.75524616,sentence-transformers/all-MiniLM-L6-v2,ebc1fbcf-217e-4416-aefb-b9ece4615d24
ART0344,ART0361,1,0.83485967,sentence-transformers/all-MiniLM-L6-v2,ebc1fbcf-217e-4416-aefb-b9ece4615d24
ART0344,ART0574,2,0.83485967,sentence-transformers/all-MiniLM-L6-v2,ebc1fbcf-217e-4416-aefb-b9ece4615d24
ART0344,ART0244,3,0.83265328,sentence-transformers/all-MiniLM-L6-v2,ebc1fbcf-217e-4416-aefb-b9ece4615d24
ART0345,ART0533,1,0.8876245,sentence-transformers/all-MiniLM-L6-v2,ebc1fbcf-217e-4416-aefb-b9ece4615d24
ART0345,ART0506,2,0.7955144,sentence-transformers/all-MiniLM-L6-v2,ebc1fbcf-217e-4416-aefb-b9ece4615d24
ART0345,ART0346,3,0.78505307,sentence-transformers/all-MiniLM-L6-v2,ebc1fbcf-217e-4416-aefb-b9ece4615d24
ART0346,ART0042,1,0.86506736,sentence-transformers/all-MiniLM-L6-v2,ebc1fbcf-217e-4416-aefb-b9ece4615d24
ART0346,ART0137,2,0.81863999,sentence-transformers/all-MiniLM-L6-v2,ebc1fbcf-217e-4416-aefb-b9ece4615d24
ART0346,ART0345,3,0.78505307,sentence-transformers/all-MiniLM-L6-v2,ebc1fbcf-217e-4416-aefb-b9ece4615d24
ART0347,ART0293,1,0.8023048,sentence-transformers/all-MiniLM-L6-v2,ebc1fbcf-217e-4416-aefb-b9ece4615d24
ART0347,ART0226,2,0.77545613,sentence-transformers/all-MiniLM-L6-v2,ebc1fbcf-217e-4416-aefb-b9ece4615d24
ART0347,ART0643,3,0.77113122,sentence-transformers/all-MiniLM-L6-v2,ebc1fbcf-217e-4416-aefb-b9ece4615d24
ART0348,ART0525,1,0.78808814,sentence-transformers/all-MiniLM-L6-v2,ebc1fbcf-217e-4416-aefb-b9ece4615d24
ART0348,ART0014,2,0.77367318,sentence-transformers/all-MiniLM-L6-v2,ebc1fbcf-217e-4416-aefb-b9ece4615d24
ART0348,ART0357,3,0.70463139,sentence-transformers/all-MiniLM-L6-v2,ebc1fbcf-217e-4416-aefb-b9ece4615d24
ART0349,ART0095,1,0.90347952,sentence-transformers/all-MiniLM-L6-v2,ebc1fbcf-217e-4416-aefb-b9ece4615d24
ART0349,ART0438,2,0.86239207,sentence-transformers/all-MiniLM-L6-v2,ebc1fbcf-217e-4416-aefb-b9ece4615d24
ART0349,ART0571,3,0.83958775,sentence-transformers/all-MiniLM-L6-v2,ebc1fbcf-217e-4416-aefb-b9ece4615d24
ART0350,ART0211,1,0.99999988,sentence-transformers/all-MiniLM-L6-v2,ebc1fbcf-217e-4416-aefb-b9ece4615d24
ART0350,ART0678,2,0.99999988,sentence-transformers/all-MiniLM-L6-v2,ebc1fbcf-217e-4416-aefb-b9ece4615d24
ART0350,ART0376,3,0.90517044,sentence-transformers/all-MiniLM-L6-v2,ebc1fbcf-217e-4416-aefb-b9ece4615d24
ART0351,ART0302,1,0.99999976,sentence-transformers/all-MiniLM-L6-v2,ebc1fbcf-217e-4416-aefb-b9ece4615d24
ART0351,ART0053,2,0.87323183,sentence-transformers/all-MiniLM-L6-v2,ebc1fbcf-217e-4416-aefb-b9ece4615d24
ART0351,ART0202,3,0.87323183,sentence-transformers/all-MiniLM-L6-v2,ebc1fbcf-217e-4416-aefb-b9ece4615d24
ART0352,ART0128,1,0.89878488,sentence-transformers/all-MiniLM-L6-v2,ebc1fbcf-217e-4416-aefb-b9ece4615d24
ART0352,ART0561,2,0.87564778,sentence-transformers/all-MiniLM-L6-v2,ebc1fbcf-217e-4416-aefb-b9ece4615d24
ART0352,ART0512,3,0.84344554,sentence-transformers/all-MiniLM-L6-v2,ebc1fbcf-217e-4416-aefb-b9ece4615d24
ART0353,ART0431,1,0.82428753,sentence-transformers/all-MiniLM-L6-v2,ebc1fbcf-217e-4416-aefb-b9ece4615d24
ART0353,ART0164,2,0.80880868,sentence-transformers/all-MiniLM-L6-v2,ebc1fbcf-217e-4416-aefb-b9ece4615d24
ART0353,ART0064,3,0.77858138,sentence-transformers/all-MiniLM-L6-v2,ebc1fbcf-217e-4416-aefb-b9ece4615d24
ART0354,ART0035,1,0.79675561,sentence-transformers/all-MiniLM-L6-v2,ebc1fbcf-217e-4416-aefb-b9ece4615d24
ART0354,ART0394,2,0.74368435,sentence-transformers/all-MiniLM-L6-v2,ebc1fbcf-217e-4416-aefb-b9ece4615d24
ART0354,ART0584,3,0.69828832,sentence-transformers/all-MiniLM-L6-v2,ebc1fbcf-217e-4416-aefb-b9ece4615d24
ART0355,ART0172,1,1.0,sentence-transformers/all-MiniLM-L6-v2,ebc1fbcf-217e-4416-aefb-b9ece4615d24
ART0355,ART0665,2,0.98951221,sentence-transformers/all-MiniLM-L6-v2,ebc1fbcf-217e-4416-aefb-b9ece4615d24
ART0355,ART0592,3,0.83334172,sentence-transformers/all-MiniLM-L6-v2,ebc1fbcf-217e-4416-aefb-b9ece4615d24
ART0356,ART0638,1,0.86046028,sentence-transformers/all-MiniLM-L6-v2,ebc1fbcf-217e-4416-aefb-b9ece4615d24
ART0356,ART0021,2,0.8216778,sentence-transformers/all-MiniLM-L6-v2,ebc1fbcf-217e-4416-aefb-b9ece4615d24
ART0356,ART0342,3,0.79401284,sentence-transformers/all-MiniLM-L6-v2,ebc1fbcf-217e-4416-aefb-b9ece4615d24
ART0357,ART0130,1,0.85831046,sentence-transformers/all-MiniLM-L6-v2,ebc1fbcf-217e-4416-aefb-b9ece4615d24
ART0357,ART0651,2,0.85831046,sentence-transformers/all-MiniLM-L6-v2,ebc1fbcf-217e-4416-aefb-b9ece4615d24
ART0357,ART0230,3,0.77231699,sentence-transformers/all-MiniLM-L6-v2,ebc1fbcf-217e-4416-aefb-b9ece4615d24
ART0358,ART0112,1,0.83565021,sentence-transformers/all-MiniLM-L6-v2,ebc1fbcf-217e-4416-aefb-b9ece4615d24
ART0358,ART0166,2,0.80201262,sentence-transformers/all-MiniLM-L6-v2,ebc1fbcf-217e-4416-aefb-b9ece4615d24
ART0358,ART0588,3,0.80201262,sentence-transformers/all-MiniLM-L6-v2,ebc1fbcf-217e-4416-aefb-b9ece4615d24
ART0359,ART0003,1,0.89003652,sentence-transformers/all-MiniLM-L6-v2,ebc1fbcf-217e-4416-aefb-b9ece4615d24
ART0359,ART0415,2,0.89003652,sentence-transformers/all-MiniLM-L6-v2,ebc1fbcf-217e-4416-aefb-b9ece4615d24
ART0359,ART0084,3,0.83510906,sentence-transformers/all-MiniLM-L6-v2,ebc1fbcf-217e-4416-aefb-b9ece4615d24
ART0360,ART0165,1,1.00000024,sentence-transformers/all-MiniLM-L6-v2,ebc1fbcf-217e-4416-aefb-b9ece4615d24
ART0360,ART0196,2,0.77258551,sentence-transformers/all-MiniLM-L6-v2,ebc1fbcf-217e-4416-aefb-b9ece4615d24
ART0360,ART0380,3,0.75714743,sentence-transformers/all-MiniLM-L6-v2,ebc1fbcf-217e-4416-aefb-b9ece4615d24
ART0361,ART0574,1,1.0,sentence-transformers/all-MiniLM-L6-v2,ebc1fbcf-217e-4416-aefb-b9ece4615d24
ART0361,ART0344,2,0.83485967,sentence-transformers/all-MiniLM-L6-v2,ebc1fbcf-217e-4416-aefb-b9ece4615d24
ART0361,ART0116,3,0.83254486,sentence-transformers/all-MiniLM-L6-v2,ebc1fbcf-217e-4416-aefb-b9ece4615d24
ART0362,ART0466,1,0.89144593,sentence-transformers/all-MiniLM-L6-v2,ebc1fbcf-217e-4416-aefb-b9ece4615d24
ART0362,ART0720,2,0.7590633,sentence-transformers/all-MiniLM-L6-v2,ebc1fbcf-217e-4416-aefb-b9ece4615d24
ART0362,ART0586,3,0.75900114,sentence-transformers/all-MiniLM-L6-v2,ebc1fbcf-217e-4416-aefb-b9ece4615d24
ART0363,ART0040,1,0.86761242,sentence-transformers/all-MiniLM-L6-v2,ebc1fbcf-217e-4416-aefb-b9ece4615d24
ART0363,ART0519,2,0.86138481,sentence-transformers/all-MiniLM-L6-v2,ebc1fbcf-217e-4416-aefb-b9ece4615d24
ART0363,ART0677,3,0.83249319,sentence-transformers/all-MiniLM-L6-v2,ebc1fbcf-217e-4416-aefb-b9ece4615d24
ART0364,ART0465,1,0.88065124,sentence-transformers/all-MiniLM-L6-v2,ebc1fbcf-217e-4416-aefb-b9ece4615d24
ART0364,ART0604,2,0.84603417,sentence-transformers/all-MiniLM-L6-v2,ebc1fbcf-217e-4416-aefb-b9ece4615d24
ART0364,ART0088,3,0.84155971,sentence-transformers/all-MiniLM-L6-v2,ebc1fbcf-217e-4416-aefb-b9ece4615d24
ART0365,ART0234,1,0.73880976,sentence-transformers/all-MiniLM-L6-v2,ebc1fbcf-217e-4416-aefb-b9ece4615d24
ART0365,ART0320,2,0.73797917,sentence-transformers/all-MiniLM-L6-v2,ebc1fbcf-217e-4416-aefb-b9ece4615d24
ART0365,ART0013,3,0.66861111,sentence-transformers/all-MiniLM-L6-v2,ebc1fbcf-217e-4416-aefb-b9ece4615d24
ART0366,ART0038,1,0.86906338,sentence-transformers/all-MiniLM-L6-v2,ebc1fbcf-217e-4416-aefb-b9ece4615d24
ART0366,ART0377,2,0.84526283,sentence-transformers/all-MiniLM-L6-v2,ebc1fbcf-217e-4416-aefb-b9ece4615d24
ART0366,ART0119,3,0.81820381,sentence-transformers/all-MiniLM-L6-v2,ebc1fbcf-217e-4416-aefb-b9ece4615d24
ART0367,ART0059,1,0.88996959,sentence-transformers/all-MiniLM-L6-v2,ebc1fbcf-217e-4416-aefb-b9ece4615d24
ART0367,ART0071,2,0.82295907,sentence-transformers/all-MiniLM-L6-v2,ebc1fbcf-217e-4416-aefb-b9ece4615d24
ART0367,ART0124,3,0.81965053,sentence-transformers/all-MiniLM-L6-v2,ebc1fbcf-217e-4416-aefb-b9ece4615d24
ART0368,ART0067,1,0.86012983,sentence-transformers/all-MiniLM-L6-v2,ebc1fbcf-217e-4416-aefb-b9ece4615d24
ART0368,ART0084,2,0.84094614,sentence-transformers/all-MiniLM-L6-v2,ebc1fbcf-217e-4416-aefb-b9ece4615d24
ART0368,ART0229,3,0.83408546,sentence-transformers/all-MiniLM-L6-v2,ebc1fbcf-217e-4416-aefb-b9ece4615d24
ART0369,ART0114,1,0.88664609,sentence-transformers/all-MiniLM-L6-v2,ebc1fbcf-217e-4416-aefb-b9ece4615d24
ART0369,ART0388,2,0.87435275,sentence-transformers/all-MiniLM-L6-v2,ebc1fbcf-217e-4416-aefb-b9ece4615d24
ART0369,ART0232,3,0.86480802,sentence-transformers/all-MiniLM-L6-v2,ebc1fbcf-217e-4416-aefb-b9ece4615d24
ART0370,ART0051,1,1.00000012,sentence-transformers/all-MiniLM-L6-v2,ebc1fbcf-217e-4416-aefb-b9ece4615d24
ART0370,ART0217,2,0.82527012,sentence-transformers/all-MiniLM-L6-v2,ebc1fbcf-217e-4416-aefb-b9ece4615d24
ART0370,ART0092,3,0.79458147,sentence-transformers/all-MiniLM-L6-v2,ebc1fbcf-217e-4416-aefb-b9ece4615d24
ART0371,ART0728,1,0.92853367,sentence-transformers/all-MiniLM-L6-v2,ebc1fbcf-217e-4416-aefb-b9ece4615d24
ART0371,ART0078,2,0.91456729,sentence-transformers/all-MiniLM-L6-v2,ebc1fbcf-217e-4416-aefb-b9ece4615d24
ART0371,ART0212,3,0.8924185,sentence-transformers/all-MiniLM-L6-v2,ebc1fbcf-217e-4416-aefb-b9ece4615d24
ART0372,ART0049,1,0.90402722,sentence-transformers/all-MiniLM-L6-v2,ebc1fbcf-217e-4416-aefb-b9ece4615d24
ART0372,ART0302,2,0.74859834,sentence-transformers/all-MiniLM-L6-v2,ebc1fbcf-217e-4416-aefb-b9ece4615d24
ART0372,ART0351,3,0.74859834,sentence-transformers/all-MiniLM-L6-v2,ebc1fbcf-217e-4416-aefb-b9ece4615d24
ART0373,ART0681,1,0.85614145,sentence-transformers/all-MiniLM-L6-v2,ebc1fbcf-217e-4416-aefb-b9ece4615d24
ART0373,ART0317,2,0.84913987,sentence-transformers/all-MiniLM-L6-v2,ebc1fbcf-217e-4416-aefb-b9ece4615d24
ART0373,ART0282,3,0.80311316,sentence-transformers/all-MiniLM-L6-v2,ebc1fbcf-217e-4416-aefb-b9ece4615d24
ART0374,ART0483,1,0.88590062,sentence-transformers/all-MiniLM-L6-v2,ebc1fbcf-217e-4416-aefb-b9ece4615d24
ART0374,ART0147,2,0.87702191,sentence-transformers/all-MiniLM-L6-v2,ebc1fbcf-217e-4416-aefb-b9ece4615d24
ART0374,ART0048,3,0.86686933,sentence-transformers/all-MiniLM-L6-v2,ebc1fbcf-217e-4416-aefb-b9ece4615d24
ART0375,ART0136,1,0.76846665,sentence-transformers/all-MiniLM-L6-v2,ebc1fbcf-217e-4416-aefb-b9ece4615d24
ART0375,ART0564,2,0.76261246,sentence-transformers/all-MiniLM-L6-v2,ebc1fbcf-217e-4416-aefb-b9ece4615d24
ART0375,ART0723,3,0.7342121,sentence-transformers/all-MiniLM-L6-v2,ebc1fbcf-217e-4416-aefb-b9ece4615d24
ART0376,ART0211,1,0.90517044,sentence-transformers/all-MiniLM-L6-v2,ebc1fbcf-217e-4416-aefb-b9ece4615d24
ART0376,ART0350,2,0.90517044,sentence-transformers/all-MiniLM-L6-v2,ebc1fbcf-217e-4416-aefb-b9ece4615d24
ART0376,ART0678,3,0.90517044,sentence-transformers/all-MiniLM-L6-v2,ebc1fbcf-217e-4416-aefb-b9ece4615d24
ART0377,ART0366,1,0.84526283,sentence-transformers/all-MiniLM-L6-v2,ebc1fbcf-217e-4416-aefb-b9ece4615d24
ART0377,ART0038,2,0.83983845,sentence-transformers/all-MiniLM-L6-v2,ebc1fbcf-217e-4416-aefb-b9ece4615d24
ART0377,ART0610,3,0.8081665,sentence-transformers/all-MiniLM-L6-v2,ebc1fbcf-217e-4416-aefb-b9ece4615d24
ART0378,ART0082,1,0.83893389,sentence-transformers/all-MiniLM-L6-v2,ebc1fbcf-217e-4416-aefb-b9ece4615d24
ART0378,ART0531,2,0.83893389,sentence-transformers/all-MiniLM-L6-v2,ebc1fbcf-217e-4416-aefb-b9ece4615d24
ART0378,ART0661,3,0.81693053,sentence-transformers/all-MiniLM-L6-v2,ebc1fbcf-217e-4416-aefb-b9ece4615d24
ART0379,ART0423,1,0.87085485,sentence-transformers/all-MiniLM-L6-v2,ebc1fbcf-217e-4416-aefb-b9ece4615d24
ART0379,ART0070,2,0.77264315,sentence-transformers/all-MiniLM-L6-v2,ebc1fbcf-217e-4416-aefb-b9ece4615d24
ART0379,ART0121,3,0.77264315,sentence-transformers/all-MiniLM-L6-v2,ebc1fbcf-217e-4416-aefb-b9ece4615d24
ART0380,ART0196,1,0.79363602,sentence-transformers/all-MiniLM-L6-v2,ebc1fbcf-217e-4416-aefb-b9ece4615d24
ART0380,ART0165,2,0.75714743,sentence-transformers/all-MiniLM-L6-v2,ebc1fbcf-217e-4416-aefb-b9ece4615d24
ART0380,ART0360,3,0.75714743,sentence-transformers/all-MiniLM-L6-v2,ebc1fbcf-217e-4416-aefb-b9ece4615d24
ART0381,ART0176,1,0.79755819,sentence-transformers/all-MiniLM-L6-v2,ebc1fbcf-217e-4416-aefb-b9ece4615d24
ART0381,ART0469,2,0.79184753,sentence-transformers/all-MiniLM-L6-v2,ebc1fbcf-217e-4416-aefb-b9ece4615d24
ART0381,ART0174,3,0.74629927,sentence-transformers/all-MiniLM-L6-v2,ebc1fbcf-217e-4416-aefb-b9ece4615d24
ART0382,ART0144,1,0.83637041,sentence-transformers/all-MiniLM-L6-v2,ebc1fbcf-217e-4416-aefb-b9ece4615d24
ART0382,ART0698,2,0.83637041,sentence-transformers/all-MiniLM-L6-v2,ebc1fbcf-217e-4416-aefb-b9ece4615d24
ART0382,ART0315,3,0.79708123,sentence-transformers/all-MiniLM-L6-v2,ebc1fbcf-217e-4416-aefb-b9ece4615d24
ART0383,ART0185,1,0.85630745,sentence-transformers/all-MiniLM-L6-v2,ebc1fbcf-217e-4416-aefb-b9ece4615d24
ART0383,ART0538,2,0.8096146,sentence-transformers/all-MiniLM-L6-v2,ebc1fbcf-217e-4416-aefb-b9ece4615d24
ART0383,ART0736,3,0.73138189,sentence-transformers/all-MiniLM-L6-v2,ebc1fbcf-217e-4416-aefb-b9ece4615d24
ART0384,ART0556,1,0.77841526,sentence-transformers/all-MiniLM-L6-v2,ebc1fbcf-217e-4416-aefb-b9ece4615d24
ART0384,ART0270,2,0.77492243,sentence-transformers/all-MiniLM-L6-v2,ebc1fbcf-217e-4416-aefb-b9ece4615d24
ART0384,ART0748,3,0.73430699,sentence-transformers/all-MiniLM-L6-v2,ebc1fbcf-217e-4416-aefb-b9ece4615d24
ART0385,ART0099,1,0.80146909,sentence-transformers/all-MiniLM-L6-v2,ebc1fbcf-217e-4416-aefb-b9ece4615d24
ART0385,ART0572,2,0.80146909,sentence-transformers/all-MiniLM-L6-v2,ebc1fbcf-217e-4416-aefb-b9ece4615d24
ART0385,ART0481,3,0.74476844,sentence-transformers/all-MiniLM-L6-v2,ebc1fbcf-217e-4416-aefb-b9ece4615d24
ART0386,ART0227,1,0.85042244,sentence-transformers/all-MiniLM-L6-v2,ebc1fbcf-217e-4416-aefb-b9ece4615d24
ART0386,ART0492,2,0.80089408,sentence-transformers/all-MiniLM-L6-v2,ebc1fbcf-217e-4416-aefb-b9ece4615d24
ART0386,ART0020,3,0.78221393,sentence-transformers/all-MiniLM-L6-v2,ebc1fbcf-217e-4416-aefb-b9ece4615d24
ART0387,ART0496,1,0.90890998,sentence-transformers/all-MiniLM-L6-v2,ebc1fbcf-217e-4416-aefb-b9ece4615d24
ART0387,ART0722,2,0.83669579,sentence-transformers/all-MiniLM-L6-v2,ebc1fbcf-217e-4416-aefb-b9ece4615d24
ART0387,ART0255,3,0.78698456,sentence-transformers/all-MiniLM-L6-v2,ebc1fbcf-217e-4416-aefb-b9ece4615d24
ART0388,ART0369,1,0.87435275,sentence-transformers/all-MiniLM-L6-v2,ebc1fbcf-217e-4416-aefb-b9ece4615d24
ART0388,ART0088,2,0.83958542,sentence-transformers/all-MiniLM-L6-v2,ebc1fbcf-217e-4416-aefb-b9ece4615d24
ART0388,ART0604,3,0.82807595,sentence-transformers/all-MiniLM-L6-v2,ebc1fbcf-217e-4416-aefb-b9ece4615d24
ART0389,ART0405,1,1.00000024,sentence-transformers/all-MiniLM-L6-v2,ebc1fbcf-217e-4416-aefb-b9ece4615d24
ART0389,ART0088,2,0.8601163,sentence-transformers/all-MiniLM-L6-v2,ebc1fbcf-217e-4416-aefb-b9ece4615d24
ART0389,ART0604,3,0.85669684,sentence-transformers/all-MiniLM-L6-v2,ebc1fbcf-217e-4416-aefb-b9ece4615d24
ART0390,ART0744,1,1.00000024,sentence-transformers/all-MiniLM-L6-v2,ebc1fbcf-217e-4416-aefb-b9ece4615d24
ART0390,ART0557,2,0.85757655,sentence-transformers/all-MiniLM-L6-v2,ebc1fbcf-217e-4416-aefb-b9ece4615d24
ART0390,ART0283,3,0.8242113,sentence-transformers/all-MiniLM-L6-v2,ebc1fbcf-217e-4416-aefb-b9ece4615d24
ART0391,ART0096,1,0.8358717,sentence-transformers/all-MiniLM-L6-v2,ebc1fbcf-217e-4416-aefb-b9ece4615d24
ART0391,ART0615,2,0.81319851,sentence-transformers/all-MiniLM-L6-v2,ebc1fbcf-217e-4416-aefb-b9ece4615d24
ART0391,ART0237,3,0.81158131,sentence-transformers/all-MiniLM-L6-v2,ebc1fbcf-217e-4416-aefb-b9ece4615d24
ART0392,ART0308,1,0.99999988,sentence-transformers/all-MiniLM-L6-v2,ebc1fbcf-217e-4416-aefb-b9ece4615d24
ART0392,ART0327,2,0.87194771,sentence-transformers/all-MiniLM-L6-v2,ebc1fbcf-217e-4416-aefb-b9ece4615d24
ART0392,ART0031,3,0.82994395,sentence-transformers/all-MiniLM-L6-v2,ebc1fbcf-217e-4416-aefb-b9ece4615d24
ART0393,ART0274,1,0.92335755,sentence-transformers/all-MiniLM-L6-v2,ebc1fbcf-217e-4416-aefb-b9ece4615d24
ART0393,ART0587,2,0.81471264,sentence-transformers/all-MiniLM-L6-v2,ebc1fbcf-217e-4416-aefb-b9ece4615d24
ART0393,ART0288,3,0.79681629,sentence-transformers/all-MiniLM-L6-v2,ebc1fbcf-217e-4416-aefb-b9ece4615d24
ART0394,ART0124,1,0.79132843,sentence-transformers/all-MiniLM-L6-v2,ebc1fbcf-217e-4416-aefb-b9ece4615d24
ART0394,ART0062,2,0.7892974,sentence-transformers/all-MiniLM-L6-v2,ebc1fbcf-217e-4416-aefb-b9ece4615d24
ART0394,ART0657,3,0.77333856,sentence-transformers/all-MiniLM-L6-v2,ebc1fbcf-217e-4416-aefb-b9ece4615d24
ART0395,ART0186,1,0.89984387,sentence-transformers/all-MiniLM-L6-v2,ebc1fbcf-217e-4416-aefb-b9ece4615d24
ART0395,ART0132,2,0.87993866,sentence-transformers/all-MiniLM-L6-v2,ebc1fbcf-217e-4416-aefb-b9ece4615d24
ART0395,ART0218,3,0.87993866,sentence-transformers/all-MiniLM-L6-v2,ebc1fbcf-217e-4416-aefb-b9ece4615d24
ART0396,ART0601,1,0.82429755,sentence-transformers/all-MiniLM-L6-v2,ebc1fbcf-217e-4416-aefb-b9ece4615d24
ART0396,ART0488,2,0.81673139,sentence-transformers/all-MiniLM-L6-v2,ebc1fbcf-217e-4416-aefb-b9ece4615d24
ART0396,ART0090,3,0.81289577,sentence-transformers/all-MiniLM-L6-v2,ebc1fbcf-217e-4416-aefb-b9ece4615d24
ART0397,ART0290,1,0.99999988,sentence-transformers/all-MiniLM-L6-v2,ebc1fbcf-217e-4416-aefb-b9ece4615d24
ART0397,ART0201,2,0.90769506,sentence-transformers/all-MiniLM-L6-v2,ebc1fbcf-217e-4416-aefb-b9ece4615d24
ART0397,ART0091,3,0.8567543,sentence-transformers/all-MiniLM-L6-v2,ebc1fbcf-217e-4416-aefb-b9ece4615d24
ART0398,ART0504,1,0.99999976,sentence-transformers/all-MiniLM-L6-v2,ebc1fbcf-217e-4416-aefb-b9ece4615d24
ART0398,ART0077,2,0.68479878,sentence-transformers/all-MiniLM-L6-v2,ebc1fbcf-217e-4416-aefb-b9ece4615d24
ART0398,ART0094,3,0.66599596,sentence-transformers/all-MiniLM-L6-v2,ebc1fbcf-217e-4416-aefb-b9ece4615d24
ART0399,ART0066,1,0.84504062,sentence-transformers/all-MiniLM-L6-v2,ebc1fbcf-217e-4416-aefb-b9ece4615d24
ART0399,ART0626,2,0.78793675,sentence-transformers/all-MiniLM-L6-v2,ebc1fbcf-217e-4416-aefb-b9ece4615d24
ART0399,ART0028,3,0.77728087,sentence-transformers/all-MiniLM-L6-v2,ebc1fbcf-217e-4416-aefb-b9ece4615d24
ART0400,ART0245,1,0.8972131,sentence-transformers/all-MiniLM-L6-v2,ebc1fbcf-217e-4416-aefb-b9ece4615d24
ART0400,ART0442,2,0.82094735,sentence-transformers/all-MiniLM-L6-v2,ebc1fbcf-217e-4416-aefb-b9ece4615d24
ART0400,ART0087,3,0.81928283,sentence-transformers/all-MiniLM-L6-v2,ebc1fbcf-217e-4416-aefb-b9ece4615d24
ART0401,ART0513,1,0.82526541,sentence-transformers/all-MiniLM-L6-v2,ebc1fbcf-217e-4416-aefb-b9ece4615d24
ART0401,ART0246,2,0.79864085,sentence-transformers/all-MiniLM-L6-v2,ebc1fbcf-217e-4416-aefb-b9ece4615d24
ART0401,ART0198,3,0.79579586,sentence-transformers/all-MiniLM-L6-v2,ebc1fbcf-217e-4416-aefb-b9ece4615d24
ART0402,ART0612,1,0.9999997,sentence-transformers/all-MiniLM-L6-v2,ebc1fbcf-217e-4416-aefb-b9ece4615d24
ART0402,ART0097,2,0.85425258,sentence-transformers/all-MiniLM-L6-v2,ebc1fbcf-217e-4416-aefb-b9ece4615d24
ART0402,ART0321,3,0.77239269,sentence-transformers/all-MiniLM-L6-v2,ebc1fbcf-217e-4416-aefb-b9ece4615d24
ART0403,ART0553,1,0.99999988,sentence-transformers/all-MiniLM-L6-v2,ebc1fbcf-217e-4416-aefb-b9ece4615d24
ART0403,ART0390,2,0.76039684,sentence-transformers/all-MiniLM-L6-v2,ebc1fbcf-217e-4416-aefb-b9ece4615d24
ART0403,ART0744,3,0.76039684,sentence-transformers/all-MiniLM-L6-v2,ebc1fbcf-217e-4416-aefb-b9ece4615d24
ART0404,ART0089,1,0.99999988,sentence-transformers/all-MiniLM-L6-v2,ebc1fbcf-217e-4416-aefb-b9ece4615d24
ART0404,ART0453,2,0.80594915,sentence-transformers/all-MiniLM-L6-v2,ebc1fbcf-217e-4416-aefb-b9ece4615d24
ART0404,ART0062,3,0.79314578,sentence-transformers/all-MiniLM-L6-v2,ebc1fbcf-217e-4416-aefb-b9ece4615d24
ART0405,ART0389,1,1.00000024,sentence-transformers/all-MiniLM-L6-v2,ebc1fbcf-217e-4416-aefb-b9ece4615d24
ART0405,ART0088,2,0.8601163,sentence-transformers/all-MiniLM-L6-v2,ebc1fbcf-217e-4416-aefb-b9ece4615d24
ART0405,ART0604,3,0.85669684,sentence-transformers/all-MiniLM-L6-v2,ebc1fbcf-217e-4416-aefb-b9ece4615d24
ART0406,ART0018,1,0.86090297,sentence-transformers/all-MiniLM-L6-v2,ebc1fbcf-217e-4416-aefb-b9ece4615d24
ART0406,ART0161,2,0.81089032,sentence-transformers/all-MiniLM-L6-v2,ebc1fbcf-217e-4416-aefb-b9ece4615d24
ART0406,ART0419,3,0.7488414,sentence-transformers/all-MiniLM-L6-v2,ebc1fbcf-217e-4416-aefb-b9ece4615d24
ART0407,ART0727,1,0.83033991,sentence-transformers/all-MiniLM-L6-v2,ebc1fbcf-217e-4416-aefb-b9ece4615d24
ART0407,ART0595,2,0.82482767,sentence-transformers/all-MiniLM-L6-v2,ebc1fbcf-217e-4416-aefb-b9ece4615d24
ART0407,ART0440,3,0.76778597,sentence-transformers/all-MiniLM-L6-v2,ebc1fbcf-217e-4416-aefb-b9ece4615d24
ART0408,ART0211,1,0.86795604,sentence-transformers/all-MiniLM-L6-v2,ebc1fbcf-217e-4416-aefb-b9ece4615d24
ART0408,ART0350,2,0.86795604,sentence-transformers/all-MiniLM-L6-v2,ebc1fbcf-217e-4416-aefb-b9ece4615d24
ART0408,ART0678,3,0.86795604,sentence-transformers/all-MiniLM-L6-v2,ebc1fbcf-217e-4416-aefb-b9ece4615d24
ART0409,ART0132,1,0.84901071,sentence-transformers/all-MiniLM-L6-v2,ebc1fbcf-217e-4416-aefb-b9ece4615d24
ART0409,ART0218,2,0.84901071,sentence-transformers/all-MiniLM-L6-v2,ebc1fbcf-217e-4416-aefb-b9ece4615d24
ART0409,ART0395,3,0.84430927,sentence-transformers/all-MiniLM-L6-v2,ebc1fbcf-217e-4416-aefb-b9ece4615d24
ART0410,ART0288,1,0.91151214,sentence-transformers/all-MiniLM-L6-v2,ebc1fbcf-217e-4416-aefb-b9ece4615d24
ART0410,ART0393,2,0.78016424,sentence-transformers/all-MiniLM-L6-v2,ebc1fbcf-217e-4416-aefb-b9ece4615d24
ART0410,ART0442,3,0.76734334,sentence-transformers/all-MiniLM-L6-v2,ebc1fbcf-217e-4416-aefb-b9ece4615d24
ART0411,ART0456,1,1.00000024,sentence-transformers/all-MiniLM-L6-v2,ebc1fbcf-217e-4416-aefb-b9ece4615d24
ART0411,ART0708,2,0.99485856,sentence-transformers/all-MiniLM-L6-v2,ebc1fbcf-217e-4416-aefb-b9ece4615d24
ART0411,ART0583,3,0.81861603,sentence-transformers/all-MiniLM-L6-v2,ebc1fbcf-217e-4416-aefb-b9ece4615d24
ART0412,ART0009,1,0.86742002,sentence-transformers/all-MiniLM-L6-v2,ebc1fbcf-217e-4416-aefb-b9ece4615d24
ART0412,ART0090,2,0.84578478,sentence-transformers/all-MiniLM-L6-v2,ebc1fbcf-217e-4416-aefb-b9ece4615d24
ART0412,ART0008,3,0.79426771,sentence-transformers/all-MiniLM-L6-v2,ebc1fbcf-217e-4416-aefb-b9ece4615d24
ART0413,ART0322,1,0.81220537,sentence-transformers/all-MiniLM-L6-v2,ebc1fbcf-217e-4416-aefb-b9ece4615d24
ART0413,ART0099,2,0.80505562,sentence-transformers/all-MiniLM-L6-v2,ebc1fbcf-217e-4416-aefb-b9ece4615d24
ART0413,ART0572,3,0.80505562,sentence-transformers/all-MiniLM-L6-v2,ebc1fbcf-217e-4416-aefb-b9ece4615d24
ART0414,ART0273,1,0.90935361,sentence-transformers/all-MiniLM-L6-v2,ebc1fbcf-217e-4416-aefb-b9ece4615d24
ART0414,ART0741,2,0.90935361,sentence-transformers/all-MiniLM-L6-v2,ebc1fbcf-217e-4416-aefb-b9ece4615d24
ART0414,ART0140,3,0.80059081,sentence-transformers/all-MiniLM-L6-v2,ebc1fbcf-217e-4416-aefb-b9ece4615d24
ART0415,ART0003,1,0.99999988,sentence-transformers/all-MiniLM-L6-v2,ebc1fbcf-217e-4416-aefb-b9ece4615d24
ART0415,ART0359,2,0.89003652,sentence-transformers/all-MiniLM-L6-v2,ebc1fbcf-217e-4416-aefb-b9ece4615d24
ART0415,ART0084,3,0.85119218,sentence-transformers/all-MiniLM-L6-v2,ebc1fbcf-217e-4416-aefb-b9ece4615d24
ART0416,ART0083,1,0.74631846,sentence-transformers/all-MiniLM-L6-v2,ebc1fbcf-217e-4416-aefb-b9ece4615d24
ART0416,ART0196,2,0.70823765,sentence-transformers/all-MiniLM-L6-v2,ebc1fbcf-217e-4416-aefb-b9ece4615d24
ART0416,ART0362,3,0.68353987,sentence-transformers/all-MiniLM-L6-v2,ebc1fbcf-217e-4416-aefb-b9ece4615d24
ART0417,ART0376,1,0.85125226,sentence-transformers/all-MiniLM-L6-v2,ebc1fbcf-217e-4416-aefb-b9ece4615d24
ART0417,ART0301,2,0.84083545,sentence-transformers/all-MiniLM-L6-v2,ebc1fbcf-217e-4416-aefb-b9ece4615d24
ART0417,ART0017,3,0.83089554,sentence-transformers/all-MiniLM-L6-v2,ebc1fbcf-217e-4416-aefb-b9ece4615d24
ART0418,ART0611,1,0.75990242,sentence-transformers/all-MiniLM-L6-v2,ebc1fbcf-217e-4416-aefb-b9ece4615d24
ART0418,ART0258,2,0.75709391,sentence-transformers/all-MiniLM-L6-v2,ebc1fbcf-217e-4416-aefb-b9ece4615d24
ART0418,ART0064,3,0.74134654,sentence-transformers/all-MiniLM-L6-v2,ebc1fbcf-217e-4416-aefb-b9ece4615d24
ART0419,ART0170,1,0.91131908,sentence-transformers/all-MiniLM-L6-v2,ebc1fbcf-217e-4416-aefb-b9ece4615d24
ART0419,ART0141,2,0.90560371,sentence-transformers/all-MiniLM-L6-v2,ebc1fbcf-217e-4416-aefb-b9ece4615d24
ART0419,ART0149,3,0.75874454,sentence-transformers/all-MiniLM-L6-v2,ebc1fbcf-217e-4416-aefb-b9ece4615d24
ART0420,ART0555,1,1.0,sentence-transformers/all-MiniLM-L6-v2,ebc1fbcf-217e-4416-aefb-b9ece4615d24
ART0420,ART0463,2,0.83205277,sentence-transformers/all-MiniLM-L6-v2,ebc1fbcf-217e-4416-aefb-b9ece4615d24
ART0420,ART0215,3,0.82835966,sentence-transformers/all-MiniLM-L6-v2,ebc1fbcf-217e-4416-aefb-b9ece4615d24
ART0421,ART0127,1,1.0,sentence-transformers/all-MiniLM-L6-v2,ebc1fbcf-217e-4416-aefb-b9ece4615d24
ART0421,ART0061,2,0.85981363,sentence-transformers/all-MiniLM-L6-v2,ebc1fbcf-217e-4416-aefb-b9ece4615d24
ART0421,ART0268,3,0.8353889,sentence-transformers/all-MiniLM-L6-v2,ebc1fbcf-217e-4416-aefb-b9ece4615d24
ART0422,ART0207,1,1.00000048,sentence-transformers/all-MiniLM-L6-v2,ebc1fbcf-217e-4416-aefb-b9ece4615d24
ART0422,ART0193,2,0.84710896,sentence-transformers/all-MiniLM-L6-v2,ebc1fbcf-217e-4416-aefb-b9ece4615d24
ART0422,ART0743,3,0.84710896,sentence-transformers/all-MiniLM-L6-v2,ebc1fbcf-217e-4416-aefb-b9ece4615d24
ART0423,ART0379,1,0.87085485,sentence-transformers/all-MiniLM-L6-v2,ebc1fbcf-217e-4416-aefb-b9ece4615d24
ART0423,ART0680,2,0.64880502,sentence-transformers/all-MiniLM-L6-v2,ebc1fbcf-217e-4416-aefb-b9ece4615d24
ART0423,ART0070,3,0.64305037,sentence-transformers/all-MiniLM-L6-v2,ebc1fbcf-217e-4416-aefb-b9ece4615d24
ART0424,ART0639,1,0.98171979,sentence-transformers/all-MiniLM-L6-v2,ebc1fbcf-217e-4416-aefb-b9ece4615d24
ART0424,ART0339,2,0.8721543,sentence-transformers/all-MiniLM-L6-v2,ebc1fbcf-217e-4416-aefb-b9ece4615d24
ART0424,ART0188,3,0.82982218,sentence-transformers/all-MiniLM-L6-v2,ebc1fbcf-217e-4416-aefb-b9ece4615d24
ART0425,ART0323,1,0.89882255,sentence-transformers/all-MiniLM-L6-v2,ebc1fbcf-217e-4416-aefb-b9ece4615d24
ART0425,ART0746,2,0.79443306,sentence-transformers/all-MiniLM-L6-v2,ebc1fbcf-217e-4416-aefb-b9ece4615d24
ART0425,ART0466,3,0.72138268,sentence-transformers/all-MiniLM-L6-v2,ebc1fbcf-217e-4416-aefb-b9ece4615d24
ART0426,ART0314,1,1.00000012,sentence-transformers/all-MiniLM-L6-v2,ebc1fbcf-217e-4416-aefb-b9ece4615d24
ART0426,ART0307,2,0.85201472,sentence-transformers/all-MiniLM-L6-v2,ebc1fbcf-217e-4416-aefb-b9ece4615d24
ART0426,ART0468,3,0.85201472,sentence-transformers/all-MiniLM-L6-v2,ebc1fbcf-217e-4416-aefb-b9ece4615d24
ART0427,ART0666,1,0.89470077,sentence-transformers/all-MiniLM-L6-v2,ebc1fbcf-217e-4416-aefb-b9ece4615d24
ART0427,ART0497,2,0.8347798,sentence-transformers/all-MiniLM-L6-v2,ebc1fbcf-217e-4416-aefb-b9ece4615d24
ART0427,ART0524,3,0.78435296,sentence-transformers/all-MiniLM-L6-v2,ebc1fbcf-217e-4416-aefb-b9ece4615d24
ART0428,ART0008,1,0.90174198,sentence-transformers/all-MiniLM-L6-v2,ebc1fbcf-217e-4416-aefb-b9ece4615d24
ART0428,ART0501,2,0.81527704,sentence-transformers/all-MiniLM-L6-v2,ebc1fbcf-217e-4416-aefb-b9ece4615d24
ART0428,ART0520,3,0.80991489,sentence-transformers/all-MiniLM-L6-v2,ebc1fbcf-217e-4416-aefb-b9ece4615d24
ART0429,ART0565,1,0.79624361,sentence-transformers/all-MiniLM-L6-v2,ebc1fbcf-217e-4416-aefb-b9ece4615d24
ART0429,ART0458,2,0.77862871,sentence-transformers/all-MiniLM-L6-v2,ebc1fbcf-217e-4416-aefb-b9ece4615d24
ART0429,ART0162,3,0.77224004,sentence-transformers/all-MiniLM-L6-v2,ebc1fbcf-217e-4416-aefb-b9ece4615d24
ART0430,ART0616,1,0.85749948,sentence-transformers/all-MiniLM-L6-v2,ebc1fbcf-217e-4416-aefb-b9ece4615d24
ART0430,ART0010,2,0.83530885,sentence-transformers/all-MiniLM-L6-v2,ebc1fbcf-217e-4416-aefb-b9ece4615d24
ART0430,ART0585,3,0.77594966,sentence-transformers/all-MiniLM-L6-v2,ebc1fbcf-217e-4416-aefb-b9ece4615d24
ART0431,ART0353,1,0.82428753,sentence-transformers/all-MiniLM-L6-v2,ebc1fbcf-217e-4416-aefb-b9ece4615d24
ART0431,ART0164,2,0.77593499,sentence-transformers/all-MiniLM-L6-v2,ebc1fbcf-217e-4416-aefb-b9ece4615d24
ART0431,ART0727,3,0.77288783,sentence-transformers/all-MiniLM-L6-v2,ebc1fbcf-217e-4416-aefb-b9ece4615d24
ART0432,ART0390,1,0.79731929,sentence-transformers/all-MiniLM-L6-v2,ebc1fbcf-217e-4416-aefb-b9ece4615d24
ART0432,ART0744,2,0.79731929,sentence-transformers/all-MiniLM-L6-v2,ebc1fbcf-217e-4416-aefb-b9ece4615d24
ART0432,ART0582,3,0.76191229,sentence-transformers/all-MiniLM-L6-v2,ebc1fbcf-217e-4416-aefb-b9ece4615d24
ART0433,ART0528,1,0.82349312,sentence-transformers/all-MiniLM-L6-v2,ebc1fbcf-217e-4416-aefb-b9ece4615d24
ART0433,ART0713,2,0.80698085,sentence-transformers/all-MiniLM-L6-v2,ebc1fbcf-217e-4416-aefb-b9ece4615d24
ART0433,ART0221,3,0.80477875,sentence-transformers/all-MiniLM-L6-v2,ebc1fbcf-217e-4416-aefb-b9ece4615d24
ART0434,ART0535,1,0.83375978,sentence-transformers/all-MiniLM-L6-v2,ebc1fbcf-217e-4416-aefb-b9ece4615d24
ART0434,ART0156,2,0.79689866,sentence-transformers/all-MiniLM-L6-v2,ebc1fbcf-217e-4416-aefb-b9ece4615d24
ART0434,ART0253,3,0.79689866,sentence-transformers/all-MiniLM-L6-v2,ebc1fbcf-217e-4416-aefb-b9ece4615d24
ART0435,ART0340,1,1.00000036,sentence-transformers/all-MiniLM-L6-v2,ebc1fbcf-217e-4416-aefb-b9ece4615d24
ART0435,ART0695,2,0.85439175,sentence-transformers/all-MiniLM-L6-v2,ebc1fbcf-217e-4416-aefb-b9ece4615d24
ART0435,ART0203,3,0.82796264,sentence-transformers/all-MiniLM-L6-v2,ebc1fbcf-217e-4416-aefb-b9ece4615d24
ART0436,ART0479,1,1.00000024,sentence-transformers/all-MiniLM-L6-v2,ebc1fbcf-217e-4416-aefb-b9ece4615d24
ART0436,ART0016,2,0.8353461,sentence-transformers/all-MiniLM-L6-v2,ebc1fbcf-217e-4416-aefb-b9ece4615d24
ART0436,ART0174,3,0.82415241,sentence-transformers/all-MiniLM-L6-v2,ebc1fbcf-217e-4416-aefb-b9ece4615d24
ART0437,ART0162,1,0.99999934,sentence-transformers/all-MiniLM-L6-v2,ebc1fbcf-217e-4416-aefb-b9ece4615d24
ART0437,ART0725,2,0.81088406,sentence-transformers/all-MiniLM-L6-v2,ebc1fbcf-217e-4416-aefb-b9ece4615d24
ART0437,ART0505,3,0.79938394,sentence-transformers/all-MiniLM-L6-v2,ebc1fbcf-217e-4416-aefb-b9ece4615d24
ART0438,ART0349,1,0.86239207,sentence-transformers/all-MiniLM-L6-v2,ebc1fbcf-217e-4416-aefb-b9ece4615d24
ART0438,ART0571,2,0.85537064,sentence-transformers/all-MiniLM-L6-v2,ebc1fbcf-217e-4416-aefb-b9ece4615d24
ART0438,ART0095,3,0.82657009,sentence-transformers/all-MiniLM-L6-v2,ebc1fbcf-217e-4416-aefb-b9ece4615d24
ART0439,ART0169,1,0.81524509,sentence-transformers/all-MiniLM-L6-v2,ebc1fbcf-217e-4416-aefb-b9ece4615d24
ART0439,ART0649,2,0.81471193,sentence-transformers/all-MiniLM-L6-v2,ebc1fbcf-217e-4416-aefb-b9ece4615d24
ART0439,ART0717,3,0.78226858,sentence-transformers/all-MiniLM-L6-v2,ebc1fbcf-217e-4416-aefb-b9ece4615d24
ART0440,ART0019,1,0.844033,sentence-transformers/all-MiniLM-L6-v2,ebc1fbcf-217e-4416-aefb-b9ece4615d24
ART0440,ART0407,2,0.76778597,sentence-transformers/all-MiniLM-L6-v2,ebc1fbcf-217e-4416-aefb-b9ece4615d24
ART0440,ART0210,3,0.74795783,sentence-transformers/all-MiniLM-L6-v2,ebc1fbcf-217e-4416-aefb-b9ece4615d24
ART0441,ART0560,1,0.79834348,sentence-transformers/all-MiniLM-L6-v2,ebc1fbcf-217e-4416-aefb-b9ece4615d24
ART0441,ART0643,2,0.79114395,sentence-transformers/all-MiniLM-L6-v2,ebc1fbcf-217e-4416-aefb-b9ece4615d24
ART0441,ART0328,3,0.77970225,sentence-transformers/all-MiniLM-L6-v2,ebc1fbcf-217e-4416-aefb-b9ece4615d24
ART0442,ART0245,1,0.8647176,sentence-transformers/all-MiniLM-L6-v2,ebc1fbcf-217e-4416-aefb-b9ece4615d24
ART0442,ART0545,2,0.84165019,sentence-transformers/all-MiniLM-L6-v2,ebc1fbcf-217e-4416-aefb-b9ece4615d24
ART0442,ART0400,3,0.82094735,sentence-transformers/all-MiniLM-L6-v2,ebc1fbcf-217e-4416-aefb-b9ece4615d24
ART0443,ART0251,1,0.79034621,sentence-transformers/all-MiniLM-L6-v2,ebc1fbcf-217e-4416-aefb-b9ece4615d24
ART0443,ART0665,2,0.78683066,sentence-transformers/all-MiniLM-L6-v2,ebc1fbcf-217e-4416-aefb-b9ece4615d24
ART0443,ART0053,3,0.78551042,sentence-transformers/all-MiniLM-L6-v2,ebc1fbcf-217e-4416-aefb-b9ece4615d24
ART0444,ART0044,1,1.0,sentence-transformers/all-MiniLM-L6-v2,ebc1fbcf-217e-4416-aefb-b9ece4615d24
ART0444,ART0026,2,0.85168797,sentence-transformers/all-MiniLM-L6-v2,ebc1fbcf-217e-4416-aefb-b9ece4615d24
ART0444,ART0047,3,0.84681326,sentence-transformers/all-MiniLM-L6-v2,ebc1fbcf-217e-4416-aefb-b9ece4615d24
ART0445,ART0286,1,0.83253688,sentence-transformers/all-MiniLM-L6-v2,ebc1fbcf-217e-4416-aefb-b9ece4615d24
ART0445,ART0013,2,0.77529663,sentence-transformers/all-MiniLM-L6-v2,ebc1fbcf-217e-4416-aefb-b9ece4615d24
ART0445,ART0424,3,0.67871046,sentence-transformers/all-MiniLM-L6-v2,ebc1fbcf-217e-4416-aefb-b9ece4615d24
ART0446,ART0713,1,0.79212868,sentence-transformers/all-MiniLM-L6-v2,ebc1fbcf-217e-4416-aefb-b9ece4615d24
ART0446,ART0311,2,0.78121102,sentence-transformers/all-MiniLM-L6-v2,ebc1fbcf-217e-4416-aefb-b9ece4615d24
ART0446,ART0363,3,0.74328494,sentence-transformers/all-MiniLM-L6-v2,ebc1fbcf-217e-4416-aefb-b9ece4615d24
ART0447,ART0264,1,0.88165992,sentence-transformers/all-MiniLM-L6-v2,ebc1fbcf-217e-4416-aefb-b9ece4615d24
ART0447,ART0674,2,0.88165992,sentence-transformers/all-MiniLM-L6-v2,ebc1fbcf-217e-4416-aefb-b9ece4615d24
ART0447,ART0282,3,0.84581238,sentence-transformers/all-MiniLM-L6-v2,ebc1fbcf-217e-4416-aefb-b9ece4615d24
ART0448,ART0285,1,0.86594164,sentence-transformers/all-MiniLM-L6-v2,ebc1fbcf-217e-4416-aefb-b9ece4615d24
ART0448,ART0195,2,0.8594681,sentence-transformers/all-MiniLM-L6-v2,ebc1fbcf-217e-4416-aefb-b9ece4615d24
ART0448,ART0203,3,0.77815968,sentence-transformers/all-MiniLM-L6-v2,ebc1fbcf-217e-4416-aefb-b9ece4615d24
ART0449,ART0266,1,0.79677528,sentence-transformers/all-MiniLM-L6-v2,ebc1fbcf-217e-4416-aefb-b9ece4615d24
ART0449,ART0721,2,0.78524339,sentence-transformers/all-MiniLM-L6-v2,ebc1fbcf-217e-4416-aefb-b9ece4615d24
ART0449,ART0238,3,0.76220232,sentence-transformers/all-MiniLM-L6-v2,ebc1fbcf-217e-4416-aefb-b9ece4615d24
ART0450,ART0038,1,0.81302512,sentence-transformers/all-MiniLM-L6-v2,ebc1fbcf-217e-4416-aefb-b9ece4615d24
ART0450,ART0045,2,0.78521246,sentence-transformers/all-MiniLM-L6-v2,ebc1fbcf-217e-4416-aefb-b9ece4615d24
ART0450,ART0012,3,0.75627089,sentence-transformers/all-MiniLM-L6-v2,ebc1fbcf-217e-4416-aefb-b9ece4615d24
ART0451,ART0454,1,0.64269018,sentence-transformers/all-MiniLM-L6-v2,ebc1fbcf-217e-4416-aefb-b9ece4615d24
ART0451,ART0630,2,0.64156318,sentence-transformers/all-MiniLM-L6-v2,ebc1fbcf-217e-4416-aefb-b9ece4615d24
ART0451,ART0493,3,0.63438702,sentence-transformers/all-MiniLM-L6-v2,ebc1fbcf-217e-4416-aefb-b9ece4615d24
ART0452,ART0457,1,0.77299559,sentence-transformers/all-MiniLM-L6-v2,ebc1fbcf-217e-4416-aefb-b9ece4615d24
ART0452,ART0648,2,0.74786043,sentence-transformers/all-MiniLM-L6-v2,ebc1fbcf-217e-4416-aefb-b9ece4615d24
ART0452,ART0261,3,0.73977959,sentence-transformers/all-MiniLM-L6-v2,ebc1fbcf-217e-4416-aefb-b9ece4615d24
ART0453,ART0477,1,0.80809259,sentence-transformers/all-MiniLM-L6-v2,ebc1fbcf-217e-4416-aefb-b9ece4615d24
ART0453,ART0089,2,0.80594915,sentence-transformers/all-MiniLM-L6-v2,ebc1fbcf-217e-4416-aefb-b9ece4615d24
ART0453,ART0404,3,0.80594915,sentence-transformers/all-MiniLM-L6-v2,ebc1fbcf-217e-4416-aefb-b9ece4615d24
ART0454,ART0047,1,0.85494775,sentence-transformers/all-MiniLM-L6-v2,ebc1fbcf-217e-4416-aefb-b9ece4615d24
ART0454,ART0631,2,0.85494775,sentence-transformers/all-MiniLM-L6-v2,ebc1fbcf-217e-4416-aefb-b9ece4615d24
ART0454,ART0026,3,0.81888956,sentence-transformers/all-MiniLM-L6-v2,ebc1fbcf-217e-4416-aefb-b9ece4615d24
ART0455,ART0225,1,0.83853298,sentence-transformers/all-MiniLM-L6-v2,ebc1fbcf-217e-4416-aefb-b9ece4615d24
ART0455,ART0269,2,0.79355586,sentence-transformers/all-MiniLM-L6-v2,ebc1fbcf-217e-4416-aefb-b9ece4615d24
ART0455,ART0749,3,0.77926236,sentence-transformers/all-MiniLM-L6-v2,ebc1fbcf-217e-4416-aefb-b9ece4615d24
ART0456,ART0411,1,1.00000024,sentence-transformers/all-MiniLM-L6-v2,ebc1fbcf-217e-4416-aefb-b9ece4615d24
ART0456,ART0708,2,0.99485856,sentence-transformers/all-MiniLM-L6-v2,ebc1fbcf-217e-4416-aefb-b9ece4615d24
ART0456,ART0583,3,0.81861603,sentence-transformers/all-MiniLM-L6-v2,ebc1fbcf-217e-4416-aefb-b9ece4615d24
ART0457,ART0060,1,0.80704063,sentence-transformers/all-MiniLM-L6-v2,ebc1fbcf-217e-4416-aefb-b9ece4615d24
ART0457,ART0589,2,0.79664421,sentence-transformers/all-MiniLM-L6-v2,ebc1fbcf-217e-4416-aefb-b9ece4615d24
ART0457,ART0071,3,0.79447013,sentence-transformers/all-MiniLM-L6-v2,ebc1fbcf-217e-4416-aefb-b9ece4615d24
ART0458,ART0065,1,0.82329375,sentence-transformers/all-MiniLM-L6-v2,ebc1fbcf-217e-4416-aefb-b9ece4615d24
ART0458,ART0190,2,0.78331244,sentence-transformers/all-MiniLM-L6-v2,ebc1fbcf-217e-4416-aefb-b9ece4615d24
ART0458,ART0429,3,0.77862871,sentence-transformers/all-MiniLM-L6-v2,ebc1fbcf-217e-4416-aefb-b9ece4615d24
ART0459,ART0472,1,1.0,sentence-transformers/all-MiniLM-L6-v2,ebc1fbcf-217e-4416-aefb-b9ece4615d24
ART0459,ART0559,2,1.0,sentence-transformers/all-MiniLM-L6-v2,ebc1fbcf-217e-4416-aefb-b9ece4615d24
ART0459,ART0058,3,0.87978727,sentence-transformers/all-MiniLM-L6-v2,ebc1fbcf-217e-4416-aefb-b9ece4615d24
ART0460,ART0667,1,0.83355659,sentence-transformers/all-MiniLM-L6-v2,ebc1fbcf-217e-4416-aefb-b9ece4615d24
ART0460,ART0041,2,0.81528527,sentence-transformers/all-MiniLM-L6-v2,ebc1fbcf-217e-4416-aefb-b9ece4615d24
ART0460,ART0569,3,0.80431509,sentence-transformers/all-MiniLM-L6-v2,ebc1fbcf-217e-4416-aefb-b9ece4615d24
ART0461,ART0539,1,0.82717955,sentence-transformers/all-MiniLM-L6-v2,ebc1fbcf-217e-4416-aefb-b9ece4615d24
ART0461,ART0153,2,0.82419902,sentence-transformers/all-MiniLM-L6-v2,ebc1fbcf-217e-4416-aefb-b9ece4615d24
ART0461,ART0609,3,0.79472619,sentence-transformers/all-MiniLM-L6-v2,ebc1fbcf-217e-4416-aefb-b9ece4615d24
ART0462,ART0511,1,0.99999976,sentence-transformers/all-MiniLM-L6-v2,ebc1fbcf-217e-4416-aefb-b9ece4615d24
ART0462,ART0640,2,0.80079293,sentence-transformers/all-MiniLM-L6-v2,ebc1fbcf-217e-4416-aefb-b9ece4615d24
ART0462,ART0374,3,0.78515178,sentence-transformers/all-MiniLM-L6-v2,ebc1fbcf-217e-4416-aefb-b9ece4615d24
ART0463,ART0215,1,0.8624143,sentence-transformers/all-MiniLM-L6-v2,ebc1fbcf-217e-4416-aefb-b9ece4615d24
ART0463,ART0420,2,0.83205277,sentence-transformers/all-MiniLM-L6-v2,ebc1fbcf-217e-4416-aefb-b9ece4615d24
ART0463,ART0555,3,0.83205277,sentence-transformers/all-MiniLM-L6-v2,ebc1fbcf-217e-4416-aefb-b9ece4615d24
ART0464,ART0102,1,1.00000024,sentence-transformers/all-MiniLM-L6-v2,ebc1fbcf-217e-4416-aefb-b9ece4615d24
ART0464,ART0483,2,0.88099754,sentence-transformers/all-MiniLM-L6-v2,ebc1fbcf-217e-4416-aefb-b9ece4615d24
ART0464,ART0520,3,0.8756941,sentence-transformers/all-MiniLM-L6-v2,ebc1fbcf-217e-4416-aefb-b9ece4615d24
ART0465,ART0364,1,0.88065124,sentence-transformers/all-MiniLM-L6-v2,ebc1fbcf-217e-4416-aefb-b9ece4615d24
ART0465,ART0197,2,0.85382593,sentence-transformers/all-MiniLM-L6-v2,ebc1fbcf-217e-4416-aefb-b9ece4615d24
ART0465,ART0107,3,0.7704879,sentence-transformers/all-MiniLM-L6-v2,ebc1fbcf-217e-4416-aefb-b9ece4615d24
ART0466,ART0362,1,0.89144593,sentence-transformers/all-MiniLM-L6-v2,ebc1fbcf-217e-4416-aefb-b9ece4615d24
ART0466,ART0323,2,0.80467123,sentence-transformers/all-MiniLM-L6-v2,ebc1fbcf-217e-4416-aefb-b9ece4615d24
ART0466,ART0302,3,0.79276419,sentence-transformers/all-MiniLM-L6-v2,ebc1fbcf-217e-4416-aefb-b9ece4615d24
ART0467,ART0198,1,0.99999923,sentence-transformers/all-MiniLM-L6-v2,ebc1fbcf-217e-4416-aefb-b9ece4615d24
ART0467,ART0309,2,0.99999923,sentence-transformers/all-MiniLM-L6-v2,ebc1fbcf-217e-4416-aefb-b9ece4615d24
ART0467,ART0602,3,0.80918986,sentence-transformers/all-MiniLM-L6-v2,ebc1fbcf-217e-4416-aefb-b9ece4615d24
ART0468,ART0307,1,1.00000024,sentence-transformers/all-MiniLM-L6-v2,ebc1fbcf-217e-4416-aefb-b9ece4615d24
ART0468,ART0314,2,0.85201472,sentence-transformers/all-MiniLM-L6-v2,ebc1fbcf-217e-4416-aefb-b9ece4615d24
ART0468,ART0426,3,0.85201472,sentence-transformers/all-MiniLM-L6-v2,ebc1fbcf-217e-4416-aefb-b9ece4615d24
ART0469,ART0381,1,0.79184753,sentence-transformers/all-MiniLM-L6-v2,ebc1fbcf-217e-4416-aefb-b9ece4615d24
ART0469,ART0176,2,0.76098329,sentence-transformers/all-MiniLM-L6-v2,ebc1fbcf-217e-4416-aefb-b9ece4615d24
ART0469,ART0174,3,0.74928916,sentence-transformers/all-MiniLM-L6-v2,ebc1fbcf-217e-4416-aefb-b9ece4615d24
ART0470,ART0166,1,0.79510438,sentence-transformers/all-MiniLM-L6-v2,ebc1fbcf-217e-4416-aefb-b9ece4615d24
ART0470,ART0588,2,0.79510438,sentence-transformers/all-MiniLM-L6-v2,ebc1fbcf-217e-4416-aefb-b9ece4615d24
ART0470,ART0179,3,0.77071822,sentence-transformers/all-MiniLM-L6-v2,ebc1fbcf-217e-4416-aefb-b9ece4615d24
ART0471,ART0108,1,0.75735676,sentence-transformers/all-MiniLM-L6-v2,ebc1fbcf-217e-4416-aefb-b9ece4615d24
ART0471,ART0076,2,0.74766827,sentence-transformers/all-MiniLM-L6-v2,ebc1fbcf-217e-4416-aefb-b9ece4615d24
ART0471,ART0499,3,0.69343549,sentence-transformers/all-MiniLM-L6-v2,ebc1fbcf-217e-4416-aefb-b9ece4615d24
ART0472,ART0459,1,1.0,sentence-transformers/all-MiniLM-L6-v2,ebc1fbcf-217e-4416-aefb-b9ece4615d24
ART0472,ART0559,2,1.0,sentence-transformers/all-MiniLM-L6-v2,ebc1fbcf-217e-4416-aefb-b9ece4615d24
ART0472,ART0058,3,0.87978727,sentence-transformers/all-MiniLM-L6-v2,ebc1fbcf-217e-4416-aefb-b9ece4615d24
ART0473,ART0623,1,0.93131149,sentence-transformers/all-MiniLM-L6-v2,ebc1fbcf-217e-4416-aefb-b9ece4615d24
ART0473,ART0195,2,0.91531312,sentence-transformers/all-MiniLM-L6-v2,ebc1fbcf-217e-4416-aefb-b9ece4615d24
ART0473,ART0501,3,0.89643681,sentence-transformers/all-MiniLM-L6-v2,ebc1fbcf-217e-4416-aefb-b9ece4615d24
ART0474,ART0580,1,0.9999997,sentence-transformers/all-MiniLM-L6-v2,ebc1fbcf-217e-4416-aefb-b9ece4615d24
ART0474,ART0012,2,0.87205946,sentence-transformers/all-MiniLM-L6-v2,ebc1fbcf-217e-4416-aefb-b9ece4615d24
ART0474,ART0653,3,0.87205946,sentence-transformers/all-MiniLM-L6-v2,ebc1fbcf-217e-4416-aefb-b9ece4615d24
ART0475,ART0187,1,0.92530608,sentence-transformers/all-MiniLM-L6-v2,ebc1fbcf-217e-4416-aefb-b9ece4615d24
ART0475,ART0658,2,0.90514672,sentence-transformers/all-MiniLM-L6-v2,ebc1fbcf-217e-4416-aefb-b9ece4615d24
ART0475,ART0556,3,0.78968209,sentence-transformers/all-MiniLM-L6-v2,ebc1fbcf-217e-4416-aefb-b9ece4615d24
ART0476,ART0725,1,0.84792715,sentence-transformers/all-MiniLM-L6-v2,ebc1fbcf-217e-4416-aefb-b9ece4615d24
ART0476,ART0140,2,0.8197723,sentence-transformers/all-MiniLM-L6-v2,ebc1fbcf-217e-4416-aefb-b9ece4615d24
ART0476,ART0226,3,0.81008917,sentence-transformers/all-MiniLM-L6-v2,ebc1fbcf-217e-4416-aefb-b9ece4615d24
ART0477,ART0453,1,0.80809259,sentence-transformers/all-MiniLM-L6-v2,ebc1fbcf-217e-4416-aefb-b9ece4615d24
ART0477,ART0024,2,0.78088439,sentence-transformers/all-MiniLM-L6-v2,ebc1fbcf-217e-4416-aefb-b9ece4615d24
ART0477,ART0089,3,0.77652752,sentence-transformers/all-MiniLM-L6-v2,ebc1fbcf-217e-4416-aefb-b9ece4615d24
ART0478,ART0050,1,0.9999997,sentence-transformers/all-MiniLM-L6-v2,ebc1fbcf-217e-4416-aefb-b9ece4615d24
ART0478,ART0160,2,0.87597805,sentence-transformers/all-MiniLM-L6-v2,ebc1fbcf-217e-4416-aefb-b9ece4615d24
ART0478,ART0325,3,0.8594901,sentence-transformers/all-MiniLM-L6-v2,ebc1fbcf-217e-4416-aefb-b9ece4615d24
ART0479,ART0436,1,1.00000024,sentence-transformers/all-MiniLM-L6-v2,ebc1fbcf-217e-4416-aefb-b9ece4615d24
ART0479,ART0016,2,0.8353461,sentence-transformers/all-MiniLM-L6-v2,ebc1fbcf-217e-4416-aefb-b9ece4615d24
ART0479,ART0174,3,0.82415241,sentence-transformers/all-MiniLM-L6-v2,ebc1fbcf-217e-4416-aefb-b9ece4615d24
ART0480,ART0532,1,0.81018931,sentence-transformers/all-MiniLM-L6-v2,ebc1fbcf-217e-4416-aefb-b9ece4615d24
ART0480,ART0018,2,0.79131722,sentence-transformers/all-MiniLM-L6-v2,ebc1fbcf-217e-4416-aefb-b9ece4615d24
ART0480,ART0411,3,0.78633767,sentence-transformers/all-MiniLM-L6-v2,ebc1fbcf-217e-4416-aefb-b9ece4615d24
ART0481,ART0385,1,0.74476844,sentence-transformers/all-MiniLM-L6-v2,ebc1fbcf-217e-4416-aefb-b9ece4615d24
ART0481,ART0735,2,0.73149836,sentence-transformers/all-MiniLM-L6-v2,ebc1fbcf-217e-4416-aefb-b9ece4615d24
ART0481,ART0733,3,0.69577527,sentence-transformers/all-MiniLM-L6-v2,ebc1fbcf-217e-4416-aefb-b9ece4615d24
ART0482,ART0031,1,0.86923009,sentence-transformers/all-MiniLM-L6-v2,ebc1fbcf-217e-4416-aefb-b9ece4615d24
ART0482,ART0303,2,0.84275776,sentence-transformers/all-MiniLM-L6-v2,ebc1fbcf-217e-4416-aefb-b9ece4615d24
ART0482,ART0683,3,0.8388446,sentence-transformers/all-MiniLM-L6-v2,ebc1fbcf-217e-4416-aefb-b9ece4615d24
ART0483,ART0048,1,0.94086713,sentence-transformers/all-MiniLM-L6-v2,ebc1fbcf-217e-4416-aefb-b9ece4615d24
ART0483,ART0487,2,0.94086713,sentence-transformers/all-MiniLM-L6-v2,ebc1fbcf-217e-4416-aefb-b9ece4615d24
ART0483,ART0241,3,0.91738766,sentence-transformers/all-MiniLM-L6-v2,ebc1fbcf-217e-4416-aefb-b9ece4615d24
ART0484,ART0237,1,0.76445842,sentence-transformers/all-MiniLM-L6-v2,ebc1fbcf-217e-4416-aefb-b9ece4615d24
ART0484,ART0686,2,0.76445842,sentence-transformers/all-MiniLM-L6-v2,ebc1fbcf-217e-4416-aefb-b9ece4615d24
ART0484,ART0715,3,0.75483948,sentence-transformers/all-MiniLM-L6-v2,ebc1fbcf-217e-4416-aefb-b9ece4615d24
ART0485,ART0334,1,1.00000048,sentence-transformers/all-MiniLM-L6-v2,ebc1fbcf-217e-4416-aefb-b9ece4615d24
ART0485,ART0144,2,0.79033417,sentence-transformers/all-MiniLM-L6-v2,ebc1fbcf-217e-4416-aefb-b9ece4615d24
ART0485,ART0698,3,0.79033417,sentence-transformers/all-MiniLM-L6-v2,ebc1fbcf-217e-4416-aefb-b9ece4615d24
ART0486,ART0328,1,0.81648499,sentence-transformers/all-MiniLM-L6-v2,ebc1fbcf-217e-4416-aefb-b9ece4615d24
ART0486,ART0730,2,0.79639935,sentence-transformers/all-MiniLM-L6-v2,ebc1fbcf-217e-4416-aefb-b9ece4615d24
ART0486,ART0268,3,0.76972759,sentence-transformers/all-MiniLM-L6-v2,ebc1fbcf-217e-4416-aefb-b9ece4615d24
ART0487,ART0048,1,1.0000006,sentence-transformers/all-MiniLM-L6-v2,ebc1fbcf-217e-4416-aefb-b9ece4615d24
ART0487,ART0483,2,0.94086713,sentence-transformers/all-MiniLM-L6-v2,ebc1fbcf-217e-4416-aefb-b9ece4615d24
ART0487,ART0241,3,0.89666027,sentence-transformers/all-MiniLM-L6-v2,ebc1fbcf-217e-4416-aefb-b9ece4615d24
ART0488,ART0396,1,0.81673139,sentence-transformers/all-MiniLM-L6-v2,ebc1fbcf-217e-4416-aefb-b9ece4615d24
ART0488,ART0327,2,0.78891438,sentence-transformers/all-MiniLM-L6-v2,ebc1fbcf-217e-4416-aefb-b9ece4615d24
ART0488,ART0483,3,0.76610649,sentence-transformers/all-MiniLM-L6-v2,ebc1fbcf-217e-4416-aefb-b9ece4615d24
ART0489,ART0625,1,0.82387477,sentence-transformers/all-MiniLM-L6-v2,ebc1fbcf-217e-4416-aefb-b9ece4615d24
ART0489,ART0565,2,0.78270197,sentence-transformers/all-MiniLM-L6-v2,ebc1fbcf-217e-4416-aefb-b9ece4615d24
ART0489,ART0661,3,0.78098428,sentence-transformers/all-MiniLM-L6-v2,ebc1fbcf-217e-4416-aefb-b9ece4615d24
ART0490,ART0023,1,0.79453123,sentence-transformers/all-MiniLM-L6-v2,ebc1fbcf-217e-4416-aefb-b9ece4615d24
ART0490,ART0116,2,0.75296301,sentence-transformers/all-MiniLM-L6-v2,ebc1fbcf-217e-4416-aefb-b9ece4615d24
ART0490,ART0660,3,0.71287495,sentence-transformers/all-MiniLM-L6-v2,ebc1fbcf-217e-4416-aefb-b9ece4615d24
ART0491,ART0306,1,1.00000012,sentence-transformers/all-MiniLM-L6-v2,ebc1fbcf-217e-4416-aefb-b9ece4615d24
ART0491,ART0126,2,0.83318388,sentence-transformers/all-MiniLM-L6-v2,ebc1fbcf-217e-4416-aefb-b9ece4615d24
ART0491,ART0215,3,0.82043135,sentence-transformers/all-MiniLM-L6-v2,ebc1fbcf-217e-4416-aefb-b9ece4615d24
ART0492,ART0227,1,0.83876437,sentence-transformers/all-MiniLM-L6-v2,ebc1fbcf-217e-4416-aefb-b9ece4615d24
ART0492,ART0386,2,0.80089408,sentence-transformers/all-MiniLM-L6-v2,ebc1fbcf-217e-4416-aefb-b9ece4615d24
ART0492,ART0438,3,0.77263337,sentence-transformers/all-MiniLM-L6-v2,ebc1fbcf-217e-4416-aefb-b9ece4615d24
ART0493,ART0074,1,0.79863745,sentence-transformers/all-MiniLM-L6-v2,ebc1fbcf-217e-4416-aefb-b9ece4615d24
ART0493,ART0581,2,0.73244405,sentence-transformers/all-MiniLM-L6-v2,ebc1fbcf-217e-4416-aefb-b9ece4615d24
ART0493,ART0459,3,0.71044523,sentence-transformers/all-MiniLM-L6-v2,ebc1fbcf-217e-4416-aefb-b9ece4615d24
ART0494,ART0109,1,1.00000036,sentence-transformers/all-MiniLM-L6-v2,ebc1fbcf-217e-4416-aefb-b9ece4615d24
ART0494,ART0275,2,1.00000036,sentence-transformers/all-MiniLM-L6-v2,ebc1fbcf-217e-4416-aefb-b9ece4615d24
ART0494,ART0310,3,0.81748557,sentence-transformers/all-MiniLM-L6-v2,ebc1fbcf-217e-4416-aefb-b9ece4615d24
ART0495,ART0117,1,0.8389169,sentence-transformers/all-MiniLM-L6-v2,ebc1fbcf-217e-4416-aefb-b9ece4615d24
ART0495,ART0272,2,0.83471924,sentence-transformers/all-MiniLM-L6-v2,ebc1fbcf-217e-4416-aefb-b9ece4615d24
ART0495,ART0278,3,0.83101672,sentence-transformers/all-MiniLM-L6-v2,ebc1fbcf-217e-4416-aefb-b9ece4615d24
ART0496,ART0387,1,0.90890998,sentence-transformers/all-MiniLM-L6-v2,ebc1fbcf-217e-4416-aefb-b9ece4615d24
ART0496,ART0141,2,0.77719629,sentence-transformers/all-MiniLM-L6-v2,ebc1fbcf-217e-4416-aefb-b9ece4615d24
ART0496,ART0193,3,0.76657128,sentence-transformers/all-MiniLM-L6-v2,ebc1fbcf-217e-4416-aefb-b9ece4615d24
ART0497,ART0427,1,0.8347798,sentence-transformers/all-MiniLM-L6-v2,ebc1fbcf-217e-4416-aefb-b9ece4615d24
ART0497,ART0666,2,0.81753838,sentence-transformers/all-MiniLM-L6-v2,ebc1fbcf-217e-4416-aefb-b9ece4615d24
ART0497,ART0524,3,0.79782271,sentence-transformers/all-MiniLM-L6-v2,ebc1fbcf-217e-4416-aefb-b9ece4615d24
ART0498,ART0644,1,0.85728896,sentence-transformers/all-MiniLM-L6-v2,ebc1fbcf-217e-4416-aefb-b9ece4615d24
ART0498,ART0045,2,0.83300775,sentence-transformers/all-MiniLM-L6-v2,ebc1fbcf-217e-4416-aefb-b9ece4615d24
ART0498,ART0119,3,0.81039011,sentence-transformers/all-MiniLM-L6-v2,ebc1fbcf-217e-4416-aefb-b9ece4615d24
ART0499,ART0107,1,0.86791188,sentence-transformers/all-MiniLM-L6-v2,ebc1fbcf-217e-4416-aefb-b9ece4615d24
ART0499,ART0599,2,0.86791188,sentence-transformers/all-MiniLM-L6-v2,ebc1fbcf-217e-4416-aefb-b9ece4615d24
ART0499,ART0575,3,0.86644089,sentence-transformers/all-MiniLM-L6-v2,ebc1fbcf-217e-4416-aefb-b9ece4615d24
ART0500,ART0030,1,0.85049546,sentence-transformers/all-MiniLM-L6-v2,ebc1fbcf-217e-4416-aefb-b9ece4615d24
ART0500,ART0318,2,0.81736821,sentence-transformers/all-MiniLM-L6-v2,ebc1fbcf-217e-4416-aefb-b9ece4615d24
ART0500,ART0592,3,0.78705472,sentence-transformers/all-MiniLM-L6-v2,ebc1fbcf-217e-4416-aefb-b9ece4615d24
ART0501,ART0473,1,0.89643681,sentence-transformers/all-MiniLM-L6-v2,ebc1fbcf-217e-4416-aefb-b9ece4615d24
ART0501,ART0623,2,0.86106169,sentence-transformers/all-MiniLM-L6-v2,ebc1fbcf-217e-4416-aefb-b9ece4615d24
ART0501,ART0008,3,0.83614004,sentence-transformers/all-MiniLM-L6-v2,ebc1fbcf-217e-4416-aefb-b9ece4615d24
ART0502,ART0254,1,0.73636955,sentence-transformers/all-MiniLM-L6-v2,ebc1fbcf-217e-4416-aefb-b9ece4615d24
ART0502,ART0641,2,0.71431249,sentence-transformers/all-MiniLM-L6-v2,ebc1fbcf-217e-4416-aefb-b9ece4615d24
ART0502,ART0340,3,0.66667151,sentence-transformers/all-MiniLM-L6-v2,ebc1fbcf-217e-4416-aefb-b9ece4615d24
ART0503,ART0247,1,0.88883907,sentence-transformers/all-MiniLM-L6-v2,ebc1fbcf-217e-4416-aefb-b9ece4615d24
ART0503,ART0596,2,0.78494656,sentence-transformers/all-MiniLM-L6-v2,ebc1fbcf-217e-4416-aefb-b9ece4615d24
ART0503,ART0670,3,0.75819838,sentence-transformers/all-MiniLM-L6-v2,ebc1fbcf-217e-4416-aefb-b9ece4615d24
ART0504,ART0398,1,0.99999976,sentence-transformers/all-MiniLM-L6-v2,ebc1fbcf-217e-4416-aefb-b9ece4615d24
ART0504,ART0077,2,0.68479878,sentence-transformers/all-MiniLM-L6-v2,ebc1fbcf-217e-4416-aefb-b9ece4615d24
ART0504,ART0094,3,0.66599596,sentence-transformers/all-MiniLM-L6-v2,ebc1fbcf-217e-4416-aefb-b9ece4615d24
ART0505,ART0162,1,0.79938394,sentence-transformers/all-MiniLM-L6-v2,ebc1fbcf-217e-4416-aefb-b9ece4615d24
ART0505,ART0437,2,0.79938394,sentence-transformers/all-MiniLM-L6-v2,ebc1fbcf-217e-4416-aefb-b9ece4615d24
ART0505,ART0093,3,0.7859115,sentence-transformers/all-MiniLM-L6-v2,ebc1fbcf-217e-4416-aefb-b9ece4615d24
ART0506,ART0345,1,0.7955144,sentence-transformers/all-MiniLM-L6-v2,ebc1fbcf-217e-4416-aefb-b9ece4615d24
ART0506,ART0533,2,0.78547478,sentence-transformers/all-MiniLM-L6-v2,ebc1fbcf-217e-4416-aefb-b9ece4615d24
ART0506,ART0669,3,0.77699047,sentence-transformers/all-MiniLM-L6-v2,ebc1fbcf-217e-4416-aefb-b9ece4615d24
ART0507,ART0157,1,0.99999976,sentence-transformers/all-MiniLM-L6-v2,ebc1fbcf-217e-4416-aefb-b9ece4615d24
ART0507,ART0250,2,0.82331592,sentence-transformers/all-MiniLM-L6-v2,ebc1fbcf-217e-4416-aefb-b9ece4615d24
ART0507,ART0354,3,0.68100673,sentence-transformers/all-MiniLM-L6-v2,ebc1fbcf-217e-4416-aefb-b9ece4615d24
ART0508,ART0669,1,0.8104353,sentence-transformers/all-MiniLM-L6-v2,ebc1fbcf-217e-4416-aefb-b9ece4615d24
ART0508,ART0598,2,0.67860591,sentence-transformers/all-MiniLM-L6-v2,ebc1fbcf-217e-4416-aefb-b9ece4615d24
ART0508,ART0702,3,0.66879278,sentence-transformers/all-MiniLM-L6-v2,ebc1fbcf-217e-4416-aefb-b9ece4615d24
ART0509,ART0735,1,0.77933496,sentence-transformers/all-MiniLM-L6-v2,ebc1fbcf-217e-4416-aefb-b9ece4615d24
ART0509,ART0155,2,0.76368034,sentence-transformers/all-MiniLM-L6-v2,ebc1fbcf-217e-4416-aefb-b9ece4615d24
ART0509,ART0295,3,0.72584993,sentence-transformers/all-MiniLM-L6-v2,ebc1fbcf-217e-4416-aefb-b9ece4615d24
ART0510,ART0600,1,0.852938,sentence-transformers/all-MiniLM-L6-v2,ebc1fbcf-217e-4416-aefb-b9ece4615d24
ART0510,ART0704,2,0.84060466,sentence-transformers/all-MiniLM-L6-v2,ebc1fbcf-217e-4416-aefb-b9ece4615d24
ART0510,ART0573,3,0.82816041,sentence-transformers/all-MiniLM-L6-v2,ebc1fbcf-217e-4416-aefb-b9ece4615d24
ART0511,ART0462,1,0.99999976,sentence-transformers/all-MiniLM-L6-v2,ebc1fbcf-217e-4416-aefb-b9ece4615d24
ART0511,ART0640,2,0.80079293,sentence-transformers/all-MiniLM-L6-v2,ebc1fbcf-217e-4416-aefb-b9ece4615d24
ART0511,ART0374,3,0.78515178,sentence-transformers/all-MiniLM-L6-v2,ebc1fbcf-217e-4416-aefb-b9ece4615d24
ART0512,ART0561,1,0.8870073,sentence-transformers/all-MiniLM-L6-v2,ebc1fbcf-217e-4416-aefb-b9ece4615d24
ART0512,ART0128,2,0.88395941,sentence-transformers/all-MiniLM-L6-v2,ebc1fbcf-217e-4416-aefb-b9ece4615d24
ART0512,ART0352,3,0.84344554,sentence-transformers/all-MiniLM-L6-v2,ebc1fbcf-217e-4416-aefb-b9ece4615d24
ART0513,ART0401,1,0.82526541,sentence-transformers/all-MiniLM-L6-v2,ebc1fbcf-217e-4416-aefb-b9ece4615d24
ART0513,ART0246,2,0.76180667,sentence-transformers/all-MiniLM-L6-v2,ebc1fbcf-217e-4416-aefb-b9ece4615d24
ART0513,ART0660,3,0.73888725,sentence-transformers/all-MiniLM-L6-v2,ebc1fbcf-217e-4416-aefb-b9ece4615d24
ART0514,ART0645,1,0.86051852,sentence-transformers/all-MiniLM-L6-v2,ebc1fbcf-217e-4416-aefb-b9ece4615d24
ART0514,ART0312,2,0.78762424,sentence-transformers/all-MiniLM-L6-v2,ebc1fbcf-217e-4416-aefb-b9ece4615d24
ART0514,ART0591,3,0.7466073,sentence-transformers/all-MiniLM-L6-v2,ebc1fbcf-217e-4416-aefb-b9ece4615d24
ART0515,ART0106,1,1.00000083,sentence-transformers/all-MiniLM-L6-v2,ebc1fbcf-217e-4416-aefb-b9ece4615d24
ART0515,ART0578,2,0.88907093,sentence-transformers/all-MiniLM-L6-v2,ebc1fbcf-217e-4416-aefb-b9ece4615d24
ART0515,ART0709,3,0.87374789,sentence-transformers/all-MiniLM-L6-v2,ebc1fbcf-217e-4416-aefb-b9ece4615d24
ART0516,ART0679,1,1.00000048,sentence-transformers/all-MiniLM-L6-v2,ebc1fbcf-217e-4416-aefb-b9ece4615d24
ART0516,ART0610,2,0.77997643,sentence-transformers/all-MiniLM-L6-v2,ebc1fbcf-217e-4416-aefb-b9ece4615d24
ART0516,ART0474,3,0.70558977,sentence-transformers/all-MiniLM-L6-v2,ebc1fbcf-217e-4416-aefb-b9ece4615d24
ART0517,ART0663,1,0.79410154,sentence-transformers/all-MiniLM-L6-v2,ebc1fbcf-217e-4416-aefb-b9ece4615d24
ART0517,ART0176,2,0.74205083,sentence-transformers/all-MiniLM-L6-v2,ebc1fbcf-217e-4416-aefb-b9ece4615d24
ART0517,ART0017,3,0.7330777,sentence-transformers/all-MiniLM-L6-v2,ebc1fbcf-217e-4416-aefb-b9ece4615d24
ART0518,ART0525,1,0.68094695,sentence-transformers/all-MiniLM-L6-v2,ebc1fbcf-217e-4416-aefb-b9ece4615d24
ART0518,ART0054,2,0.63621891,sentence-transformers/all-MiniLM-L6-v2,ebc1fbcf-217e-4416-aefb-b9ece4615d24
ART0518,ART0279,3,0.62911367,sentence-transformers/all-MiniLM-L6-v2,ebc1fbcf-217e-4416-aefb-b9ece4615d24
ART0519,ART0363,1,0.86138481,sentence-transformers/all-MiniLM-L6-v2,ebc1fbcf-217e-4416-aefb-b9ece4615d24
ART0519,ART0483,2,0.84683919,sentence-transformers/all-MiniLM-L6-v2,ebc1fbcf-217e-4416-aefb-b9ece4615d24
ART0519,ART0147,3,0.84509939,sentence-transformers/all-MiniLM-L6-v2,ebc1fbcf-217e-4416-aefb-b9ece4615d24
ART0520,ART0683,1,0.87660491,sentence-transformers/all-MiniLM-L6-v2,ebc1fbcf-217e-4416-aefb-b9ece4615d24
ART0520,ART0102,2,0.8756941,sentence-transformers/all-MiniLM-L6-v2,ebc1fbcf-217e-4416-aefb-b9ece4615d24
ART0520,ART0464,3,0.8756941,sentence-transformers/all-MiniLM-L6-v2,ebc1fbcf-217e-4416-aefb-b9ece4615d24
ART0521,ART0112,1,0.91069257,sentence-transformers/all-MiniLM-L6-v2,ebc1fbcf-217e-4416-aefb-b9ece4615d24
ART0521,ART0358,2,0.76602364,sentence-transformers/all-MiniLM-L6-v2,ebc1fbcf-217e-4416-aefb-b9ece4615d24
ART0521,ART0671,3,0.74662477,sentence-transformers/all-MiniLM-L6-v2,ebc1fbcf-217e-4416-aefb-b9ece4615d24
ART0522,ART0039,1,0.89105701,sentence-transformers/all-MiniLM-L6-v2,ebc1fbcf-217e-4416-aefb-b9ece4615d24
ART0522,ART0080,2,0.75431859,sentence-transformers/all-MiniLM-L6-v2,ebc1fbcf-217e-4416-aefb-b9ece4615d24
ART0522,ART0563,3,0.74901801,sentence-transformers/all-MiniLM-L6-v2,ebc1fbcf-217e-4416-aefb-b9ece4615d24
ART0523,ART0132,1,0.95677805,sentence-transformers/all-MiniLM-L6-v2,ebc1fbcf-217e-4416-aefb-b9ece4615d24
ART0523,ART0218,2,0.95677805,sentence-transformers/all-MiniLM-L6-v2,ebc1fbcf-217e-4416-aefb-b9ece4615d24
ART0523,ART0609,3,0.91105813,sentence-transformers/all-MiniLM-L6-v2,ebc1fbcf-217e-4416-aefb-b9ece4615d24
ART0524,ART0497,1,0.79782271,sentence-transformers/all-MiniLM-L6-v2,ebc1fbcf-217e-4416-aefb-b9ece4615d24
ART0524,ART0427,2,0.78435296,sentence-transformers/all-MiniLM-L6-v2,ebc1fbcf-217e-4416-aefb-b9ece4615d24
ART0524,ART0621,3,0.76092851,sentence-transformers/all-MiniLM-L6-v2,ebc1fbcf-217e-4416-aefb-b9ece4615d24
ART0525,ART0284,1,0.7981258,sentence-transformers/all-MiniLM-L6-v2,ebc1fbcf-217e-4416-aefb-b9ece4615d24
ART0525,ART0348,2,0.78808814,sentence-transformers/all-MiniLM-L6-v2,ebc1fbcf-217e-4416-aefb-b9ece4615d24
ART0525,ART0014,3,0.76768053,sentence-transformers/all-MiniLM-L6-v2,ebc1fbcf-217e-4416-aefb-b9ece4615d24
ART0526,ART0732,1,0.9823575,sentence-transformers/all-MiniLM-L6-v2,ebc1fbcf-217e-4416-aefb-b9ece4615d24
ART0526,ART0265,2,0.94242609,sentence-transformers/all-MiniLM-L6-v2,ebc1fbcf-217e-4416-aefb-b9ece4615d24
ART0526,ART0585,3,0.94073534,sentence-transformers/all-MiniLM-L6-v2,ebc1fbcf-217e-4416-aefb-b9ece4615d24
ART0527,ART0104,1,0.8297345,sentence-transformers/all-MiniLM-L6-v2,ebc1fbcf-217e-4416-aefb-b9ece4615d24
ART0527,ART0211,2,0.68078893,sentence-transformers/all-MiniLM-L6-v2,ebc1fbcf-217e-4416-aefb-b9ece4615d24
ART0527,ART0350,3,0.68078893,sentence-transformers/all-MiniLM-L6-v2,ebc1fbcf-217e-4416-aefb-b9ece4615d24
ART0528,ART0205,1,0.87164557,sentence-transformers/all-MiniLM-L6-v2,ebc1fbcf-217e-4416-aefb-b9ece4615d24
ART0528,ART0433,2,0.82349312,sentence-transformers/all-MiniLM-L6-v2,ebc1fbcf-217e-4416-aefb-b9ece4615d24
ART0528,ART0713,3,0.79535669,sentence-transformers/all-MiniLM-L6-v2,ebc1fbcf-217e-4416-aefb-b9ece4615d24
ART0529,ART0408,1,0.82072932,sentence-transformers/all-MiniLM-L6-v2,ebc1fbcf-217e-4416-aefb-b9ece4615d24
ART0529,ART0259,2,0.81618649,sentence-transformers/all-MiniLM-L6-v2,ebc1fbcf-217e-4416-aefb-b9ece4615d24
ART0529,ART0016,3,0.78136116,sentence-transformers/all-MiniLM-L6-v2,ebc1fbcf-217e-4416-aefb-b9ece4615d24
ART0530,ART0182,1,0.89712119,sentence-transformers/all-MiniLM-L6-v2,ebc1fbcf-217e-4416-aefb-b9ece4615d24
ART0530,ART0670,2,0.86591136,sentence-transformers/all-MiniLM-L6-v2,ebc1fbcf-217e-4416-aefb-b9ece4615d24
ART0530,ART0247,3,0.82979059,sentence-transformers/all-MiniLM-L6-v2,ebc1fbcf-217e-4416-aefb-b9ece4615d24
ART0531,ART0082,1,0.99999988,sentence-transformers/all-MiniLM-L6-v2,ebc1fbcf-217e-4416-aefb-b9ece4615d24
ART0531,ART0378,2,0.83893389,sentence-transformers/all-MiniLM-L6-v2,ebc1fbcf-217e-4416-aefb-b9ece4615d24
ART0531,ART0661,3,0.83223975,sentence-transformers/all-MiniLM-L6-v2,ebc1fbcf-217e-4416-aefb-b9ece4615d24
ART0532,ART0480,1,0.81018931,sentence-transformers/all-MiniLM-L6-v2,ebc1fbcf-217e-4416-aefb-b9ece4615d24
ART0532,ART0203,2,0.80580688,sentence-transformers/all-MiniLM-L6-v2,ebc1fbcf-217e-4416-aefb-b9ece4615d24
ART0532,ART0568,3,0.80580688,sentence-transformers/all-MiniLM-L6-v2,ebc1fbcf-217e-4416-aefb-b9ece4615d24
ART0533,ART0345,1,0.8876245,sentence-transformers/all-MiniLM-L6-v2,ebc1fbcf-217e-4416-aefb-b9ece4615d24
ART0533,ART0002,2,0.8585999,sentence-transformers/all-MiniLM-L6-v2,ebc1fbcf-217e-4416-aefb-b9ece4615d24
ART0533,ART0506,3,0.78547478,sentence-transformers/all-MiniLM-L6-v2,ebc1fbcf-217e-4416-aefb-b9ece4615d24
ART0534,ART0330,1,0.75617331,sentence-transformers/all-MiniLM-L6-v2,ebc1fbcf-217e-4416-aefb-b9ece4615d24
ART0534,ART0244,2,0.7353214,sentence-transformers/all-MiniLM-L6-v2,ebc1fbcf-217e-4416-aefb-b9ece4615d24
ART0534,ART0493,3,0.70699555,sentence-transformers/all-MiniLM-L6-v2,ebc1fbcf-217e-4416-aefb-b9ece4615d24
ART0535,ART0656,1,0.83600217,sentence-transformers/all-MiniLM-L6-v2,ebc1fbcf-217e-4416-aefb-b9ece4615d24
ART0535,ART0434,2,0.83375978,sentence-transformers/all-MiniLM-L6-v2,ebc1fbcf-217e-4416-aefb-b9ece4615d24
ART0535,ART0178,3,0.80696869,sentence-transformers/all-MiniLM-L6-v2,ebc1fbcf-217e-4416-aefb-b9ece4615d24
ART0536,ART0044,1,0.63291502,sentence-transformers/all-MiniLM-L6-v2,ebc1fbcf-217e-4416-aefb-b9ece4615d24
ART0536,ART0444,2,0.63291502,sentence-transformers/all-MiniLM-L6-v2,ebc1fbcf-217e-4416-aefb-b9ece4615d24
ART0536,ART0098,3,0.63116187,sentence-transformers/all-MiniLM-L6-v2,ebc1fbcf-217e-4416-aefb-b9ece4615d24
ART0537,ART0659,1,0.82611465,sentence-transformers/all-MiniLM-L6-v2,ebc1fbcf-217e-4416-aefb-b9ece4615d24
ART0537,ART0239,2,0.78938884,sentence-transformers/all-MiniLM-L6-v2,ebc1fbcf-217e-4416-aefb-b9ece4615d24
ART0537,ART0076,3,0.73077083,sentence-transformers/all-MiniLM-L6-v2,ebc1fbcf-217e-4416-aefb-b9ece4615d24
ART0538,ART0185,1,0.89786166,sentence-transformers/all-MiniLM-L6-v2,ebc1fbcf-217e-4416-aefb-b9ece4615d24
ART0538,ART0383,2,0.8096146,sentence-transformers/all-MiniLM-L6-v2,ebc1fbcf-217e-4416-aefb-b9ece4615d24
ART0538,ART0153,3,0.77499735,sentence-transformers/all-MiniLM-L6-v2,ebc1fbcf-217e-4416-aefb-b9ece4615d24
ART0539,ART0461,1,0.82717955,sentence-transformers/all-MiniLM-L6-v2,ebc1fbcf-217e-4416-aefb-b9ece4615d24
ART0539,ART0573,2,0.78117138,sentence-transformers/all-MiniLM-L6-v2,ebc1fbcf-217e-4416-aefb-b9ece4615d24
ART0539,ART0317,3,0.75485861,sentence-transformers/all-MiniLM-L6-v2,ebc1fbcf-217e-4416-aefb-b9ece4615d24
ART0540,ART0628,1,0.85299259,sentence-transformers/all-MiniLM-L6-v2,ebc1fbcf-217e-4416-aefb-b9ece4615d24
ART0540,ART0389,2,0.84540999,sentence-transformers/all-MiniLM-L6-v2,ebc1fbcf-217e-4416-aefb-b9ece4615d24
ART0540,ART0405,3,0.84540999,sentence-transformers/all-MiniLM-L6-v2,ebc1fbcf-217e-4416-aefb-b9ece4615d24
ART0541,ART0693,1,0.85511869,sentence-transformers/all-MiniLM-L6-v2,ebc1fbcf-217e-4416-aefb-b9ece4615d24
ART0541,ART0205,2,0.83837754,sentence-transformers/all-MiniLM-L6-v2,ebc1fbcf-217e-4416-aefb-b9ece4615d24
ART0541,ART0316,3,0.82859069,sentence-transformers/all-MiniLM-L6-v2,ebc1fbcf-217e-4416-aefb-b9ece4615d24
ART0542,ART0259,1,0.83755201,sentence-transformers/all-MiniLM-L6-v2,ebc1fbcf-217e-4416-aefb-b9ece4615d24
ART0542,ART0706,2,0.76500988,sentence-transformers/all-MiniLM-L6-v2,ebc1fbcf-217e-4416-aefb-b9ece4615d24
ART0542,ART0477,3,0.74138588,sentence-transformers/all-MiniLM-L6-v2,ebc1fbcf-217e-4416-aefb-b9ece4615d24
ART0543,ART0694,1,0.74880201,sentence-transformers/all-MiniLM-L6-v2,ebc1fbcf-217e-4416-aefb-b9ece4615d24
ART0543,ART0231,2,0.73120898,sentence-transformers/all-MiniLM-L6-v2,ebc1fbcf-217e-4416-aefb-b9ece4615d24
ART0543,ART0406,3,0.70933586,sentence-transformers/all-MiniLM-L6-v2,ebc1fbcf-217e-4416-aefb-b9ece4615d24
ART0544,ART0641,1,0.7826314,sentence-transformers/all-MiniLM-L6-v2,ebc1fbcf-217e-4416-aefb-b9ece4615d24
ART0544,ART0138,2,0.71362746,sentence-transformers/all-MiniLM-L6-v2,ebc1fbcf-217e-4416-aefb-b9ece4615d24
ART0544,ART0693,3,0.70082951,sentence-transformers/all-MiniLM-L6-v2,ebc1fbcf-217e-4416-aefb-b9ece4615d24
ART0545,ART0442,1,0.84165019,sentence-transformers/all-MiniLM-L6-v2,ebc1fbcf-217e-4416-aefb-b9ece4615d24
ART0545,ART0114,2,0.82836998,sentence-transformers/all-MiniLM-L6-v2,ebc1fbcf-217e-4416-aefb-b9ece4615d24
ART0545,ART0197,3,0.82278645,sentence-transformers/all-MiniLM-L6-v2,ebc1fbcf-217e-4416-aefb-b9ece4615d24
ART0546,ART0028,1,0.8455947,sentence-transformers/all-MiniLM-L6-v2,ebc1fbcf-217e-4416-aefb-b9ece4615d24
ART0546,ART0548,2,0.83783919,sentence-transformers/all-MiniLM-L6-v2,ebc1fbcf-217e-4416-aefb-b9ece4615d24
ART0546,ART0183,3,0.77144182,sentence-transformers/all-MiniLM-L6-v2,ebc1fbcf-217e-4416-aefb-b9ece4615d24
ART0547,ART0210,1,0.81623894,sentence-transformers/all-MiniLM-L6-v2,ebc1fbcf-217e-4416-aefb-b9ece4615d24
ART0547,ART0577,2,0.8151502,sentence-transformers/all-MiniLM-L6-v2,ebc1fbcf-217e-4416-aefb-b9ece4615d24
ART0547,ART0597,3,0.79940069,sentence-transformers/all-MiniLM-L6-v2,ebc1fbcf-217e-4416-aefb-b9ece4615d24
ART0548,ART0028,1,0.98592186,sentence-transformers/all-MiniLM-L6-v2,ebc1fbcf-217e-4416-aefb-b9ece4615d24
ART0548,ART0546,2,0.83783919,sentence-transformers/all-MiniLM-L6-v2,ebc1fbcf-217e-4416-aefb-b9ece4615d24
ART0548,ART0183,3,0.82673925,sentence-transformers/all-MiniLM-L6-v2,ebc1fbcf-217e-4416-aefb-b9ece4615d24
ART0549,ART0301,1,0.8455981,sentence-transformers/all-MiniLM-L6-v2,ebc1fbcf-217e-4416-aefb-b9ece4615d24
ART0549,ART0097,2,0.81000286,sentence-transformers/all-MiniLM-L6-v2,ebc1fbcf-217e-4416-aefb-b9ece4615d24
ART0549,ART0259,3,0.79998153,sentence-transformers/all-MiniLM-L6-v2,ebc1fbcf-217e-4416-aefb-b9ece4615d24
ART0550,ART0138,1,0.8483606,sentence-transformers/all-MiniLM-L6-v2,ebc1fbcf-217e-4416-aefb-b9ece4615d24
ART0550,ART0333,2,0.80102181,sentence-transformers/all-MiniLM-L6-v2,ebc1fbcf-217e-4416-aefb-b9ece4615d24
ART0550,ART0709,3,0.7928254,sentence-transformers/all-MiniLM-L6-v2,ebc1fbcf-217e-4416-aefb-b9ece4615d24
ART0551,ART0181,1,0.8303507,sentence-transformers/all-MiniLM-L6-v2,ebc1fbcf-217e-4416-aefb-b9ece4615d24
ART0551,ART0366,2,0.71933985,sentence-transformers/all-MiniLM-L6-v2,ebc1fbcf-217e-4416-aefb-b9ece4615d24
ART0551,ART0122,3,0.71640015,sentence-transformers/all-MiniLM-L6-v2,ebc1fbcf-217e-4416-aefb-b9ece4615d24
ART0552,ART0088,1,0.87063539,sentence-transformers/all-MiniLM-L6-v2,ebc1fbcf-217e-4416-aefb-b9ece4615d24
ART0552,ART0120,2,0.86105204,sentence-transformers/all-MiniLM-L6-v2,ebc1fbcf-217e-4416-aefb-b9ece4615d24
ART0552,ART0389,3,0.85098189,sentence-transformers/all-MiniLM-L6-v2,ebc1fbcf-217e-4416-aefb-b9ece4615d24
ART0553,ART0403,1,0.99999988,sentence-transformers/all-MiniLM-L6-v2,ebc1fbcf-217e-4416-aefb-b9ece4615d24
ART0553,ART0390,2,0.76039684,sentence-transformers/all-MiniLM-L6-v2,ebc1fbcf-217e-4416-aefb-b9ece4615d24
ART0553,ART0744,3,0.76039684,sentence-transformers/all-MiniLM-L6-v2,ebc1fbcf-217e-4416-aefb-b9ece4615d24
ART0554,ART0154,1,0.99999988,sentence-transformers/all-MiniLM-L6-v2,ebc1fbcf-217e-4416-aefb-b9ece4615d24
ART0554,ART0029,2,0.78019136,sentence-transformers/all-MiniLM-L6-v2,ebc1fbcf-217e-4416-aefb-b9ece4615d24
ART0554,ART0680,3,0.73090774,sentence-transformers/all-MiniLM-L6-v2,ebc1fbcf-217e-4416-aefb-b9ece4615d24
ART0555,ART0420,1,1.0,sentence-transformers/all-MiniLM-L6-v2,ebc1fbcf-217e-4416-aefb-b9ece4615d24
ART0555,ART0463,2,0.83205277,sentence-transformers/all-MiniLM-L6-v2,ebc1fbcf-217e-4416-aefb-b9ece4615d24
ART0555,ART0215,3,0.82835966,sentence-transformers/all-MiniLM-L6-v2,ebc1fbcf-217e-4416-aefb-b9ece4615d24
ART0556,ART0270,1,0.82746875,sentence-transformers/all-MiniLM-L6-v2,ebc1fbcf-217e-4416-aefb-b9ece4615d24
ART0556,ART0475,2,0.78968209,sentence-transformers/all-MiniLM-L6-v2,ebc1fbcf-217e-4416-aefb-b9ece4615d24
ART0556,ART0163,3,0.78551525,sentence-transformers/all-MiniLM-L6-v2,ebc1fbcf-217e-4416-aefb-b9ece4615d24
ART0557,ART0647,1,0.89211649,sentence-transformers/all-MiniLM-L6-v2,ebc1fbcf-217e-4416-aefb-b9ece4615d24
ART0557,ART0283,2,0.87069315,sentence-transformers/all-MiniLM-L6-v2,ebc1fbcf-217e-4416-aefb-b9ece4615d24
ART0557,ART0390,3,0.85757655,sentence-transformers/all-MiniLM-L6-v2,ebc1fbcf-217e-4416-aefb-b9ece4615d24
ART0558,ART0093,1,0.99999994,sentence-transformers/all-MiniLM-L6-v2,ebc1fbcf-217e-4416-aefb-b9ece4615d24
ART0558,ART0505,2,0.7859115,sentence-transformers/all-MiniLM-L6-v2,ebc1fbcf-217e-4416-aefb-b9ece4615d24
ART0558,ART0618,3,0.77186596,sentence-transformers/all-MiniLM-L6-v2,ebc1fbcf-217e-4416-aefb-b9ece4615d24
ART0559,ART0459,1,1.0,sentence-transformers/all-MiniLM-L6-v2,ebc1fbcf-217e-4416-aefb-b9ece4615d24
ART0559,ART0472,2,1.0,sentence-transformers/all-MiniLM-L6-v2,ebc1fbcf-217e-4416-aefb-b9ece4615d24
ART0559,ART0058,3,0.87978727,sentence-transformers/all-MiniLM-L6-v2,ebc1fbcf-217e-4416-aefb-b9ece4615d24
ART0560,ART0643,1,0.81528306,sentence-transformers/all-MiniLM-L6-v2,ebc1fbcf-217e-4416-aefb-b9ece4615d24
ART0560,ART0441,2,0.79834348,sentence-transformers/all-MiniLM-L6-v2,ebc1fbcf-217e-4416-aefb-b9ece4615d24
ART0560,ART0221,3,0.77713281,sentence-transformers/all-MiniLM-L6-v2,ebc1fbcf-217e-4416-aefb-b9ece4615d24
ART0561,ART0128,1,0.89375204,sentence-transformers/all-MiniLM-L6-v2,ebc1fbcf-217e-4416-aefb-b9ece4615d24
ART0561,ART0512,2,0.8870073,sentence-transformers/all-MiniLM-L6-v2,ebc1fbcf-217e-4416-aefb-b9ece4615d24
ART0561,ART0352,3,0.87564778,sentence-transformers/all-MiniLM-L6-v2,ebc1fbcf-217e-4416-aefb-b9ece4615d24
ART0562,ART0213,1,0.78187096,sentence-transformers/all-MiniLM-L6-v2,ebc1fbcf-217e-4416-aefb-b9ece4615d24
ART0562,ART0171,2,0.76550698,sentence-transformers/all-MiniLM-L6-v2,ebc1fbcf-217e-4416-aefb-b9ece4615d24
ART0562,ART0650,3,0.72986686,sentence-transformers/all-MiniLM-L6-v2,ebc1fbcf-217e-4416-aefb-b9ece4615d24
ART0563,ART0712,1,0.80665833,sentence-transformers/all-MiniLM-L6-v2,ebc1fbcf-217e-4416-aefb-b9ece4615d24
ART0563,ART0294,2,0.77633494,sentence-transformers/all-MiniLM-L6-v2,ebc1fbcf-217e-4416-aefb-b9ece4615d24
ART0563,ART0334,3,0.77128685,sentence-transformers/all-MiniLM-L6-v2,ebc1fbcf-217e-4416-aefb-b9ece4615d24
ART0564,ART0375,1,0.76261246,sentence-transformers/all-MiniLM-L6-v2,ebc1fbcf-217e-4416-aefb-b9ece4615d24
ART0564,ART0105,2,0.74086195,sentence-transformers/all-MiniLM-L6-v2,ebc1fbcf-217e-4416-aefb-b9ece4615d24
ART0564,ART0723,3,0.68807453,sentence-transformers/all-MiniLM-L6-v2,ebc1fbcf-217e-4416-aefb-b9ece4615d24
ART0565,ART0429,1,0.79624361,sentence-transformers/all-MiniLM-L6-v2,ebc1fbcf-217e-4416-aefb-b9ece4615d24
ART0565,ART0625,2,0.78317928,sentence-transformers/all-MiniLM-L6-v2,ebc1fbcf-217e-4416-aefb-b9ece4615d24
ART0565,ART0489,3,0.78270197,sentence-transformers/all-MiniLM-L6-v2,ebc1fbcf-217e-4416-aefb-b9ece4615d24
ART0566,ART0731,1,0.99999988,sentence-transformers/all-MiniLM-L6-v2,ebc1fbcf-217e-4416-aefb-b9ece4615d24
ART0566,ART0020,2,0.76968968,sentence-transformers/all-MiniLM-L6-v2,ebc1fbcf-217e-4416-aefb-b9ece4615d24
ART0566,ART0338,3,0.76968968,sentence-transformers/all-MiniLM-L6-v2,ebc1fbcf-217e-4416-aefb-b9ece4615d24
ART0567,ART0687,1,0.67637044,sentence-transformers/all-MiniLM-L6-v2,ebc1fbcf-217e-4416-aefb-b9ece4615d24
ART0567,ART0270,2,0.65736198,sentence-transformers/all-MiniLM-L6-v2,ebc1fbcf-217e-4416-aefb-b9ece4615d24
ART0567,ART0719,3,0.65288067,sentence-transformers/all-MiniLM-L6-v2,ebc1fbcf-217e-4416-aefb-b9ece4615d24
ART0568,ART0203,1,0.99999988,sentence-transformers/all-MiniLM-L6-v2,ebc1fbcf-217e-4416-aefb-b9ece4615d24
ART0568,ART0695,2,0.8384276,sentence-transformers/all-MiniLM-L6-v2,ebc1fbcf-217e-4416-aefb-b9ece4615d24
ART0568,ART0340,3,0.82796264,sentence-transformers/all-MiniLM-L6-v2,ebc1fbcf-217e-4416-aefb-b9ece4615d24
ART0569,ART0103,1,0.8730579,sentence-transformers/all-MiniLM-L6-v2,ebc1fbcf-217e-4416-aefb-b9ece4615d24
ART0569,ART0460,2,0.80431509,sentence-transformers/all-MiniLM-L6-v2,ebc1fbcf-217e-4416-aefb-b9ece4615d24
ART0569,ART0738,3,0.76147836,sentence-transformers/all-MiniLM-L6-v2,ebc1fbcf-217e-4416-aefb-b9ece4615d24
ART0570,ART0173,1,1.00000024,sentence-transformers/all-MiniLM-L6-v2,ebc1fbcf-217e-4416-aefb-b9ece4615d24
ART0570,ART0597,2,0.77360374,sentence-transformers/all-MiniLM-L6-v2,ebc1fbcf-217e-4416-aefb-b9ece4615d24
ART0570,ART0610,3,0.7279076,sentence-transformers/all-MiniLM-L6-v2,ebc1fbcf-217e-4416-aefb-b9ece4615d24
ART0571,ART0438,1,0.85537064,sentence-transformers/all-MiniLM-L6-v2,ebc1fbcf-217e-4416-aefb-b9ece4615d24
ART0571,ART0349,2,0.83958775,sentence-transformers/all-MiniLM-L6-v2,ebc1fbcf-217e-4416-aefb-b9ece4615d24
ART0571,ART0095,3,0.83194536,sentence-transformers/all-MiniLM-L6-v2,ebc1fbcf-217e-4416-aefb-b9ece4615d24
ART0572,ART0099,1,1.0,sentence-transformers/all-MiniLM-L6-v2,ebc1fbcf-217e-4416-aefb-b9ece4615d24
ART0572,ART0413,2,0.80505562,sentence-transformers/all-MiniLM-L6-v2,ebc1fbcf-217e-4416-aefb-b9ece4615d24
ART0572,ART0385,3,0.80146909,sentence-transformers/all-MiniLM-L6-v2,ebc1fbcf-217e-4416-aefb-b9ece4615d24
ART0573,ART0600,1,0.893112,sentence-transformers/all-MiniLM-L6-v2,ebc1fbcf-217e-4416-aefb-b9ece4615d24
ART0573,ART0704,2,0.84577239,sentence-transformers/all-MiniLM-L6-v2,ebc1fbcf-217e-4416-aefb-b9ece4615d24
ART0573,ART0510,3,0.82816041,sentence-transformers/all-MiniLM-L6-v2,ebc1fbcf-217e-4416-aefb-b9ece4615d24
ART0574,ART0361,1,1.0,sentence-transformers/all-MiniLM-L6-v2,ebc1fbcf-217e-4416-aefb-b9ece4615d24
ART0574,ART0344,2,0.83485967,sentence-transformers/all-MiniLM-L6-v2,ebc1fbcf-217e-4416-aefb-b9ece4615d24
ART0574,ART0116,3,0.83254486,sentence-transformers/all-MiniLM-L6-v2,ebc1fbcf-217e-4416-aefb-b9ece4615d24
ART0575,ART0499,1,0.86644089,sentence-transformers/all-MiniLM-L6-v2,ebc1fbcf-217e-4416-aefb-b9ece4615d24
ART0575,ART0107,2,0.85349,sentence-transformers/all-MiniLM-L6-v2,ebc1fbcf-217e-4416-aefb-b9ece4615d24
ART0575,ART0599,3,0.85349,sentence-transformers/all-MiniLM-L6-v2,ebc1fbcf-217e-4416-aefb-b9ece4615d24
ART0576,ART0221,1,0.82558829,sentence-transformers/all-MiniLM-L6-v2,ebc1fbcf-217e-4416-aefb-b9ece4615d24
ART0576,ART0622,2,0.82558829,sentence-transformers/all-MiniLM-L6-v2,ebc1fbcf-217e-4416-aefb-b9ece4615d24
ART0576,ART0643,3,0.82207561,sentence-transformers/all-MiniLM-L6-v2,ebc1fbcf-217e-4416-aefb-b9ece4615d24
ART0577,ART0547,1,0.8151502,sentence-transformers/all-MiniLM-L6-v2,ebc1fbcf-217e-4416-aefb-b9ece4615d24
ART0577,ART0015,2,0.80463338,sentence-transformers/all-MiniLM-L6-v2,ebc1fbcf-217e-4416-aefb-b9ece4615d24
ART0577,ART0159,3,0.76736182,sentence-transformers/all-MiniLM-L6-v2,ebc1fbcf-217e-4416-aefb-b9ece4615d24
ART0578,ART0106,1,0.88907093,sentence-transformers/all-MiniLM-L6-v2,ebc1fbcf-217e-4416-aefb-b9ece4615d24
ART0578,ART0515,2,0.88907093,sentence-transformers/all-MiniLM-L6-v2,ebc1fbcf-217e-4416-aefb-b9ece4615d24
ART0578,ART0709,3,0.84265965,sentence-transformers/all-MiniLM-L6-v2,ebc1fbcf-217e-4416-aefb-b9ece4615d24
ART0579,ART0715,1,0.72324556,sentence-transformers/all-MiniLM-L6-v2,ebc1fbcf-217e-4416-aefb-b9ece4615d24
ART0579,ART0372,2,0.72136903,sentence-transformers/all-MiniLM-L6-v2,ebc1fbcf-217e-4416-aefb-b9ece4615d24
ART0579,ART0595,3,0.70760047,sentence-transformers/all-MiniLM-L6-v2,ebc1fbcf-217e-4416-aefb-b9ece4615d24
ART0580,ART0474,1,0.9999997,sentence-transformers/all-MiniLM-L6-v2,ebc1fbcf-217e-4416-aefb-b9ece4615d24
ART0580,ART0012,2,0.87205946,sentence-transformers/all-MiniLM-L6-v2,ebc1fbcf-217e-4416-aefb-b9ece4615d24
ART0580,ART0653,3,0.87205946,sentence-transformers/all-MiniLM-L6-v2,ebc1fbcf-217e-4416-aefb-b9ece4615d24
ART0581,ART0074,1,0.75560862,sentence-transformers/all-MiniLM-L6-v2,ebc1fbcf-217e-4416-aefb-b9ece4615d24
ART0581,ART0070,2,0.74712467,sentence-transformers/all-MiniLM-L6-v2,ebc1fbcf-217e-4416-aefb-b9ece4615d24
ART0581,ART0121,3,0.74712467,sentence-transformers/all-MiniLM-L6-v2,ebc1fbcf-217e-4416-aefb-b9ece4615d24
ART0582,ART0025,1,0.77520287,sentence-transformers/all-MiniLM-L6-v2,ebc1fbcf-217e-4416-aefb-b9ece4615d24
ART0582,ART0344,2,0.76595968,sentence-transformers/all-MiniLM-L6-v2,ebc1fbcf-217e-4416-aefb-b9ece4615d24
ART0582,ART0432,3,0.76191229,sentence-transformers/all-MiniLM-L6-v2,ebc1fbcf-217e-4416-aefb-b9ece4615d24
ART0583,ART0236,1,0.83304977,sentence-transformers/all-MiniLM-L6-v2,ebc1fbcf-217e-4416-aefb-b9ece4615d24
ART0583,ART0411,2,0.81861603,sentence-transformers/all-MiniLM-L6-v2,ebc1fbcf-217e-4416-aefb-b9ece4615d24
ART0583,ART0456,3,0.81861603,sentence-transformers/all-MiniLM-L6-v2,ebc1fbcf-217e-4416-aefb-b9ece4615d24
ART0584,ART0248,1,0.77750343,sentence-transformers/all-MiniLM-L6-v2,ebc1fbcf-217e-4416-aefb-b9ece4615d24
ART0584,ART0391,2,0.73650819,sentence-transformers/all-MiniLM-L6-v2,ebc1fbcf-217e-4416-aefb-b9ece4615d24
ART0584,ART0357,3,0.72606707,sentence-transformers/all-MiniLM-L6-v2,ebc1fbcf-217e-4416-aefb-b9ece4615d24
ART0585,ART0265,1,0.94569969,sentence-transformers/all-MiniLM-L6-v2,ebc1fbcf-217e-4416-aefb-b9ece4615d24
ART0585,ART0526,2,0.94073534,sentence-transformers/all-MiniLM-L6-v2,ebc1fbcf-217e-4416-aefb-b9ece4615d24
ART0585,ART0732,3,0.93399084,sentence-transformers/all-MiniLM-L6-v2,ebc1fbcf-217e-4416-aefb-b9ece4615d24
ART0586,ART0362,1,0.75900114,sentence-transformers/all-MiniLM-L6-v2,ebc1fbcf-217e-4416-aefb-b9ece4615d24
ART0586,ART0675,2,0.69314939,sentence-transformers/all-MiniLM-L6-v2,ebc1fbcf-217e-4416-aefb-b9ece4615d24
ART0586,ART0720,3,0.68397367,sentence-transformers/all-MiniLM-L6-v2,ebc1fbcf-217e-4416-aefb-b9ece4615d24
ART0587,ART0274,1,0.87119645,sentence-transformers/all-MiniLM-L6-v2,ebc1fbcf-217e-4416-aefb-b9ece4615d24
ART0587,ART0056,2,0.85504466,sentence-transformers/all-MiniLM-L6-v2,ebc1fbcf-217e-4416-aefb-b9ece4615d24
ART0587,ART0620,3,0.85504466,sentence-transformers/all-MiniLM-L6-v2,ebc1fbcf-217e-4416-aefb-b9ece4615d24
ART0588,ART0166,1,1.0,sentence-transformers/all-MiniLM-L6-v2,ebc1fbcf-217e-4416-aefb-b9ece4615d24
ART0588,ART0358,2,0.80201262,sentence-transformers/all-MiniLM-L6-v2,ebc1fbcf-217e-4416-aefb-b9ece4615d24
ART0588,ART0179,3,0.79882818,sentence-transformers/all-MiniLM-L6-v2,ebc1fbcf-217e-4416-aefb-b9ece4615d24
ART0589,ART0060,1,0.91199988,sentence-transformers/all-MiniLM-L6-v2,ebc1fbcf-217e-4416-aefb-b9ece4615d24
ART0589,ART0457,2,0.79664421,sentence-transformers/all-MiniLM-L6-v2,ebc1fbcf-217e-4416-aefb-b9ece4615d24
ART0589,ART0033,3,0.73529327,sentence-transformers/all-MiniLM-L6-v2,ebc1fbcf-217e-4416-aefb-b9ece4615d24
ART0590,ART0247,1,0.81580251,sentence-transformers/all-MiniLM-L6-v2,ebc1fbcf-217e-4416-aefb-b9ece4615d24
ART0590,ART0387,2,0.77363598,sentence-transformers/all-MiniLM-L6-v2,ebc1fbcf-217e-4416-aefb-b9ece4615d24
ART0590,ART0688,3,0.76603425,sentence-transformers/all-MiniLM-L6-v2,ebc1fbcf-217e-4416-aefb-b9ece4615d24
ART0591,ART0645,1,0.77028155,sentence-transformers/all-MiniLM-L6-v2,ebc1fbcf-217e-4416-aefb-b9ece4615d24
ART0591,ART0514,2,0.7466073,sentence-transformers/all-MiniLM-L6-v2,ebc1fbcf-217e-4416-aefb-b9ece4615d24
ART0591,ART0312,3,0.73541963,sentence-transformers/all-MiniLM-L6-v2,ebc1fbcf-217e-4416-aefb-b9ece4615d24
ART0592,ART0665,1,0.84703726,sentence-transformers/all-MiniLM-L6-v2,ebc1fbcf-217e-4416-aefb-b9ece4615d24
ART0592,ART0172,2,0.83334172,sentence-transformers/all-MiniLM-L6-v2,ebc1fbcf-217e-4416-aefb-b9ece4615d24
ART0592,ART0355,3,0.83334172,sentence-transformers/all-MiniLM-L6-v2,ebc1fbcf-217e-4416-aefb-b9ece4615d24
ART0593,ART0151,1,0.81138843,sentence-transformers/all-MiniLM-L6-v2,ebc1fbcf-217e-4416-aefb-b9ece4615d24
ART0593,ART0727,2,0.77051264,sentence-transformers/all-MiniLM-L6-v2,ebc1fbcf-217e-4416-aefb-b9ece4615d24
ART0593,ART0407,3,0.73340636,sentence-transformers/all-MiniLM-L6-v2,ebc1fbcf-217e-4416-aefb-b9ece4615d24
ART0594,ART0032,1,0.90008026,sentence-transformers/all-MiniLM-L6-v2,ebc1fbcf-217e-4416-aefb-b9ece4615d24
ART0594,ART0189,2,0.71440029,sentence-transformers/all-MiniLM-L6-v2,ebc1fbcf-217e-4416-aefb-b9ece4615d24
ART0594,ART0667,3,0.71126616,sentence-transformers/all-MiniLM-L6-v2,ebc1fbcf-217e-4416-aefb-b9ece4615d24
ART0595,ART0407,1,0.82482767,sentence-transformers/all-MiniLM-L6-v2,ebc1fbcf-217e-4416-aefb-b9ece4615d24
ART0595,ART0715,2,0.78703827,sentence-transformers/all-MiniLM-L6-v2,ebc1fbcf-217e-4416-aefb-b9ece4615d24
ART0595,ART0066,3,0.72713888,sentence-transformers/all-MiniLM-L6-v2,ebc1fbcf-217e-4416-aefb-b9ece4615d24
ART0596,ART0670,1,0.85104156,sentence-transformers/all-MiniLM-L6-v2,ebc1fbcf-217e-4416-aefb-b9ece4615d24
ART0596,ART0182,2,0.80749291,sentence-transformers/all-MiniLM-L6-v2,ebc1fbcf-217e-4416-aefb-b9ece4615d24
ART0596,ART0530,3,0.80490547,sentence-transformers/all-MiniLM-L6-v2,ebc1fbcf-217e-4416-aefb-b9ece4615d24
ART0597,ART0210,1,0.82265294,sentence-transformers/all-MiniLM-L6-v2,ebc1fbcf-217e-4416-aefb-b9ece4615d24
ART0597,ART0547,2,0.79940069,sentence-transformers/all-MiniLM-L6-v2,ebc1fbcf-217e-4416-aefb-b9ece4615d24
ART0597,ART0173,3,0.77360374,sentence-transformers/all-MiniLM-L6-v2,ebc1fbcf-217e-4416-aefb-b9ece4615d24
ART0598,ART0724,1,0.8122111,sentence-transformers/all-MiniLM-L6-v2,ebc1fbcf-217e-4416-aefb-b9ece4615d24
ART0598,ART0252,2,0.80075979,sentence-transformers/all-MiniLM-L6-v2,ebc1fbcf-217e-4416-aefb-b9ece4615d24
ART0598,ART0729,3,0.7852115,sentence-transformers/all-MiniLM-L6-v2,ebc1fbcf-217e-4416-aefb-b9ece4615d24
ART0599,ART0107,1,1.0,sentence-transformers/all-MiniLM-L6-v2,ebc1fbcf-217e-4416-aefb-b9ece4615d24
ART0599,ART0499,2,0.86791188,sentence-transformers/all-MiniLM-L6-v2,ebc1fbcf-217e-4416-aefb-b9ece4615d24
ART0599,ART0575,3,0.85349,sentence-transformers/all-MiniLM-L6-v2,ebc1fbcf-217e-4416-aefb-b9ece4615d24
ART0600,ART0704,1,0.89956146,sentence-transformers/all-MiniLM-L6-v2,ebc1fbcf-217e-4416-aefb-b9ece4615d24
ART0600,ART0573,2,0.893112,sentence-transformers/all-MiniLM-L6-v2,ebc1fbcf-217e-4416-aefb-b9ece4615d24
ART0600,ART0510,3,0.852938,sentence-transformers/all-MiniLM-L6-v2,ebc1fbcf-217e-4416-aefb-b9ece4615d24
ART0601,ART0473,1,0.841465,sentence-transformers/all-MiniLM-L6-v2,ebc1fbcf-217e-4416-aefb-b9ece4615d24
ART0601,ART0623,2,0.83509159,sentence-transformers/all-MiniLM-L6-v2,ebc1fbcf-217e-4416-aefb-b9ece4615d24
ART0601,ART0396,3,0.82429755,sentence-transformers/all-MiniLM-L6-v2,ebc1fbcf-217e-4416-aefb-b9ece4615d24
ART0602,ART0637,1,1.00000024,sentence-transformers/all-MiniLM-L6-v2,ebc1fbcf-217e-4416-aefb-b9ece4615d24
ART0602,ART0198,2,0.80918986,sentence-transformers/all-MiniLM-L6-v2,ebc1fbcf-217e-4416-aefb-b9ece4615d24
ART0602,ART0309,3,0.80918986,sentence-transformers/all-MiniLM-L6-v2,ebc1fbcf-217e-4416-aefb-b9ece4615d24
ART0603,ART0716,1,0.84811836,sentence-transformers/all-MiniLM-L6-v2,ebc1fbcf-217e-4416-aefb-b9ece4615d24
ART0603,ART0291,2,0.84625942,sentence-transformers/all-MiniLM-L6-v2,ebc1fbcf-217e-4416-aefb-b9ece4615d24
ART0603,ART0160,3,0.7810517,sentence-transformers/all-MiniLM-L6-v2,ebc1fbcf-217e-4416-aefb-b9ece4615d24
ART0604,ART0088,1,0.89510906,sentence-transformers/all-MiniLM-L6-v2,ebc1fbcf-217e-4416-aefb-b9ece4615d24
ART0604,ART0389,2,0.85669684,sentence-transformers/all-MiniLM-L6-v2,ebc1fbcf-217e-4416-aefb-b9ece4615d24
ART0604,ART0405,3,0.85669684,sentence-transformers/all-MiniLM-L6-v2,ebc1fbcf-217e-4416-aefb-b9ece4615d24
ART0605,ART0656,1,0.80832762,sentence-transformers/all-MiniLM-L6-v2,ebc1fbcf-217e-4416-aefb-b9ece4615d24
ART0605,ART0722,2,0.79468912,sentence-transformers/all-MiniLM-L6-v2,ebc1fbcf-217e-4416-aefb-b9ece4615d24
ART0605,ART0606,3,0.78207451,sentence-transformers/all-MiniLM-L6-v2,ebc1fbcf-217e-4416-aefb-b9ece4615d24
ART0606,ART0156,1,0.8543154,sentence-transformers/all-MiniLM-L6-v2,ebc1fbcf-217e-4416-aefb-b9ece4615d24
ART0606,ART0253,2,0.8543154,sentence-transformers/all-MiniLM-L6-v2,ebc1fbcf-217e-4416-aefb-b9ece4615d24
ART0606,ART0083,3,0.80384749,sentence-transformers/all-MiniLM-L6-v2,ebc1fbcf-217e-4416-aefb-b9ece4615d24
ART0607,ART0216,1,0.99999994,sentence-transformers/all-MiniLM-L6-v2,ebc1fbcf-217e-4416-aefb-b9ece4615d24
ART0607,ART0470,2,0.73789746,sentence-transformers/all-MiniLM-L6-v2,ebc1fbcf-217e-4416-aefb-b9ece4615d24
ART0607,ART0015,3,0.71951258,sentence-transformers/all-MiniLM-L6-v2,ebc1fbcf-217e-4416-aefb-b9ece4615d24
ART0608,ART0221,1,0.87231761,sentence-transformers/all-MiniLM-L6-v2,ebc1fbcf-217e-4416-aefb-b9ece4615d24
ART0608,ART0622,2,0.87231761,sentence-transformers/all-MiniLM-L6-v2,ebc1fbcf-217e-4416-aefb-b9ece4615d24
ART0608,ART0086,3,0.86516833,sentence-transformers/all-MiniLM-L6-v2,ebc1fbcf-217e-4416-aefb-b9ece4615d24
ART0609,ART0523,1,0.91105813,sentence-transformers/all-MiniLM-L6-v2,ebc1fbcf-217e-4416-aefb-b9ece4615d24
ART0609,ART0132,2,0.87832111,sentence-transformers/all-MiniLM-L6-v2,ebc1fbcf-217e-4416-aefb-b9ece4615d24
ART0609,ART0218,3,0.87832111,sentence-transformers/all-MiniLM-L6-v2,ebc1fbcf-217e-4416-aefb-b9ece4615d24
ART0610,ART0377,1,0.8081665,sentence-transformers/all-MiniLM-L6-v2,ebc1fbcf-217e-4416-aefb-b9ece4615d24
ART0610,ART0366,2,0.78221315,sentence-transformers/all-MiniLM-L6-v2,ebc1fbcf-217e-4416-aefb-b9ece4615d24
ART0610,ART0516,3,0.77997643,sentence-transformers/all-MiniLM-L6-v2,ebc1fbcf-217e-4416-aefb-b9ece4615d24
ART0611,ART0418,1,0.75990242,sentence-transformers/all-MiniLM-L6-v2,ebc1fbcf-217e-4416-aefb-b9ece4615d24
ART0611,ART0727,2,0.75952739,sentence-transformers/all-MiniLM-L6-v2,ebc1fbcf-217e-4416-aefb-b9ece4615d24
ART0611,ART0431,3,0.71515095,sentence-transformers/all-MiniLM-L6-v2,ebc1fbcf-217e-4416-aefb-b9ece4615d24
ART0612,ART0402,1,0.9999997,sentence-transformers/all-MiniLM-L6-v2,ebc1fbcf-217e-4416-aefb-b9ece4615d24
ART0612,ART0097,2,0.85425258,sentence-transformers/all-MiniLM-L6-v2,ebc1fbcf-217e-4416-aefb-b9ece4615d24
ART0612,ART0321,3,0.77239269,sentence-transformers/all-MiniLM-L6-v2,ebc1fbcf-217e-4416-aefb-b9ece4615d24
ART0613,ART0745,1,0.79081368,sentence-transformers/all-MiniLM-L6-v2,ebc1fbcf-217e-4416-aefb-b9ece4615d24
ART0613,ART0006,2,0.73856765,sentence-transformers/all-MiniLM-L6-v2,ebc1fbcf-217e-4416-aefb-b9ece4615d24
ART0613,ART0700,3,0.71067524,sentence-transformers/all-MiniLM-L6-v2,ebc1fbcf-217e-4416-aefb-b9ece4615d24
ART0614,ART0186,1,0.84030497,sentence-transformers/all-MiniLM-L6-v2,ebc1fbcf-217e-4416-aefb-b9ece4615d24
ART0614,ART0326,2,0.83985859,sentence-transformers/all-MiniLM-L6-v2,ebc1fbcf-217e-4416-aefb-b9ece4615d24
ART0614,ART0681,3,0.8114509,sentence-transformers/all-MiniLM-L6-v2,ebc1fbcf-217e-4416-aefb-b9ece4615d24
ART0615,ART0096,1,0.85268861,sentence-transformers/all-MiniLM-L6-v2,ebc1fbcf-217e-4416-aefb-b9ece4615d24
ART0615,ART0391,2,0.81319851,sentence-transformers/all-MiniLM-L6-v2,ebc1fbcf-217e-4416-aefb-b9ece4615d24
ART0615,ART0177,3,0.76778495,sentence-transformers/all-MiniLM-L6-v2,ebc1fbcf-217e-4416-aefb-b9ece4615d24
ART0616,ART0430,1,0.85749948,sentence-transformers/all-MiniLM-L6-v2,ebc1fbcf-217e-4416-aefb-b9ece4615d24
ART0616,ART0304,2,0.79837465,sentence-transformers/all-MiniLM-L6-v2,ebc1fbcf-217e-4416-aefb-b9ece4615d24
ART0616,ART0332,3,0.79837465,sentence-transformers/all-MiniLM-L6-v2,ebc1fbcf-217e-4416-aefb-b9ece4615d24
ART0617,ART0003,1,0.80703378,sentence-transformers/all-MiniLM-L6-v2,ebc1fbcf-217e-4416-aefb-b9ece4615d24
ART0617,ART0415,2,0.80703378,sentence-transformers/all-MiniLM-L6-v2,ebc1fbcf-217e-4416-aefb-b9ece4615d24
ART0617,ART0031,3,0.78486001,sentence-transformers/all-MiniLM-L6-v2,ebc1fbcf-217e-4416-aefb-b9ece4615d24
ART0618,ART0257,1,0.84664232,sentence-transformers/all-MiniLM-L6-v2,ebc1fbcf-217e-4416-aefb-b9ece4615d24
ART0618,ART0220,2,0.81562352,sentence-transformers/all-MiniLM-L6-v2,ebc1fbcf-217e-4416-aefb-b9ece4615d24
ART0618,ART0093,3,0.77186596,sentence-transformers/all-MiniLM-L6-v2,ebc1fbcf-217e-4416-aefb-b9ece4615d24
ART0619,ART0031,1,0.87296379,sentence-transformers/all-MiniLM-L6-v2,ebc1fbcf-217e-4416-aefb-b9ece4615d24
ART0619,ART0303,2,0.84579003,sentence-transformers/all-MiniLM-L6-v2,ebc1fbcf-217e-4416-aefb-b9ece4615d24
ART0619,ART0683,3,0.83632958,sentence-transformers/all-MiniLM-L6-v2,ebc1fbcf-217e-4416-aefb-b9ece4615d24
ART0620,ART0056,1,1.00000048,sentence-transformers/all-MiniLM-L6-v2,ebc1fbcf-217e-4416-aefb-b9ece4615d24
ART0620,ART0587,2,0.85504466,sentence-transformers/all-MiniLM-L6-v2,ebc1fbcf-217e-4416-aefb-b9ece4615d24
ART0620,ART0068,3,0.82108802,sentence-transformers/all-MiniLM-L6-v2,ebc1fbcf-217e-4416-aefb-b9ece4615d24
ART0621,ART0626,1,0.79737955,sentence-transformers/all-MiniLM-L6-v2,ebc1fbcf-217e-4416-aefb-b9ece4615d24
ART0621,ART0684,2,0.76673979,sentence-transformers/all-MiniLM-L6-v2,ebc1fbcf-217e-4416-aefb-b9ece4615d24
ART0621,ART0297,3,0.76171809,sentence-transformers/all-MiniLM-L6-v2,ebc1fbcf-217e-4416-aefb-b9ece4615d24
ART0622,ART0221,1,1.00000036,sentence-transformers/all-MiniLM-L6-v2,ebc1fbcf-217e-4416-aefb-b9ece4615d24
ART0622,ART0608,2,0.87231761,sentence-transformers/all-MiniLM-L6-v2,ebc1fbcf-217e-4416-aefb-b9ece4615d24
ART0622,ART0086,3,0.85507071,sentence-transformers/all-MiniLM-L6-v2,ebc1fbcf-217e-4416-aefb-b9ece4615d24
ART0623,ART0473,1,0.93131149,sentence-transformers/all-MiniLM-L6-v2,ebc1fbcf-217e-4416-aefb-b9ece4615d24
ART0623,ART0195,2,0.8798359,sentence-transformers/all-MiniLM-L6-v2,ebc1fbcf-217e-4416-aefb-b9ece4615d24
ART0623,ART0501,3,0.86106169,sentence-transformers/all-MiniLM-L6-v2,ebc1fbcf-217e-4416-aefb-b9ece4615d24
ART0624,ART0646,1,0.61518484,sentence-transformers/all-MiniLM-L6-v2,ebc1fbcf-217e-4416-aefb-b9ece4615d24
ART0624,ART0662,2,0.6041339,sentence-transformers/all-MiniLM-L6-v2,ebc1fbcf-217e-4416-aefb-b9ece4615d24
ART0624,ART0634,3,0.53121734,sentence-transformers/all-MiniLM-L6-v2,ebc1fbcf-217e-4416-aefb-b9ece4615d24
ART0625,ART0489,1,0.82387477,sentence-transformers/all-MiniLM-L6-v2,ebc1fbcf-217e-4416-aefb-b9ece4615d24
ART0625,ART0118,2,0.79063046,sentence-transformers/all-MiniLM-L6-v2,ebc1fbcf-217e-4416-aefb-b9ece4615d24
ART0625,ART0565,3,0.78317928,sentence-transformers/all-MiniLM-L6-v2,ebc1fbcf-217e-4416-aefb-b9ece4615d24
ART0626,ART0684,1,0.84901786,sentence-transformers/all-MiniLM-L6-v2,ebc1fbcf-217e-4416-aefb-b9ece4615d24
ART0626,ART0621,2,0.79737955,sentence-transformers/all-MiniLM-L6-v2,ebc1fbcf-217e-4416-aefb-b9ece4615d24
ART0626,ART0399,3,0.78793675,sentence-transformers/all-MiniLM-L6-v2,ebc1fbcf-217e-4416-aefb-b9ece4615d24
ART0627,ART0648,1,0.74209398,sentence-transformers/all-MiniLM-L6-v2,ebc1fbcf-217e-4416-aefb-b9ece4615d24
ART0627,ART0630,2,0.68341947,sentence-transformers/all-MiniLM-L6-v2,ebc1fbcf-217e-4416-aefb-b9ece4615d24
ART0627,ART0390,3,0.67518663,sentence-transformers/all-MiniLM-L6-v2,ebc1fbcf-217e-4416-aefb-b9ece4615d24
ART0628,ART0540,1,0.85299259,sentence-transformers/all-MiniLM-L6-v2,ebc1fbcf-217e-4416-aefb-b9ece4615d24
ART0628,ART0232,2,0.84785479,sentence-transformers/all-MiniLM-L6-v2,ebc1fbcf-217e-4416-aefb-b9ece4615d24
ART0628,ART0274,3,0.80838668,sentence-transformers/all-MiniLM-L6-v2,ebc1fbcf-217e-4416-aefb-b9ece4615d24
ART0629,ART0267,1,0.73967463,sentence-transformers/all-MiniLM-L6-v2,ebc1fbcf-217e-4416-aefb-b9ece4615d24
ART0629,ART0344,2,0.72937435,sentence-transformers/all-MiniLM-L6-v2,ebc1fbcf-217e-4416-aefb-b9ece4615d24
ART0629,ART0244,3,0.72686964,sentence-transformers/all-MiniLM-L6-v2,ebc1fbcf-217e-4416-aefb-b9ece4615d24
ART0630,ART0648,1,0.69061726,sentence-transformers/all-MiniLM-L6-v2,ebc1fbcf-217e-4416-aefb-b9ece4615d24
ART0630,ART0627,2,0.68341947,sentence-transformers/all-MiniLM-L6-v2,ebc1fbcf-217e-4416-aefb-b9ece4615d24
ART0630,ART0451,3,0.64156318,sentence-transformers/all-MiniLM-L6-v2,ebc1fbcf-217e-4416-aefb-b9ece4615d24
ART0631,ART0047,1,1.00000024,sentence-transformers/all-MiniLM-L6-v2,ebc1fbcf-217e-4416-aefb-b9ece4615d24
ART0631,ART0026,2,0.88141525,sentence-transformers/all-MiniLM-L6-v2,ebc1fbcf-217e-4416-aefb-b9ece4615d24
ART0631,ART0454,3,0.85494775,sentence-transformers/all-MiniLM-L6-v2,ebc1fbcf-217e-4416-aefb-b9ece4615d24
ART0632,ART0502,1,0.6602661,sentence-transformers/all-MiniLM-L6-v2,ebc1fbcf-217e-4416-aefb-b9ece4615d24
ART0632,ART0508,2,0.64301938,sentence-transformers/all-MiniLM-L6-v2,ebc1fbcf-217e-4416-aefb-b9ece4615d24
ART0632,ART0710,3,0.61432886,sentence-transformers/all-MiniLM-L6-v2,ebc1fbcf-217e-4416-aefb-b9ece4615d24
ART0633,ART0368,1,0.7504167,sentence-transformers/all-MiniLM-L6-v2,ebc1fbcf-217e-4416-aefb-b9ece4615d24
ART0633,ART0328,2,0.70291817,sentence-transformers/all-MiniLM-L6-v2,ebc1fbcf-217e-4416-aefb-b9ece4615d24
ART0633,ART0486,3,0.7023111,sentence-transformers/all-MiniLM-L6-v2,ebc1fbcf-217e-4416-aefb-b9ece4615d24
ART0634,ART0520,1,0.7346611,sentence-transformers/all-MiniLM-L6-v2,ebc1fbcf-217e-4416-aefb-b9ece4615d24
ART0634,ART0647,2,0.72220093,sentence-transformers/all-MiniLM-L6-v2,ebc1fbcf-217e-4416-aefb-b9ece4615d24
ART0634,ART0446,3,0.70772588,sentence-transformers/all-MiniLM-L6-v2,ebc1fbcf-217e-4416-aefb-b9ece4615d24
ART0635,ART0037,1,0.83127302,sentence-transformers/all-MiniLM-L6-v2,ebc1fbcf-217e-4416-aefb-b9ece4615d24
ART0635,ART0329,2,0.83127302,sentence-transformers/all-MiniLM-L6-v2,ebc1fbcf-217e-4416-aefb-b9ece4615d24
ART0635,ART0706,3,0.82932091,sentence-transformers/all-MiniLM-L6-v2,ebc1fbcf-217e-4416-aefb-b9ece4615d24
ART0636,ART0326,1,0.8279655,sentence-transformers/all-MiniLM-L6-v2,ebc1fbcf-217e-4416-aefb-b9ece4615d24
ART0636,ART0186,2,0.81348938,sentence-transformers/all-MiniLM-L6-v2,ebc1fbcf-217e-4416-aefb-b9ece4615d24
ART0636,ART0614,3,0.80064487,sentence-transformers/all-MiniLM-L6-v2,ebc1fbcf-217e-4416-aefb-b9ece4615d24
ART0637,ART0602,1,1.00000024,sentence-transformers/all-MiniLM-L6-v2,ebc1fbcf-217e-4416-aefb-b9ece4615d24
ART0637,ART0198,2,0.80918986,sentence-transformers/all-MiniLM-L6-v2,ebc1fbcf-217e-4416-aefb-b9ece4615d24
ART0637,ART0309,3,0.80918986,sentence-transformers/all-MiniLM-L6-v2,ebc1fbcf-217e-4416-aefb-b9ece4615d24
ART0638,ART0356,1,0.86046028,sentence-transformers/all-MiniLM-L6-v2,ebc1fbcf-217e-4416-aefb-b9ece4615d24
ART0638,ART0050,2,0.85182714,sentence-transformers/all-MiniLM-L6-v2,ebc1fbcf-217e-4416-aefb-b9ece4615d24
ART0638,ART0478,3,0.85182714,sentence-transformers/all-MiniLM-L6-v2,ebc1fbcf-217e-4416-aefb-b9ece4615d24
ART0639,ART0424,1,0.98171979,sentence-transformers/all-MiniLM-L6-v2,ebc1fbcf-217e-4416-aefb-b9ece4615d24
ART0639,ART0339,2,0.84980881,sentence-transformers/all-MiniLM-L6-v2,ebc1fbcf-217e-4416-aefb-b9ece4615d24
ART0639,ART0188,3,0.806642,sentence-transformers/all-MiniLM-L6-v2,ebc1fbcf-217e-4416-aefb-b9ece4615d24
ART0640,ART0462,1,0.80079293,sentence-transformers/all-MiniLM-L6-v2,ebc1fbcf-217e-4416-aefb-b9ece4615d24
ART0640,ART0511,2,0.80079293,sentence-transformers/all-MiniLM-L6-v2,ebc1fbcf-217e-4416-aefb-b9ece4615d24
ART0640,ART0677,3,0.79227173,sentence-transformers/all-MiniLM-L6-v2,ebc1fbcf-217e-4416-aefb-b9ece4615d24
ART0641,ART0544,1,0.7826314,sentence-transformers/all-MiniLM-L6-v2,ebc1fbcf-217e-4416-aefb-b9ece4615d24
ART0641,ART0254,2,0.77334285,sentence-transformers/all-MiniLM-L6-v2,ebc1fbcf-217e-4416-aefb-b9ece4615d24
ART0641,ART0502,3,0.71431249,sentence-transformers/all-MiniLM-L6-v2,ebc1fbcf-217e-4416-aefb-b9ece4615d24
ART0642,ART0608,1,0.83657336,sentence-transformers/all-MiniLM-L6-v2,ebc1fbcf-217e-4416-aefb-b9ece4615d24
ART0642,ART0296,2,0.78333539,sentence-transformers/all-MiniLM-L6-v2,ebc1fbcf-217e-4416-aefb-b9ece4615d24
ART0642,ART0303,3,0.75978017,sentence-transformers/all-MiniLM-L6-v2,ebc1fbcf-217e-4416-aefb-b9ece4615d24
ART0643,ART0576,1,0.82207561,sentence-transformers/all-MiniLM-L6-v2,ebc1fbcf-217e-4416-aefb-b9ece4615d24
ART0643,ART0560,2,0.81528306,sentence-transformers/all-MiniLM-L6-v2,ebc1fbcf-217e-4416-aefb-b9ece4615d24
ART0643,ART0441,3,0.79114395,sentence-transformers/all-MiniLM-L6-v2,ebc1fbcf-217e-4416-aefb-b9ece4615d24
ART0644,ART0178,1,0.90458792,sentence-transformers/all-MiniLM-L6-v2,ebc1fbcf-217e-4416-aefb-b9ece4615d24
ART0644,ART0726,2,0.89457059,sentence-transformers/all-MiniLM-L6-v2,ebc1fbcf-217e-4416-aefb-b9ece4615d24
ART0644,ART0281,3,0.88064265,sentence-transformers/all-MiniLM-L6-v2,ebc1fbcf-217e-4416-aefb-b9ece4615d24
ART0645,ART0514,1,0.86051852,sentence-transformers/all-MiniLM-L6-v2,ebc1fbcf-217e-4416-aefb-b9ece4615d24
ART0645,ART0312,2,0.81289309,sentence-transformers/all-MiniLM-L6-v2,ebc1fbcf-217e-4416-aefb-b9ece4615d24
ART0645,ART0591,3,0.77028155,sentence-transformers/all-MiniLM-L6-v2,ebc1fbcf-217e-4416-aefb-b9ece4615d24
ART0646,ART0237,1,0.68660015,sentence-transformers/all-MiniLM-L6-v2,ebc1fbcf-217e-4416-aefb-b9ece4615d24
ART0646,ART0686,2,0.68660015,sentence-transformers/all-MiniLM-L6-v2,ebc1fbcf-217e-4416-aefb-b9ece4615d24
ART0646,ART0715,3,0.67986244,sentence-transformers/all-MiniLM-L6-v2,ebc1fbcf-217e-4416-aefb-b9ece4615d24
ART0647,ART0557,1,0.89211649,sentence-transformers/all-MiniLM-L6-v2,ebc1fbcf-217e-4416-aefb-b9ece4615d24
ART0647,ART0283,2,0.81988609,sentence-transformers/all-MiniLM-L6-v2,ebc1fbcf-217e-4416-aefb-b9ece4615d24
ART0647,ART0711,3,0.81548601,sentence-transformers/all-MiniLM-L6-v2,ebc1fbcf-217e-4416-aefb-b9ece4615d24
ART0648,ART0749,1,0.80618364,sentence-transformers/all-MiniLM-L6-v2,ebc1fbcf-217e-4416-aefb-b9ece4615d24
ART0648,ART0452,2,0.74786043,sentence-transformers/all-MiniLM-L6-v2,ebc1fbcf-217e-4416-aefb-b9ece4615d24
ART0648,ART0627,3,0.74209398,sentence-transformers/all-MiniLM-L6-v2,ebc1fbcf-217e-4416-aefb-b9ece4615d24
ART0649,ART0040,1,0.85023862,sentence-transformers/all-MiniLM-L6-v2,ebc1fbcf-217e-4416-aefb-b9ece4615d24
ART0649,ART0683,2,0.83990955,sentence-transformers/all-MiniLM-L6-v2,ebc1fbcf-217e-4416-aefb-b9ece4615d24
ART0649,ART0169,3,0.83173287,sentence-transformers/all-MiniLM-L6-v2,ebc1fbcf-217e-4416-aefb-b9ece4615d24
ART0650,ART0190,1,0.82887512,sentence-transformers/all-MiniLM-L6-v2,ebc1fbcf-217e-4416-aefb-b9ece4615d24
ART0650,ART0669,2,0.76091546,sentence-transformers/all-MiniLM-L6-v2,ebc1fbcf-217e-4416-aefb-b9ece4615d24
ART0650,ART0213,3,0.73974854,sentence-transformers/all-MiniLM-L6-v2,ebc1fbcf-217e-4416-aefb-b9ece4615d24
ART0651,ART0130,1,0.99999994,sentence-transformers/all-MiniLM-L6-v2,ebc1fbcf-217e-4416-aefb-b9ece4615d24
ART0651,ART0357,2,0.85831046,sentence-transformers/all-MiniLM-L6-v2,ebc1fbcf-217e-4416-aefb-b9ece4615d24
ART0651,ART0230,3,0.74279857,sentence-transformers/all-MiniLM-L6-v2,ebc1fbcf-217e-4416-aefb-b9ece4615d24
ART0652,ART0687,1,0.75753367,sentence-transformers/all-MiniLM-L6-v2,ebc1fbcf-217e-4416-aefb-b9ece4615d24
ART0652,ART0052,2,0.74733061,sentence-transformers/all-MiniLM-L6-v2,ebc1fbcf-217e-4416-aefb-b9ece4615d24
ART0652,ART0719,3,0.71576178,sentence-transformers/all-MiniLM-L6-v2,ebc1fbcf-217e-4416-aefb-b9ece4615d24
ART0653,ART0012,1,0.99999976,sentence-transformers/all-MiniLM-L6-v2,ebc1fbcf-217e-4416-aefb-b9ece4615d24
ART0653,ART0474,2,0.87205946,sentence-transformers/all-MiniLM-L6-v2,ebc1fbcf-217e-4416-aefb-b9ece4615d24
ART0653,ART0580,3,0.87205946,sentence-transformers/all-MiniLM-L6-v2,ebc1fbcf-217e-4416-aefb-b9ece4615d24
ART0654,ART0101,1,0.81186563,sentence-transformers/all-MiniLM-L6-v2,ebc1fbcf-217e-4416-aefb-b9ece4615d24
ART0654,ART0473,2,0.76016343,sentence-transformers/all-MiniLM-L6-v2,ebc1fbcf-217e-4416-aefb-b9ece4615d24
ART0654,ART0067,3,0.75837386,sentence-transformers/all-MiniLM-L6-v2,ebc1fbcf-217e-4416-aefb-b9ece4615d24
ART0655,ART0293,1,0.8010003,sentence-transformers/all-MiniLM-L6-v2,ebc1fbcf-217e-4416-aefb-b9ece4615d24
ART0655,ART0688,2,0.75616306,sentence-transformers/all-MiniLM-L6-v2,ebc1fbcf-217e-4416-aefb-b9ece4615d24
ART0655,ART0590,3,0.74639308,sentence-transformers/all-MiniLM-L6-v2,ebc1fbcf-217e-4416-aefb-b9ece4615d24
ART0656,ART0535,1,0.83600217,sentence-transformers/all-MiniLM-L6-v2,ebc1fbcf-217e-4416-aefb-b9ece4615d24
ART0656,ART0192,2,0.83077389,sentence-transformers/all-MiniLM-L6-v2,ebc1fbcf-217e-4416-aefb-b9ece4615d24
ART0656,ART0231,3,0.82050389,sentence-transformers/all-MiniLM-L6-v2,ebc1fbcf-217e-4416-aefb-b9ece4615d24
ART0657,ART0063,1,0.81206322,sentence-transformers/all-MiniLM-L6-v2,ebc1fbcf-217e-4416-aefb-b9ece4615d24
ART0657,ART0269,2,0.78423297,sentence-transformers/all-MiniLM-L6-v2,ebc1fbcf-217e-4416-aefb-b9ece4615d24
ART0657,ART0394,3,0.77333856,sentence-transformers/all-MiniLM-L6-v2,ebc1fbcf-217e-4416-aefb-b9ece4615d24
ART0658,ART0475,1,0.90514672,sentence-transformers/all-MiniLM-L6-v2,ebc1fbcf-217e-4416-aefb-b9ece4615d24
ART0658,ART0187,2,0.89338356,sentence-transformers/all-MiniLM-L6-v2,ebc1fbcf-217e-4416-aefb-b9ece4615d24
ART0658,ART0628,3,0.75065947,sentence-transformers/all-MiniLM-L6-v2,ebc1fbcf-217e-4416-aefb-b9ece4615d24
ART0659,ART0537,1,0.82611465,sentence-transformers/all-MiniLM-L6-v2,ebc1fbcf-217e-4416-aefb-b9ece4615d24
ART0659,ART0482,2,0.77125943,sentence-transformers/all-MiniLM-L6-v2,ebc1fbcf-217e-4416-aefb-b9ece4615d24
ART0659,ART0532,3,0.75240755,sentence-transformers/all-MiniLM-L6-v2,ebc1fbcf-217e-4416-aefb-b9ece4615d24
ART0660,ART0233,1,0.84988201,sentence-transformers/all-MiniLM-L6-v2,ebc1fbcf-217e-4416-aefb-b9ece4615d24
ART0660,ART0023,2,0.8018012,sentence-transformers/all-MiniLM-L6-v2,ebc1fbcf-217e-4416-aefb-b9ece4615d24
ART0660,ART0513,3,0.73888725,sentence-transformers/all-MiniLM-L6-v2,ebc1fbcf-217e-4416-aefb-b9ece4615d24
ART0661,ART0279,1,0.83315301,sentence-transformers/all-MiniLM-L6-v2,ebc1fbcf-217e-4416-aefb-b9ece4615d24
ART0661,ART0082,2,0.83223975,sentence-transformers/all-MiniLM-L6-v2,ebc1fbcf-217e-4416-aefb-b9ece4615d24
ART0661,ART0531,3,0.83223975,sentence-transformers/all-MiniLM-L6-v2,ebc1fbcf-217e-4416-aefb-b9ece4615d24
ART0662,ART0457,1,0.79298806,sentence-transformers/all-MiniLM-L6-v2,ebc1fbcf-217e-4416-aefb-b9ece4615d24
ART0662,ART0060,2,0.75147128,sentence-transformers/all-MiniLM-L6-v2,ebc1fbcf-217e-4416-aefb-b9ece4615d24
ART0662,ART0071,3,0.73940277,sentence-transformers/all-MiniLM-L6-v2,ebc1fbcf-217e-4416-aefb-b9ece4615d24
ART0663,ART0734,1,0.8462891,sentence-transformers/all-MiniLM-L6-v2,ebc1fbcf-217e-4416-aefb-b9ece4615d24
ART0663,ART0517,2,0.79410154,sentence-transformers/all-MiniLM-L6-v2,ebc1fbcf-217e-4416-aefb-b9ece4615d24
ART0663,ART0017,3,0.77357823,sentence-transformers/all-MiniLM-L6-v2,ebc1fbcf-217e-4416-aefb-b9ece4615d24
ART0664,ART0144,1,0.84324282,sentence-transformers/all-MiniLM-L6-v2,ebc1fbcf-217e-4416-aefb-b9ece4615d24
ART0664,ART0698,2,0.84324282,sentence-transformers/all-MiniLM-L6-v2,ebc1fbcf-217e-4416-aefb-b9ece4615d24
ART0664,ART0166,3,0.75994122,sentence-transformers/all-MiniLM-L6-v2,ebc1fbcf-217e-4416-aefb-b9ece4615d24
ART0665,ART0172,1,0.98951221,sentence-transformers/all-MiniLM-L6-v2,ebc1fbcf-217e-4416-aefb-b9ece4615d24
ART0665,ART0355,2,0.98951221,sentence-transformers/all-MiniLM-L6-v2,ebc1fbcf-217e-4416-aefb-b9ece4615d24
ART0665,ART0592,3,0.84703726,sentence-transformers/all-MiniLM-L6-v2,ebc1fbcf-217e-4416-aefb-b9ece4615d24
ART0666,ART0427,1,0.89470077,sentence-transformers/all-MiniLM-L6-v2,ebc1fbcf-217e-4416-aefb-b9ece4615d24
ART0666,ART0497,2,0.81753838,sentence-transformers/all-MiniLM-L6-v2,ebc1fbcf-217e-4416-aefb-b9ece4615d24
ART0666,ART0524,3,0.75775295,sentence-transformers/all-MiniLM-L6-v2,ebc1fbcf-217e-4416-aefb-b9ece4615d24
ART0667,ART0148,1,0.84715921,sentence-transformers/all-MiniLM-L6-v2,ebc1fbcf-217e-4416-aefb-b9ece4615d24
ART0667,ART0460,2,0.83355659,sentence-transformers/all-MiniLM-L6-v2,ebc1fbcf-217e-4416-aefb-b9ece4615d24
ART0667,ART0032,3,0.80209506,sentence-transformers/all-MiniLM-L6-v2,ebc1fbcf-217e-4416-aefb-b9ece4615d24
ART0668,ART0123,1,0.79982853,sentence-transformers/all-MiniLM-L6-v2,ebc1fbcf-217e-4416-aefb-b9ece4615d24
ART0668,ART0330,2,0.78347731,sentence-transformers/all-MiniLM-L6-v2,ebc1fbcf-217e-4416-aefb-b9ece4615d24
ART0668,ART0179,3,0.77326471,sentence-transformers/all-MiniLM-L6-v2,ebc1fbcf-217e-4416-aefb-b9ece4615d24
ART0669,ART0508,1,0.8104353,sentence-transformers/all-MiniLM-L6-v2,ebc1fbcf-217e-4416-aefb-b9ece4615d24
ART0669,ART0506,2,0.77699047,sentence-transformers/all-MiniLM-L6-v2,ebc1fbcf-217e-4416-aefb-b9ece4615d24
ART0669,ART0650,3,0.76091546,sentence-transformers/all-MiniLM-L6-v2,ebc1fbcf-217e-4416-aefb-b9ece4615d24
ART0670,ART0530,1,0.86591136,sentence-transformers/all-MiniLM-L6-v2,ebc1fbcf-217e-4416-aefb-b9ece4615d24
ART0670,ART0182,2,0.851533,sentence-transformers/all-MiniLM-L6-v2,ebc1fbcf-217e-4416-aefb-b9ece4615d24
ART0670,ART0596,3,0.85104156,sentence-transformers/all-MiniLM-L6-v2,ebc1fbcf-217e-4416-aefb-b9ece4615d24
ART0671,ART0111,1,0.74917096,sentence-transformers/all-MiniLM-L6-v2,ebc1fbcf-217e-4416-aefb-b9ece4615d24
ART0671,ART0521,2,0.74662477,sentence-transformers/all-MiniLM-L6-v2,ebc1fbcf-217e-4416-aefb-b9ece4615d24
ART0671,ART0705,3,0.713992,sentence-transformers/all-MiniLM-L6-v2,ebc1fbcf-217e-4416-aefb-b9ece4615d24
ART0672,ART0174,1,1.00000012,sentence-transformers/all-MiniLM-L6-v2,ebc1fbcf-217e-4416-aefb-b9ece4615d24
ART0672,ART0016,2,0.83296669,sentence-transformers/all-MiniLM-L6-v2,ebc1fbcf-217e-4416-aefb-b9ece4615d24
ART0672,ART0436,3,0.82415241,sentence-transformers/all-MiniLM-L6-v2,ebc1fbcf-217e-4416-aefb-b9ece4615d24
ART0673,ART0191,1,0.85150677,sentence-transformers/all-MiniLM-L6-v2,ebc1fbcf-217e-4416-aefb-b9ece4615d24
ART0673,ART0228,2,0.76289469,sentence-transformers/all-MiniLM-L6-v2,ebc1fbcf-217e-4416-aefb-b9ece4615d24
ART0673,ART0129,3,0.75329304,sentence-transformers/all-MiniLM-L6-v2,ebc1fbcf-217e-4416-aefb-b9ece4615d24
ART0674,ART0264,1,1.00000048,sentence-transformers/all-MiniLM-L6-v2,ebc1fbcf-217e-4416-aefb-b9ece4615d24
ART0674,ART0132,2,0.89507383,sentence-transformers/all-MiniLM-L6-v2,ebc1fbcf-217e-4416-aefb-b9ece4615d24
ART0674,ART0218,3,0.89507383,sentence-transformers/all-MiniLM-L6-v2,ebc1fbcf-217e-4416-aefb-b9ece4615d24
ART0675,ART0240,1,0.81033981,sentence-transformers/all-MiniLM-L6-v2,ebc1fbcf-217e-4416-aefb-b9ece4615d24
ART0675,ART0586,2,0.69314939,sentence-transformers/all-MiniLM-L6-v2,ebc1fbcf-217e-4416-aefb-b9ece4615d24
ART0675,ART0286,3,0.6902017,sentence-transformers/all-MiniLM-L6-v2,ebc1fbcf-217e-4416-aefb-b9ece4615d24
ART0676,ART0024,1,0.83207047,sentence-transformers/all-MiniLM-L6-v2,ebc1fbcf-217e-4416-aefb-b9ece4615d24
ART0676,ART0160,2,0.80460238,sentence-transformers/all-MiniLM-L6-v2,ebc1fbcf-217e-4416-aefb-b9ece4615d24
ART0676,ART0276,3,0.77880508,sentence-transformers/all-MiniLM-L6-v2,ebc1fbcf-217e-4416-aefb-b9ece4615d24
ART0677,ART0007,1,0.87764055,sentence-transformers/all-MiniLM-L6-v2,ebc1fbcf-217e-4416-aefb-b9ece4615d24
ART0677,ART0363,2,0.83249319,sentence-transformers/all-MiniLM-L6-v2,ebc1fbcf-217e-4416-aefb-b9ece4615d24
ART0677,ART0640,3,0.79227173,sentence-transformers/all-MiniLM-L6-v2,ebc1fbcf-217e-4416-aefb-b9ece4615d24
ART0678,ART0211,1,0.99999988,sentence-transformers/all-MiniLM-L6-v2,ebc1fbcf-217e-4416-aefb-b9ece4615d24
ART0678,ART0350,2,0.99999988,sentence-transformers/all-MiniLM-L6-v2,ebc1fbcf-217e-4416-aefb-b9ece4615d24
ART0678,ART0376,3,0.90517044,sentence-transformers/all-MiniLM-L6-v2,ebc1fbcf-217e-4416-aefb-b9ece4615d24
ART0679,ART0516,1,1.00000048,sentence-transformers/all-MiniLM-L6-v2,ebc1fbcf-217e-4416-aefb-b9ece4615d24
ART0679,ART0610,2,0.77997643,sentence-transformers/all-MiniLM-L6-v2,ebc1fbcf-217e-4416-aefb-b9ece4615d24
ART0679,ART0474,3,0.70558977,sentence-transformers/all-MiniLM-L6-v2,ebc1fbcf-217e-4416-aefb-b9ece4615d24
ART0680,ART0070,1,0.83724588,sentence-transformers/all-MiniLM-L6-v2,ebc1fbcf-217e-4416-aefb-b9ece4615d24
ART0680,ART0121,2,0.83724588,sentence-transformers/all-MiniLM-L6-v2,ebc1fbcf-217e-4416-aefb-b9ece4615d24
ART0680,ART0035,3,0.77463609,sentence-transformers/all-MiniLM-L6-v2,ebc1fbcf-217e-4416-aefb-b9ece4615d24
ART0681,ART0373,1,0.85614145,sentence-transformers/all-MiniLM-L6-v2,ebc1fbcf-217e-4416-aefb-b9ece4615d24
ART0681,ART0317,2,0.81420809,sentence-transformers/all-MiniLM-L6-v2,ebc1fbcf-217e-4416-aefb-b9ece4615d24
ART0681,ART0614,3,0.8114509,sentence-transformers/all-MiniLM-L6-v2,ebc1fbcf-217e-4416-aefb-b9ece4615d24
ART0682,ART0395,1,0.82164079,sentence-transformers/all-MiniLM-L6-v2,ebc1fbcf-217e-4416-aefb-b9ece4615d24
ART0682,ART0282,2,0.81900048,sentence-transformers/all-MiniLM-L6-v2,ebc1fbcf-217e-4416-aefb-b9ece4615d24
ART0682,ART0132,3,0.80233222,sentence-transformers/all-MiniLM-L6-v2,ebc1fbcf-217e-4416-aefb-b9ece4615d24
ART0683,ART0520,1,0.87660491,sentence-transformers/all-MiniLM-L6-v2,ebc1fbcf-217e-4416-aefb-b9ece4615d24
ART0683,ART0031,2,0.87645441,sentence-transformers/all-MiniLM-L6-v2,ebc1fbcf-217e-4416-aefb-b9ece4615d24
ART0683,ART0303,3,0.86803716,sentence-transformers/all-MiniLM-L6-v2,ebc1fbcf-217e-4416-aefb-b9ece4615d24
ART0684,ART0626,1,0.84901786,sentence-transformers/all-MiniLM-L6-v2,ebc1fbcf-217e-4416-aefb-b9ece4615d24
ART0684,ART0621,2,0.76673979,sentence-transformers/all-MiniLM-L6-v2,ebc1fbcf-217e-4416-aefb-b9ece4615d24
ART0684,ART0297,3,0.75442076,sentence-transformers/all-MiniLM-L6-v2,ebc1fbcf-217e-4416-aefb-b9ece4615d24
ART0685,ART0691,1,0.81225765,sentence-transformers/all-MiniLM-L6-v2,ebc1fbcf-217e-4416-aefb-b9ece4615d24
ART0685,ART0322,2,0.74671626,sentence-transformers/all-MiniLM-L6-v2,ebc1fbcf-217e-4416-aefb-b9ece4615d24
ART0685,ART0058,3,0.74071771,sentence-transformers/all-MiniLM-L6-v2,ebc1fbcf-217e-4416-aefb-b9ece4615d24
ART0686,ART0237,1,0.99999988,sentence-transformers/all-MiniLM-L6-v2,ebc1fbcf-217e-4416-aefb-b9ece4615d24
ART0686,ART0391,2,0.81158131,sentence-transformers/all-MiniLM-L6-v2,ebc1fbcf-217e-4416-aefb-b9ece4615d24
ART0686,ART0715,3,0.80289173,sentence-transformers/all-MiniLM-L6-v2,ebc1fbcf-217e-4416-aefb-b9ece4615d24
ART0687,ART0280,1,0.83773494,sentence-transformers/all-MiniLM-L6-v2,ebc1fbcf-217e-4416-aefb-b9ece4615d24
ART0687,ART0719,2,0.82673824,sentence-transformers/all-MiniLM-L6-v2,ebc1fbcf-217e-4416-aefb-b9ece4615d24
ART0687,ART0585,3,0.77107722,sentence-transformers/all-MiniLM-L6-v2,ebc1fbcf-217e-4416-aefb-b9ece4615d24
ART0688,ART0590,1,0.76603425,sentence-transformers/all-MiniLM-L6-v2,ebc1fbcf-217e-4416-aefb-b9ece4615d24
ART0688,ART0152,2,0.75799954,sentence-transformers/all-MiniLM-L6-v2,ebc1fbcf-217e-4416-aefb-b9ece4615d24
ART0688,ART0655,3,0.75616306,sentence-transformers/all-MiniLM-L6-v2,ebc1fbcf-217e-4416-aefb-b9ece4615d24
ART0689,ART0003,1,0.81387281,sentence-transformers/all-MiniLM-L6-v2,ebc1fbcf-217e-4416-aefb-b9ece4615d24
ART0689,ART0415,2,0.81387281,sentence-transformers/all-MiniLM-L6-v2,ebc1fbcf-217e-4416-aefb-b9ece4615d24
ART0689,ART0340,3,0.7691595,sentence-transformers/all-MiniLM-L6-v2,ebc1fbcf-217e-4416-aefb-b9ece4615d24
ART0690,ART0113,1,0.88597286,sentence-transformers/all-MiniLM-L6-v2,ebc1fbcf-217e-4416-aefb-b9ece4615d24
ART0690,ART0628,2,0.76340681,sentence-transformers/all-MiniLM-L6-v2,ebc1fbcf-217e-4416-aefb-b9ece4615d24
ART0690,ART0540,3,0.74340785,sentence-transformers/all-MiniLM-L6-v2,ebc1fbcf-217e-4416-aefb-b9ece4615d24
ART0691,ART0079,1,0.86361313,sentence-transformers/all-MiniLM-L6-v2,ebc1fbcf-217e-4416-aefb-b9ece4615d24
ART0691,ART0135,2,0.86361313,sentence-transformers/all-MiniLM-L6-v2,ebc1fbcf-217e-4416-aefb-b9ece4615d24
ART0691,ART0742,3,0.81810367,sentence-transformers/all-MiniLM-L6-v2,ebc1fbcf-217e-4416-aefb-b9ece4615d24
ART0692,ART0232,1,0.94357669,sentence-transformers/all-MiniLM-L6-v2,ebc1fbcf-217e-4416-aefb-b9ece4615d24
ART0692,ART0252,2,0.90970367,sentence-transformers/all-MiniLM-L6-v2,ebc1fbcf-217e-4416-aefb-b9ece4615d24
ART0692,ART0604,3,0.836622,sentence-transformers/all-MiniLM-L6-v2,ebc1fbcf-217e-4416-aefb-b9ece4615d24
ART0693,ART0316,1,0.89393282,sentence-transformers/all-MiniLM-L6-v2,ebc1fbcf-217e-4416-aefb-b9ece4615d24
ART0693,ART0541,2,0.85511869,sentence-transformers/all-MiniLM-L6-v2,ebc1fbcf-217e-4416-aefb-b9ece4615d24
ART0693,ART0092,3,0.78221381,sentence-transformers/all-MiniLM-L6-v2,ebc1fbcf-217e-4416-aefb-b9ece4615d24
ART0694,ART0543,1,0.74880201,sentence-transformers/all-MiniLM-L6-v2,ebc1fbcf-217e-4416-aefb-b9ece4615d24
ART0694,ART0417,2,0.73734212,sentence-transformers/all-MiniLM-L6-v2,ebc1fbcf-217e-4416-aefb-b9ece4615d24
ART0694,ART0517,3,0.73030722,sentence-transformers/all-MiniLM-L6-v2,ebc1fbcf-217e-4416-aefb-b9ece4615d24
ART0695,ART0340,1,0.85439175,sentence-transformers/all-MiniLM-L6-v2,ebc1fbcf-217e-4416-aefb-b9ece4615d24
ART0695,ART0435,2,0.85439175,sentence-transformers/all-MiniLM-L6-v2,ebc1fbcf-217e-4416-aefb-b9ece4615d24
ART0695,ART0203,3,0.8384276,sentence-transformers/all-MiniLM-L6-v2,ebc1fbcf-217e-4416-aefb-b9ece4615d24
ART0696,ART0408,1,0.82694113,sentence-transformers/all-MiniLM-L6-v2,ebc1fbcf-217e-4416-aefb-b9ece4615d24
ART0696,ART0211,2,0.81341392,sentence-transformers/all-MiniLM-L6-v2,ebc1fbcf-217e-4416-aefb-b9ece4615d24
ART0696,ART0350,3,0.81341392,sentence-transformers/all-MiniLM-L6-v2,ebc1fbcf-217e-4416-aefb-b9ece4615d24
ART0697,ART0027,1,0.84199941,sentence-transformers/all-MiniLM-L6-v2,ebc1fbcf-217e-4416-aefb-b9ece4615d24
ART0697,ART0094,2,0.78237659,sentence-transformers/all-MiniLM-L6-v2,ebc1fbcf-217e-4416-aefb-b9ece4615d24
ART0697,ART0231,3,0.74392545,sentence-transformers/all-MiniLM-L6-v2,ebc1fbcf-217e-4416-aefb-b9ece4615d24
ART0698,ART0144,1,1.00000024,sentence-transformers/all-MiniLM-L6-v2,ebc1fbcf-217e-4416-aefb-b9ece4615d24
ART0698,ART0664,2,0.84324282,sentence-transformers/all-MiniLM-L6-v2,ebc1fbcf-217e-4416-aefb-b9ece4615d24
ART0698,ART0382,3,0.83637041,sentence-transformers/all-MiniLM-L6-v2,ebc1fbcf-217e-4416-aefb-b9ece4615d24
ART0699,ART0034,1,0.99999982,sentence-transformers/all-MiniLM-L6-v2,ebc1fbcf-217e-4416-aefb-b9ece4615d24
ART0699,ART0022,2,0.82533872,sentence-transformers/all-MiniLM-L6-v2,ebc1fbcf-217e-4416-aefb-b9ece4615d24
ART0699,ART0460,3,0.76245093,sentence-transformers/all-MiniLM-L6-v2,ebc1fbcf-217e-4416-aefb-b9ece4615d24
ART0700,ART0115,1,0.84330165,sentence-transformers/all-MiniLM-L6-v2,ebc1fbcf-217e-4416-aefb-b9ece4615d24
ART0700,ART0745,2,0.76858979,sentence-transformers/all-MiniLM-L6-v2,ebc1fbcf-217e-4416-aefb-b9ece4615d24
ART0700,ART0236,3,0.76342261,sentence-transformers/all-MiniLM-L6-v2,ebc1fbcf-217e-4416-aefb-b9ece4615d24
ART0701,ART0238,1,0.74842554,sentence-transformers/all-MiniLM-L6-v2,ebc1fbcf-217e-4416-aefb-b9ece4615d24
ART0701,ART0449,2,0.7350207,sentence-transformers/all-MiniLM-L6-v2,ebc1fbcf-217e-4416-aefb-b9ece4615d24
ART0701,ART0380,3,0.73018861,sentence-transformers/all-MiniLM-L6-v2,ebc1fbcf-217e-4416-aefb-b9ece4615d24
ART0702,ART0730,1,0.87621534,sentence-transformers/all-MiniLM-L6-v2,ebc1fbcf-217e-4416-aefb-b9ece4615d24
ART0702,ART0268,2,0.78700531,sentence-transformers/all-MiniLM-L6-v2,ebc1fbcf-217e-4416-aefb-b9ece4615d24
ART0702,ART0224,3,0.77661413,sentence-transformers/all-MiniLM-L6-v2,ebc1fbcf-217e-4416-aefb-b9ece4615d24
ART0703,ART0076,1,0.86362135,sentence-transformers/all-MiniLM-L6-v2,ebc1fbcf-217e-4416-aefb-b9ece4615d24
ART0703,ART0537,2,0.69535518,sentence-transformers/all-MiniLM-L6-v2,ebc1fbcf-217e-4416-aefb-b9ece4615d24
ART0703,ART0499,3,0.68031985,sentence-transformers/all-MiniLM-L6-v2,ebc1fbcf-217e-4416-aefb-b9ece4615d24
ART0704,ART0600,1,0.89956146,sentence-transformers/all-MiniLM-L6-v2,ebc1fbcf-217e-4416-aefb-b9ece4615d24
ART0704,ART0573,2,0.84577239,sentence-transformers/all-MiniLM-L6-v2,ebc1fbcf-217e-4416-aefb-b9ece4615d24
ART0704,ART0510,3,0.84060466,sentence-transformers/all-MiniLM-L6-v2,ebc1fbcf-217e-4416-aefb-b9ece4615d24
ART0705,ART0145,1,0.81882554,sentence-transformers/all-MiniLM-L6-v2,ebc1fbcf-217e-4416-aefb-b9ece4615d24
ART0705,ART0043,2,0.80237871,sentence-transformers/all-MiniLM-L6-v2,ebc1fbcf-217e-4416-aefb-b9ece4615d24
ART0705,ART0289,3,0.76421094,sentence-transformers/all-MiniLM-L6-v2,ebc1fbcf-217e-4416-aefb-b9ece4615d24
ART0706,ART0635,1,0.82932091,sentence-transformers/all-MiniLM-L6-v2,ebc1fbcf-217e-4416-aefb-b9ece4615d24
ART0706,ART0542,2,0.76500988,sentence-transformers/all-MiniLM-L6-v2,ebc1fbcf-217e-4416-aefb-b9ece4615d24
ART0706,ART0211,3,0.76153684,sentence-transformers/all-MiniLM-L6-v2,ebc1fbcf-217e-4416-aefb-b9ece4615d24
ART0707,ART0269,1,0.78290015,sentence-transformers/all-MiniLM-L6-v2,ebc1fbcf-217e-4416-aefb-b9ece4615d24
ART0707,ART0647,2,0.76974779,sentence-transformers/all-MiniLM-L6-v2,ebc1fbcf-217e-4416-aefb-b9ece4615d24
ART0707,ART0331,3,0.76331794,sentence-transformers/all-MiniLM-L6-v2,ebc1fbcf-217e-4416-aefb-b9ece4615d24
ART0708,ART0411,1,0.99485856,sentence-transformers/all-MiniLM-L6-v2,ebc1fbcf-217e-4416-aefb-b9ece4615d24
ART0708,ART0456,2,0.99485856,sentence-transformers/all-MiniLM-L6-v2,ebc1fbcf-217e-4416-aefb-b9ece4615d24
ART0708,ART0583,3,0.81343138,sentence-transformers/all-MiniLM-L6-v2,ebc1fbcf-217e-4416-aefb-b9ece4615d24
ART0709,ART0106,1,0.87374789,sentence-transformers/all-MiniLM-L6-v2,ebc1fbcf-217e-4416-aefb-b9ece4615d24
ART0709,ART0515,2,0.87374789,sentence-transformers/all-MiniLM-L6-v2,ebc1fbcf-217e-4416-aefb-b9ece4615d24
ART0709,ART0167,3,0.85616839,sentence-transformers/all-MiniLM-L6-v2,ebc1fbcf-217e-4416-aefb-b9ece4615d24
ART0710,ART0317,1,0.78792512,sentence-transformers/all-MiniLM-L6-v2,ebc1fbcf-217e-4416-aefb-b9ece4615d24
ART0710,ART0520,2,0.78628004,sentence-transformers/all-MiniLM-L6-v2,ebc1fbcf-217e-4416-aefb-b9ece4615d24
ART0710,ART0683,3,0.76618034,sentence-transformers/all-MiniLM-L6-v2,ebc1fbcf-217e-4416-aefb-b9ece4615d24
ART0711,ART0647,1,0.81548601,sentence-transformers/all-MiniLM-L6-v2,ebc1fbcf-217e-4416-aefb-b9ece4615d24
ART0711,ART0231,2,0.76689583,sentence-transformers/all-MiniLM-L6-v2,ebc1fbcf-217e-4416-aefb-b9ece4615d24
ART0711,ART0639,3,0.76624244,sentence-transformers/all-MiniLM-L6-v2,ebc1fbcf-217e-4416-aefb-b9ece4615d24
ART0712,ART0294,1,0.82482183,sentence-transformers/all-MiniLM-L6-v2,ebc1fbcf-217e-4416-aefb-b9ece4615d24
ART0712,ART0563,2,0.80665833,sentence-transformers/all-MiniLM-L6-v2,ebc1fbcf-217e-4416-aefb-b9ece4615d24
ART0712,ART0377,3,0.8021307,sentence-transformers/all-MiniLM-L6-v2,ebc1fbcf-217e-4416-aefb-b9ece4615d24
ART0713,ART0433,1,0.80698085,sentence-transformers/all-MiniLM-L6-v2,ebc1fbcf-217e-4416-aefb-b9ece4615d24
ART0713,ART0528,2,0.79535669,sentence-transformers/all-MiniLM-L6-v2,ebc1fbcf-217e-4416-aefb-b9ece4615d24
ART0713,ART0446,3,0.79212868,sentence-transformers/all-MiniLM-L6-v2,ebc1fbcf-217e-4416-aefb-b9ece4615d24
ART0714,ART0011,1,0.88711166,sentence-transformers/all-MiniLM-L6-v2,ebc1fbcf-217e-4416-aefb-b9ece4615d24
ART0714,ART0283,2,0.78296667,sentence-transformers/all-MiniLM-L6-v2,ebc1fbcf-217e-4416-aefb-b9ece4615d24
ART0714,ART0194,3,0.74814445,sentence-transformers/all-MiniLM-L6-v2,ebc1fbcf-217e-4416-aefb-b9ece4615d24
ART0715,ART0237,1,0.80289173,sentence-transformers/all-MiniLM-L6-v2,ebc1fbcf-217e-4416-aefb-b9ece4615d24
ART0715,ART0686,2,0.80289173,sentence-transformers/all-MiniLM-L6-v2,ebc1fbcf-217e-4416-aefb-b9ece4615d24
ART0715,ART0595,3,0.78703827,sentence-transformers/all-MiniLM-L6-v2,ebc1fbcf-217e-4416-aefb-b9ece4615d24
ART0716,ART0291,1,0.90897423,sentence-transformers/all-MiniLM-L6-v2,ebc1fbcf-217e-4416-aefb-b9ece4615d24
ART0716,ART0603,2,0.84811836,sentence-transformers/all-MiniLM-L6-v2,ebc1fbcf-217e-4416-aefb-b9ece4615d24
ART0716,ART0024,3,0.73737472,sentence-transformers/all-MiniLM-L6-v2,ebc1fbcf-217e-4416-aefb-b9ece4615d24
ART0717,ART0439,1,0.78226858,sentence-transformers/all-MiniLM-L6-v2,ebc1fbcf-217e-4416-aefb-b9ece4615d24
ART0717,ART0169,2,0.77894765,sentence-transformers/all-MiniLM-L6-v2,ebc1fbcf-217e-4416-aefb-b9ece4615d24
ART0717,ART0649,3,0.76565552,sentence-transformers/all-MiniLM-L6-v2,ebc1fbcf-217e-4416-aefb-b9ece4615d24
ART0718,ART0004,1,0.84021974,sentence-transformers/all-MiniLM-L6-v2,ebc1fbcf-217e-4416-aefb-b9ece4615d24
ART0718,ART0747,2,0.82237142,sentence-transformers/all-MiniLM-L6-v2,ebc1fbcf-217e-4416-aefb-b9ece4615d24
ART0718,ART0335,3,0.8132152,sentence-transformers/all-MiniLM-L6-v2,ebc1fbcf-217e-4416-aefb-b9ece4615d24
ART0719,ART0687,1,0.82673824,sentence-transformers/all-MiniLM-L6-v2,ebc1fbcf-217e-4416-aefb-b9ece4615d24
ART0719,ART0412,2,0.72699142,sentence-transformers/all-MiniLM-L6-v2,ebc1fbcf-217e-4416-aefb-b9ece4615d24
ART0719,ART0652,3,0.71576178,sentence-transformers/all-MiniLM-L6-v2,ebc1fbcf-217e-4416-aefb-b9ece4615d24
ART0720,ART0466,1,0.77831554,sentence-transformers/all-MiniLM-L6-v2,ebc1fbcf-217e-4416-aefb-b9ece4615d24
ART0720,ART0362,2,0.7590633,sentence-transformers/all-MiniLM-L6-v2,ebc1fbcf-217e-4416-aefb-b9ece4615d24
ART0720,ART0152,3,0.70713329,sentence-transformers/all-MiniLM-L6-v2,ebc1fbcf-217e-4416-aefb-b9ece4615d24
ART0721,ART0449,1,0.78524339,sentence-transformers/all-MiniLM-L6-v2,ebc1fbcf-217e-4416-aefb-b9ece4615d24
ART0721,ART0528,2,0.78469855,sentence-transformers/all-MiniLM-L6-v2,ebc1fbcf-217e-4416-aefb-b9ece4615d24
ART0721,ART0430,3,0.7447983,sentence-transformers/all-MiniLM-L6-v2,ebc1fbcf-217e-4416-aefb-b9ece4615d24
ART0722,ART0149,1,0.87503415,sentence-transformers/all-MiniLM-L6-v2,ebc1fbcf-217e-4416-aefb-b9ece4615d24
ART0722,ART0292,2,0.87503415,sentence-transformers/all-MiniLM-L6-v2,ebc1fbcf-217e-4416-aefb-b9ece4615d24
ART0722,ART0387,3,0.83669579,sentence-transformers/all-MiniLM-L6-v2,ebc1fbcf-217e-4416-aefb-b9ece4615d24
ART0723,ART0080,1,0.84404749,sentence-transformers/all-MiniLM-L6-v2,ebc1fbcf-217e-4416-aefb-b9ece4615d24
ART0723,ART0727,2,0.79811025,sentence-transformers/all-MiniLM-L6-v2,ebc1fbcf-217e-4416-aefb-b9ece4615d24
ART0723,ART0375,3,0.7342121,sentence-transformers/all-MiniLM-L6-v2,ebc1fbcf-217e-4416-aefb-b9ece4615d24
ART0724,ART0252,1,0.86908031,sentence-transformers/all-MiniLM-L6-v2,ebc1fbcf-217e-4416-aefb-b9ece4615d24
ART0724,ART0598,2,0.8122111,sentence-transformers/all-MiniLM-L6-v2,ebc1fbcf-217e-4416-aefb-b9ece4615d24
ART0724,ART0197,3,0.79554564,sentence-transformers/all-MiniLM-L6-v2,ebc1fbcf-217e-4416-aefb-b9ece4615d24
ART0725,ART0476,1,0.84792715,sentence-transformers/all-MiniLM-L6-v2,ebc1fbcf-217e-4416-aefb-b9ece4615d24
ART0725,ART0162,2,0.81088406,sentence-transformers/all-MiniLM-L6-v2,ebc1fbcf-217e-4416-aefb-b9ece4615d24
ART0725,ART0437,3,0.81088406,sentence-transformers/all-MiniLM-L6-v2,ebc1fbcf-217e-4416-aefb-b9ece4615d24
ART0726,ART0644,1,0.89457059,sentence-transformers/all-MiniLM-L6-v2,ebc1fbcf-217e-4416-aefb-b9ece4615d24
ART0726,ART0178,2,0.87975049,sentence-transformers/all-MiniLM-L6-v2,ebc1fbcf-217e-4416-aefb-b9ece4615d24
ART0726,ART0184,3,0.85838407,sentence-transformers/all-MiniLM-L6-v2,ebc1fbcf-217e-4416-aefb-b9ece4615d24
ART0727,ART0407,1,0.83033991,sentence-transformers/all-MiniLM-L6-v2,ebc1fbcf-217e-4416-aefb-b9ece4615d24
ART0727,ART0723,2,0.79811025,sentence-transformers/all-MiniLM-L6-v2,ebc1fbcf-217e-4416-aefb-b9ece4615d24
ART0727,ART0431,3,0.77288783,sentence-transformers/all-MiniLM-L6-v2,ebc1fbcf-217e-4416-aefb-b9ece4615d24
ART0728,ART0078,1,0.93100435,sentence-transformers/all-MiniLM-L6-v2,ebc1fbcf-217e-4416-aefb-b9ece4615d24
ART0728,ART0371,2,0.92853367,sentence-transformers/all-MiniLM-L6-v2,ebc1fbcf-217e-4416-aefb-b9ece4615d24
ART0728,ART0212,3,0.89228868,sentence-transformers/all-MiniLM-L6-v2,ebc1fbcf-217e-4416-aefb-b9ece4615d24
ART0729,ART0598,1,0.7852115,sentence-transformers/all-MiniLM-L6-v2,ebc1fbcf-217e-4416-aefb-b9ece4615d24
ART0729,ART0209,2,0.76143521,sentence-transformers/all-MiniLM-L6-v2,ebc1fbcf-217e-4416-aefb-b9ece4615d24
ART0729,ART0383,3,0.7117368,sentence-transformers/all-MiniLM-L6-v2,ebc1fbcf-217e-4416-aefb-b9ece4615d24
ART0730,ART0702,1,0.87621534,sentence-transformers/all-MiniLM-L6-v2,ebc1fbcf-217e-4416-aefb-b9ece4615d24
ART0730,ART0268,2,0.81848055,sentence-transformers/all-MiniLM-L6-v2,ebc1fbcf-217e-4416-aefb-b9ece4615d24
ART0730,ART0486,3,0.79639935,sentence-transformers/all-MiniLM-L6-v2,ebc1fbcf-217e-4416-aefb-b9ece4615d24
ART0731,ART0566,1,0.99999988,sentence-transformers/all-MiniLM-L6-v2,ebc1fbcf-217e-4416-aefb-b9ece4615d24
ART0731,ART0020,2,0.76968968,sentence-transformers/all-MiniLM-L6-v2,ebc1fbcf-217e-4416-aefb-b9ece4615d24
ART0731,ART0338,3,0.76968968,sentence-transformers/all-MiniLM-L6-v2,ebc1fbcf-217e-4416-aefb-b9ece4615d24
ART0732,ART0526,1,0.9823575,sentence-transformers/all-MiniLM-L6-v2,ebc1fbcf-217e-4416-aefb-b9ece4615d24
ART0732,ART0265,2,0.93800104,sentence-transformers/all-MiniLM-L6-v2,ebc1fbcf-217e-4416-aefb-b9ece4615d24
ART0732,ART0010,3,0.93482912,sentence-transformers/all-MiniLM-L6-v2,ebc1fbcf-217e-4416-aefb-b9ece4615d24
ART0733,ART0298,1,0.89091063,sentence-transformers/all-MiniLM-L6-v2,ebc1fbcf-217e-4416-aefb-b9ece4615d24
ART0733,ART0071,2,0.73785925,sentence-transformers/all-MiniLM-L6-v2,ebc1fbcf-217e-4416-aefb-b9ece4615d24
ART0733,ART0481,3,0.69577527,sentence-transformers/all-MiniLM-L6-v2,ebc1fbcf-217e-4416-aefb-b9ece4615d24
ART0734,ART0321,1,0.86548644,sentence-transformers/all-MiniLM-L6-v2,ebc1fbcf-217e-4416-aefb-b9ece4615d24
ART0734,ART0663,2,0.8462891,sentence-transformers/all-MiniLM-L6-v2,ebc1fbcf-217e-4416-aefb-b9ece4615d24
ART0734,ART0100,3,0.7962715,sentence-transformers/all-MiniLM-L6-v2,ebc1fbcf-217e-4416-aefb-b9ece4615d24
ART0735,ART0509,1,0.77933496,sentence-transformers/all-MiniLM-L6-v2,ebc1fbcf-217e-4416-aefb-b9ece4615d24
ART0735,ART0481,2,0.73149836,sentence-transformers/all-MiniLM-L6-v2,ebc1fbcf-217e-4416-aefb-b9ece4615d24
ART0735,ART0295,3,0.729963,sentence-transformers/all-MiniLM-L6-v2,ebc1fbcf-217e-4416-aefb-b9ece4615d24
ART0736,ART0264,1,0.80911189,sentence-transformers/all-MiniLM-L6-v2,ebc1fbcf-217e-4416-aefb-b9ece4615d24
ART0736,ART0674,2,0.80911189,sentence-transformers/all-MiniLM-L6-v2,ebc1fbcf-217e-4416-aefb-b9ece4615d24
ART0736,ART0326,3,0.80111569,sentence-transformers/all-MiniLM-L6-v2,ebc1fbcf-217e-4416-aefb-b9ece4615d24
ART0737,ART0211,1,0.75419301,sentence-transformers/all-MiniLM-L6-v2,ebc1fbcf-217e-4416-aefb-b9ece4615d24
ART0737,ART0350,2,0.75419301,sentence-transformers/all-MiniLM-L6-v2,ebc1fbcf-217e-4416-aefb-b9ece4615d24
ART0737,ART0678,3,0.75419301,sentence-transformers/all-MiniLM-L6-v2,ebc1fbcf-217e-4416-aefb-b9ece4615d24
ART0738,ART0677,1,0.77755475,sentence-transformers/all-MiniLM-L6-v2,ebc1fbcf-217e-4416-aefb-b9ece4615d24
ART0738,ART0363,2,0.77716064,sentence-transformers/all-MiniLM-L6-v2,ebc1fbcf-217e-4416-aefb-b9ece4615d24
ART0738,ART0293,3,0.7662766,sentence-transformers/all-MiniLM-L6-v2,ebc1fbcf-217e-4416-aefb-b9ece4615d24
ART0739,ART0240,1,0.74619782,sentence-transformers/all-MiniLM-L6-v2,ebc1fbcf-217e-4416-aefb-b9ece4615d24
ART0739,ART0339,2,0.73493385,sentence-transformers/all-MiniLM-L6-v2,ebc1fbcf-217e-4416-aefb-b9ece4615d24
ART0739,ART0155,3,0.70914656,sentence-transformers/all-MiniLM-L6-v2,ebc1fbcf-217e-4416-aefb-b9ece4615d24
ART0740,ART0007,1,0.72599858,sentence-transformers/all-MiniLM-L6-v2,ebc1fbcf-217e-4416-aefb-b9ece4615d24
ART0740,ART0286,2,0.72062182,sentence-transformers/all-MiniLM-L6-v2,ebc1fbcf-217e-4416-aefb-b9ece4615d24
ART0740,ART0216,3,0.70105565,sentence-transformers/all-MiniLM-L6-v2,ebc1fbcf-217e-4416-aefb-b9ece4615d24
ART0741,ART0273,1,1.00000012,sentence-transformers/all-MiniLM-L6-v2,ebc1fbcf-217e-4416-aefb-b9ece4615d24
ART0741,ART0414,2,0.90935361,sentence-transformers/all-MiniLM-L6-v2,ebc1fbcf-217e-4416-aefb-b9ece4615d24
ART0741,ART0331,3,0.88638479,sentence-transformers/all-MiniLM-L6-v2,ebc1fbcf-217e-4416-aefb-b9ece4615d24
ART0742,ART0131,1,0.81981868,sentence-transformers/all-MiniLM-L6-v2,ebc1fbcf-217e-4416-aefb-b9ece4615d24
ART0742,ART0691,2,0.81810367,sentence-transformers/all-MiniLM-L6-v2,ebc1fbcf-217e-4416-aefb-b9ece4615d24
ART0742,ART0079,3,0.8012836,sentence-transformers/all-MiniLM-L6-v2,ebc1fbcf-217e-4416-aefb-b9ece4615d24
ART0743,ART0193,1,0.99999994,sentence-transformers/all-MiniLM-L6-v2,ebc1fbcf-217e-4416-aefb-b9ece4615d24
ART0743,ART0207,2,0.84710896,sentence-transformers/all-MiniLM-L6-v2,ebc1fbcf-217e-4416-aefb-b9ece4615d24
ART0743,ART0422,3,0.84710896,sentence-transformers/all-MiniLM-L6-v2,ebc1fbcf-217e-4416-aefb-b9ece4615d24
ART0744,ART0390,1,1.00000024,sentence-transformers/all-MiniLM-L6-v2,ebc1fbcf-217e-4416-aefb-b9ece4615d24
ART0744,ART0557,2,0.85757655,sentence-transformers/all-MiniLM-L6-v2,ebc1fbcf-217e-4416-aefb-b9ece4615d24
ART0744,ART0283,3,0.8242113,sentence-transformers/all-MiniLM-L6-v2,ebc1fbcf-217e-4416-aefb-b9ece4615d24
ART0745,ART0066,1,0.7968244,sentence-transformers/all-MiniLM-L6-v2,ebc1fbcf-217e-4416-aefb-b9ece4615d24
ART0745,ART0613,2,0.79081368,sentence-transformers/all-MiniLM-L6-v2,ebc1fbcf-217e-4416-aefb-b9ece4615d24
ART0745,ART0700,3,0.76858979,sentence-transformers/all-MiniLM-L6-v2,ebc1fbcf-217e-4416-aefb-b9ece4615d24
ART0746,ART0152,1,0.85172015,sentence-transformers/all-MiniLM-L6-v2,ebc1fbcf-217e-4416-aefb-b9ece4615d24
ART0746,ART0323,2,0.82085621,sentence-transformers/all-MiniLM-L6-v2,ebc1fbcf-217e-4416-aefb-b9ece4615d24
ART0746,ART0083,3,0.81601667,sentence-transformers/all-MiniLM-L6-v2,ebc1fbcf-217e-4416-aefb-b9ece4615d24
ART0747,ART0718,1,0.82237142,sentence-transformers/all-MiniLM-L6-v2,ebc1fbcf-217e-4416-aefb-b9ece4615d24
ART0747,ART0004,2,0.8219465,sentence-transformers/all-MiniLM-L6-v2,ebc1fbcf-217e-4416-aefb-b9ece4615d24
ART0747,ART0344,3,0.79468781,sentence-transformers/all-MiniLM-L6-v2,ebc1fbcf-217e-4416-aefb-b9ece4615d24
ART0748,ART0163,1,0.74568385,sentence-transformers/all-MiniLM-L6-v2,ebc1fbcf-217e-4416-aefb-b9ece4615d24
ART0748,ART0384,2,0.73430699,sentence-transformers/all-MiniLM-L6-v2,ebc1fbcf-217e-4416-aefb-b9ece4615d24
ART0748,ART0109,3,0.71763712,sentence-transformers/all-MiniLM-L6-v2,ebc1fbcf-217e-4416-aefb-b9ece4615d24
ART0749,ART0648,1,0.80618364,sentence-transformers/all-MiniLM-L6-v2,ebc1fbcf-217e-4416-aefb-b9ece4615d24
ART0749,ART0225,2,0.78367066,sentence-transformers/all-MiniLM-L6-v2,ebc1fbcf-217e-4416-aefb-b9ece4615d24
ART0749,ART0455,3,0.77926236,sentence-transformers/all-MiniLM-L6-v2,ebc1fbcf-217e-4416-aefb-b9ece4615d24
ART0750,ART0352,1,0.81593925,sentence-transformers/all-MiniLM-L6-v2,ebc1fbcf-217e-4416-aefb-b9ece4615d24
ART0750,ART0604,2,0.79606175,sentence-transformers/all-MiniLM-L6-v2,ebc1fbcf-217e-4416-aefb-b9ece4615d24
ART0750,ART0575,3,0.781214,sentence-transformers/all-MiniLM-L6-v2,ebc1fbcf-217e-4416-aefb-b9ece4615d24
