arr_observation_id,article_id,company_id,observation_date,observation_status,date_parse_status,observation_year,observation_quarter,observation_month,arr_usd,revenue_raw,source_currency,company_match_status,source_file,parse_method_version,pipeline_run_id
08db3e5f-2896-585a-9f7f-8615a01abc78,ART0002,9d4d58c5-91bd-5317-85a0-a0cd048740af,2023-02-23,DATED,PARSED,2023,1,2,310000000,"£244,094,488",GBP,MATCHED,tech_news.csv,1.0.0,57ec45a1-9a06-4385-9e42-2d255db54746
cbe15ef8-7697-5ca4-be55-999713bcd028,ART0004,1eabfb03-492b-52d1-9f8f-afbd3e484ada,2023-12-13,DATED,PARSED,2023,4,12,980000000,$980.0M,USD,MATCHED,tech_news.csv,1.0.0,57ec45a1-9a06-4385-9e42-2d255db54746
d9bc48d1-eeed-549e-8d3d-b8b3fc0dff61,ART0006,a992e412-2b10-50bc-bf9c-23b7974ddb91,2021-10-26,DATED,PARSED,2021,4,10,16800000000,$16.800B,USD,MATCHED,tech_news.csv,1.0.0,57ec45a1-9a06-4385-9e42-2d255db54746
c62b4353-0542-55f8-bcb6-40e2df53ecad,ART0007,08256776-704b-50e0-92ce-c74e516f9c80,2022-10-19,DATED,PARSED,2022,4,10,75000000000,75000.0M USD,USD,MATCHED,tech_news.csv,1.0.0,57ec45a1-9a06-4385-9e42-2d255db54746
90d57585-5ccf-59fc-b39d-7ba90bbd0770,ART0009,9b997e26-b47f-511c-b401-d9b3a6ac9c4f,2023-02-07,DATED,PARSED,2023,1,2,1480000000,$1.480 billion,USD,MATCHED,tech_news.csv,1.0.0,57ec45a1-9a06-4385-9e42-2d255db54746
5a814389-1ddc-5765-ba4e-cc51a8e01060,ART0010,9b997e26-b47f-511c-b401-d9b3a6ac9c4f,2022-11-05,DATED,PARSED,2022,4,11,1380000001,"€1,254,545,455",EUR,MATCHED,tech_news.csv,1.0.0,57ec45a1-9a06-4385-9e42-2d255db54746
25437e92-0651-5ab5-bcc5-f011c47186cc,ART0011,5ed089c3-b138-5004-b73c-fbfc8d07c0ca,2021-10-25,DATED,PARSED,2021,4,10,320000000,$320.0M,USD,MATCHED,tech_news.csv,1.0.0,57ec45a1-9a06-4385-9e42-2d255db54746
bb766593-ba93-5196-bc60-a8c57abce3bd,ART0013,771af71e-0eea-5ae0-9aff-9a0609ace44a,2023-08-23,DATED,PARSED,2023,3,8,32000000000,$32.000B,USD,MATCHED,tech_news.csv,1.0.0,57ec45a1-9a06-4385-9e42-2d255db54746
e1afcbe3-28a9-5c42-a1a1-659d5e5da9a6,ART0014,1eabfb03-492b-52d1-9f8f-afbd3e484ada,2020-01-15,DATED,PARSED,2020,1,1,260000000,$260.0M,USD,MATCHED,tech_news.csv,1.0.0,57ec45a1-9a06-4385-9e42-2d255db54746
8b373858-eb84-5da5-b6a7-faff51bbd5c6,ART0015,08256776-704b-50e0-92ce-c74e516f9c80,2020-09-27,DATED,PARSED,2020,3,9,25200000000,$25.200B,USD,MATCHED,tech_news.csv,1.0.0,57ec45a1-9a06-4385-9e42-2d255db54746
5726515c-55ea-512d-8c38-c75ef7fb230f,ART0016,6e09eb1e-79ed-5163-8702-a611f7c20c68,2020-04-20,DATED,PARSED,2020,2,4,1030000000,$1.030B,USD,MATCHED,tech_news.csv,1.0.0,57ec45a1-9a06-4385-9e42-2d255db54746
35ea3b57-dc70-5671-9f95-7c68faa034db,ART0017,7404b547-e172-5517-92d1-7c31c711048b,2021-07-24,DATED,PARSED,2021,3,7,3900000000,$3.900B,USD,MATCHED,tech_news.csv,1.0.0,57ec45a1-9a06-4385-9e42-2d255db54746
d0ae97b2-5aab-533e-9d88-6b500fe3c8fa,ART0019,1eabfb03-492b-52d1-9f8f-afbd3e484ada,2023-01-15,DATED,PARSED,2023,1,1,790000000,"$790,000,000",USD,MATCHED,tech_news.csv,1.0.0,57ec45a1-9a06-4385-9e42-2d255db54746
a6a8744c-80bb-5442-ad23-bf4af39b3029,ART0020,9d4d58c5-91bd-5317-85a0-a0cd048740af,2023-10-14,DATED,PARSED,2023,4,10,379999999,"£299,212,598",GBP,MATCHED,tech_news.csv,1.0.0,57ec45a1-9a06-4385-9e42-2d255db54746
c1607829-d044-52d1-8811-71f178f0118a,ART0021,30365688-fa79-5b90-b869-7fc216599069,2023-10-03,DATED,PARSED,2023,4,10,2400000000,"¥360,000,000,000",JPY,MATCHED,tech_news.csv,1.0.0,57ec45a1-9a06-4385-9e42-2d255db54746
1e849222-bfc6-53fa-a0a9-bd0d0464c542,ART0022,9d4d58c5-91bd-5317-85a0-a0cd048740af,2020-07-23,DATED,PARSED,2020,3,7,170000000,$170.0M,USD,MATCHED,tech_news.csv,1.0.0,57ec45a1-9a06-4385-9e42-2d255db54746
82f84481-a2dc-5ad8-8c99-85d685321d10,ART0023,245ee582-6dec-5cc1-a198-e4acaa865688,2021-09-11,DATED,PARSED,2021,3,9,930000000,$0.930 billion,USD,MATCHED,tech_news.csv,1.0.0,57ec45a1-9a06-4385-9e42-2d255db54746
5561ec5c-75b9-556a-89e2-bb4149daf897,ART0024,30365688-fa79-5b90-b869-7fc216599069,2023-05-23,DATED,PARSED,2023,2,5,2150000000,$2.150B,USD,MATCHED,tech_news.csv,1.0.0,57ec45a1-9a06-4385-9e42-2d255db54746
cc059f63-4094-5ae3-9c4b-7ad2c8bd705a,ART0028,a992e412-2b10-50bc-bf9c-23b7974ddb91,2020-11-22,DATED,PARSED,2020,4,11,12600000000,$12.600B,USD,MATCHED,tech_news.csv,1.0.0,57ec45a1-9a06-4385-9e42-2d255db54746
6bdec039-94d7-5f07-9b62-d58ba6ecdaa3,ART0029,a992e412-2b10-50bc-bf9c-23b7974ddb91,2023-09-13,DATED,PARSED,2023,3,9,40500000000,"€36,818,181,818",EUR,MATCHED,tech_news.csv,1.0.0,57ec45a1-9a06-4385-9e42-2d255db54746
ca81d3da-4be4-5a77-be9a-16c6e4d791d0,ART0031,bd719dfe-542a-55b1-b391-b5ab6875b1e2,2023-03-26,DATED,PARSED,2023,1,3,1200000000,"€1,090,909,091",EUR,MATCHED,tech_news.csv,1.0.0,57ec45a1-9a06-4385-9e42-2d255db54746
5c7911c6-4556-51fe-a236-89c660bf7cb5,ART0033,7404b547-e172-5517-92d1-7c31c711048b,2022-02-15,DATED,PARSED,2022,1,2,5000000000,$5.000 billion,USD,MATCHED,tech_news.csv,1.0.0,57ec45a1-9a06-4385-9e42-2d255db54746
c2e8095a-180c-50a4-b247-ebd9d9d3e133,ART0034,9d4d58c5-91bd-5317-85a0-a0cd048740af,2021-10-21,DATED,PARSED,2021,4,10,275000000,$275.0M,USD,MATCHED,tech_news.csv,1.0.0,57ec45a1-9a06-4385-9e42-2d255db54746
72a056da-1a63-5043-a712-f7f027093274,ART0036,a992e412-2b10-50bc-bf9c-23b7974ddb91,2023-09-05,DATED,PARSED,2023,3,9,40500000000,$38475.0M - $42525.0M,USD,MATCHED,tech_news.csv,1.0.0,57ec45a1-9a06-4385-9e42-2d255db54746
017968a5-152f-5b05-bc98-b5fe0995caf8,ART0038,dd92adee-a175-5086-8ee3-31cafbbd4d9a,2021-05-04,DATED,PARSED,2021,2,5,620000000,"€563,636,364",EUR,MATCHED,tech_news.csv,1.0.0,57ec45a1-9a06-4385-9e42-2d255db54746
88961f9f-0e1b-5f3f-a26f-584b612a98c4,ART0039,f36a832f-cd27-58af-b8c6-fb63f6bea323,2022-02-23,DATED,PARSED,2022,1,2,61000000000,$57950.0M - $64050.0M,USD,MATCHED,tech_news.csv,1.0.0,57ec45a1-9a06-4385-9e42-2d255db54746
ccfb4295-3d0a-5ad8-bdf0-d3e2c9ddad8e,ART0040,7404b547-e172-5517-92d1-7c31c711048b,2023-04-11,DATED,PARSED,2023,2,4,7600000000,$7.600 billion,USD,MATCHED,tech_news.csv,1.0.0,57ec45a1-9a06-4385-9e42-2d255db54746
c307be26-439e-510e-b7f9-2aa36c780131,ART0041,9d4d58c5-91bd-5317-85a0-a0cd048740af,2022-09-26,DATED,PARSED,2022,3,9,305000000,"£240,157,480",GBP,MATCHED,tech_news.csv,1.0.0,57ec45a1-9a06-4385-9e42-2d255db54746
7bbc5af9-c0b3-5e11-8900-39f31aab6701,ART0045,dd92adee-a175-5086-8ee3-31cafbbd4d9a,2020-08-22,DATED,PARSED,2020,3,8,455000000,$455.0 million,USD,MATCHED,tech_news.csv,1.0.0,57ec45a1-9a06-4385-9e42-2d255db54746
7fc47f4a-e66c-5a7b-96ed-7717081a674a,ART0046,1eabfb03-492b-52d1-9f8f-afbd3e484ada,2022-02-07,DATED,PARSED,2022,1,2,600000000,$0.600 billion,USD,MATCHED,tech_news.csv,1.0.0,57ec45a1-9a06-4385-9e42-2d255db54746
fa18c6a5-ba0b-50af-848a-b7fdf2a3db3d,ART0049,a992e412-2b10-50bc-bf9c-23b7974ddb91,2021-07-25,DATED,PARSED,2021,3,7,16000000000,"¥2,400,000,000,000",JPY,MATCHED,tech_news.csv,1.0.0,57ec45a1-9a06-4385-9e42-2d255db54746
eb44a0af-b4c8-51ea-9c90-5991c9e11b6d,ART0051,8d99fa8b-ca33-5878-9209-2b1f97f99f6b,2022-10-02,DATED,PARSED,2022,4,10,570000000,$0.570 billion,USD,MATCHED,tech_news.csv,1.0.0,57ec45a1-9a06-4385-9e42-2d255db54746
6699fafe-890e-5b6e-8377-bdc26fe30256,ART0053,8f05416c-1b7c-5110-a049-ff66e663eccf,2023-01-02,DATED,PARSED,2023,1,1,2300000000,2300.0M USD,USD,MATCHED,tech_news.csv,1.0.0,57ec45a1-9a06-4385-9e42-2d255db54746
0faf65e4-4d3c-529d-a55d-51ca2766365e,ART0054,08256776-704b-50e0-92ce-c74e516f9c80,2021-04-10,DATED,PARSED,2021,2,4,54000000000,"$54,000,000,000",USD,MATCHED,tech_news.csv,1.0.0,57ec45a1-9a06-4385-9e42-2d255db54746
75dd439d-6636-58db-9840-8b40586d2b7f,ART0055,8d99fa8b-ca33-5878-9209-2b1f97f99f6b,2020-07-29,DATED,PARSED,2020,3,7,135000000,$135.0 million,USD,MATCHED,tech_news.csv,1.0.0,57ec45a1-9a06-4385-9e42-2d255db54746
0452c80b-6e80-51a0-b04f-4fa0bb98f9f2,ART0056,bd719dfe-542a-55b1-b391-b5ab6875b1e2,2022-03-31,DATED,PARSED,2022,1,3,700000000,$700.0 million,USD,MATCHED,tech_news.csv,1.0.0,57ec45a1-9a06-4385-9e42-2d255db54746
465a86bd-11e9-542d-9fd4-6b051ae40746,ART0058,bd719dfe-542a-55b1-b391-b5ab6875b1e2,2023-07-05,DATED,PARSED,2023,3,7,1400000000,$1330.0M - $1470.0M,USD,MATCHED,tech_news.csv,1.0.0,57ec45a1-9a06-4385-9e42-2d255db54746
0472439a-348d-5e55-b4f6-6144888df10c,ART0059,6e09eb1e-79ed-5163-8702-a611f7c20c68,2023-05-01,DATED,PARSED,2023,2,5,1920000000,$1.920B,USD,MATCHED,tech_news.csv,1.0.0,57ec45a1-9a06-4385-9e42-2d255db54746
53662404-983f-5915-b55a-a6f8f7d27aa4,ART0060,7404b547-e172-5517-92d1-7c31c711048b,2023-01-20,DATED,PARSED,2023,1,1,7000000000,$7000.0 million,USD,MATCHED,tech_news.csv,1.0.0,57ec45a1-9a06-4385-9e42-2d255db54746
9c81f651-99fe-58fe-be61-fbf063436e3d,ART0061,fa848049-e1a2-57f0-935a-4d48dcaddc61,2020-09-11,DATED,PARSED,2020,3,9,730000000,730.0M USD,USD,MATCHED,tech_news.csv,1.0.0,57ec45a1-9a06-4385-9e42-2d255db54746
e03842a3-d256-5500-a2db-ffb775933ffd,ART0066,a992e412-2b10-50bc-bf9c-23b7974ddb91,2020-11-20,DATED,PARSED,2020,4,11,12600000000,$12.600B,USD,MATCHED,tech_news.csv,1.0.0,57ec45a1-9a06-4385-9e42-2d255db54746
599a5a6f-9ebb-541f-b967-5287328533fc,ART0068,f36a832f-cd27-58af-b8c6-fb63f6bea323,2021-07-19,DATED,PARSED,2021,3,7,55000000000,$55.000 billion,USD,MATCHED,tech_news.csv,1.0.0,57ec45a1-9a06-4385-9e42-2d255db54746
1b62acb5-8d69-5252-9d58-046ff68af69b,ART0069,f36a832f-cd27-58af-b8c6-fb63f6bea323,2023-01-08,DATED,PARSED,2023,1,1,71000000000,$71.000B,USD,MATCHED,tech_news.csv,1.0.0,57ec45a1-9a06-4385-9e42-2d255db54746
4eee629c-768f-5783-a28d-522481b102b2,ART0070,7404b547-e172-5517-92d1-7c31c711048b,2021-10-13,DATED,PARSED,2021,4,10,4300000000,$4300.0 million,USD,MATCHED,tech_news.csv,1.0.0,57ec45a1-9a06-4385-9e42-2d255db54746
423055c0-e654-50c8-b9a5-869976852c8b,ART0071,6e09eb1e-79ed-5163-8702-a611f7c20c68,2022-12-13,DATED,PARSED,2022,4,12,1700000000,"¥255,000,000,000",JPY,MATCHED,tech_news.csv,1.0.0,57ec45a1-9a06-4385-9e42-2d255db54746
99ed32f0-7ef1-5524-8015-e483dc6d2d80,ART0072,8d99fa8b-ca33-5878-9209-2b1f97f99f6b,2021-11-03,DATED,PARSED,2021,4,11,340000000,$340.0M,USD,MATCHED,tech_news.csv,1.0.0,57ec45a1-9a06-4385-9e42-2d255db54746
f4e4b92e-f5b5-57bf-8335-c393335cabf6,ART0073,5c86f678-723f-56ff-bd4b-8440df5459ba,2020-07-20,DATED,PARSED,2020,3,7,145000000,"$145,000,000",USD,MATCHED,tech_news.csv,1.0.0,57ec45a1-9a06-4385-9e42-2d255db54746
94add6b2-ea60-5af8-af8c-9ac54d1c6d1c,ART0074,7404b547-e172-5517-92d1-7c31c711048b,2021-05-15,DATED,PARSED,2021,2,5,3450000000,$3450.0 million,USD,MATCHED,tech_news.csv,1.0.0,57ec45a1-9a06-4385-9e42-2d255db54746
417ff17e-1142-5632-83ec-e42ade25d6dc,ART0075,dd92adee-a175-5086-8ee3-31cafbbd4d9a,2020-10-20,DATED,PARSED,2020,4,10,500000000,"¥75,000,000,000",JPY,MATCHED,tech_news.csv,1.0.0,57ec45a1-9a06-4385-9e42-2d255db54746
dc0b452b-42e7-5fea-93c6-26477fcda853,ART0077,c9a9b7c2-97d1-5591-869e-b4f04eeab027,2021-08-28,DATED,PARSED,2021,3,8,4200000000,"$4,200,000,000",USD,MATCHED,tech_news.csv,1.0.0,57ec45a1-9a06-4385-9e42-2d255db54746
843a4819-d5d2-5565-993b-d3dfb88c51a2,ART0078,9d4d58c5-91bd-5317-85a0-a0cd048740af,2022-10-14,DATED,PARSED,2022,4,10,295000000,295.0M USD,USD,MATCHED,tech_news.csv,1.0.0,57ec45a1-9a06-4385-9e42-2d255db54746
4d57a074-4640-5fd6-8e2c-9f23f3b5396f,ART0079,8d99fa8b-ca33-5878-9209-2b1f97f99f6b,2023-07-09,DATED,PARSED,2023,3,7,735000000,$735.0 million,USD,MATCHED,tech_news.csv,1.0.0,57ec45a1-9a06-4385-9e42-2d255db54746
67589097-c9e7-5a29-99d0-0f23ae39c8ab,ART0080,ea56a6ce-74c8-5db9-a8e0-55f570076e47,2020-09-27,DATED,PARSED,2020,3,9,45500000000,$45.500 billion,USD,MATCHED,tech_news.csv,1.0.0,57ec45a1-9a06-4385-9e42-2d255db54746
43fa58b4-9a02-5211-9306-7af2add6812b,ART0081,bd719dfe-542a-55b1-b391-b5ab6875b1e2,2020-06-03,DATED,PARSED,2020,2,6,145000000,"£114,173,228",GBP,MATCHED,tech_news.csv,1.0.0,57ec45a1-9a06-4385-9e42-2d255db54746
968f11bd-73fc-5bc0-ad4b-1fe395726a6f,ART0082,c9a9b7c2-97d1-5591-869e-b4f04eeab027,2023-10-08,DATED,PARSED,2023,4,10,7400000000,"¥1,110,000,000,000",JPY,MATCHED,tech_news.csv,1.0.0,57ec45a1-9a06-4385-9e42-2d255db54746
32cc173e-ff00-5614-8f86-2cb19cbaf477,ART0085,dd92adee-a175-5086-8ee3-31cafbbd4d9a,2022-04-15,DATED,PARSED,2022,2,4,875000000,"€795,454,545",EUR,MATCHED,tech_news.csv,1.0.0,57ec45a1-9a06-4385-9e42-2d255db54746
124f993d-f5c0-51a7-9388-3defdf41135d,ART0086,5449894a-8967-53fd-96aa-711e4f2caebf,2021-07-19,DATED,PARSED,2021,3,7,45000000,"$45,000,000",USD,MATCHED,tech_news.csv,1.0.0,57ec45a1-9a06-4385-9e42-2d255db54746
b5d47410-ee98-5bc2-bdab-bfc71a7d83ff,ART0087,08256776-704b-50e0-92ce-c74e516f9c80,2023-02-09,DATED,PARSED,2023,1,2,82000000000,$82000.0 million,USD,MATCHED,tech_news.csv,1.0.0,57ec45a1-9a06-4385-9e42-2d255db54746
7bd2bb06-c350-5910-a2de-187341cf1ea0,ART0088,f36a832f-cd27-58af-b8c6-fb63f6bea323,2021-05-28,DATED,PARSED,2021,2,5,52500000000,$52.500B,USD,MATCHED,tech_news.csv,1.0.0,57ec45a1-9a06-4385-9e42-2d255db54746
57148c01-b962-5577-8a6d-587dc4d3b95e,ART0090,9b997e26-b47f-511c-b401-d9b3a6ac9c4f,2023-06-13,DATED,PARSED,2023,2,6,1560000000,$1.560B,USD,MATCHED,tech_news.csv,1.0.0,57ec45a1-9a06-4385-9e42-2d255db54746
7770959d-cc24-5988-aee6-e7415d7490be,ART0091,5c86f678-723f-56ff-bd4b-8440df5459ba,2021-10-21,DATED,PARSED,2021,4,10,410000000,"¥61,500,000,000",JPY,MATCHED,tech_news.csv,1.0.0,57ec45a1-9a06-4385-9e42-2d255db54746
8d8844e0-d443-53a2-a1fe-d67bc5e627d2,ART0093,8f05416c-1b7c-5110-a049-ff66e663eccf,2021-10-02,DATED,PARSED,2021,4,10,1550000000,$1.550B,USD,MATCHED,tech_news.csv,1.0.0,57ec45a1-9a06-4385-9e42-2d255db54746
302314d8-2bdf-54c7-ae4e-cefe234932a2,ART0094,c9a9b7c2-97d1-5591-869e-b4f04eeab027,2023-02-13,DATED,PARSED,2023,1,2,6600000000,"£5,196,850,394",GBP,MATCHED,tech_news.csv,1.0.0,57ec45a1-9a06-4385-9e42-2d255db54746
f6b6db84-3059-5bff-898a-739f3c28f085,ART0096,1eabfb03-492b-52d1-9f8f-afbd3e484ada,2022-05-28,DATED,PARSED,2022,2,5,655000000,$0.655 billion,USD,MATCHED,tech_news.csv,1.0.0,57ec45a1-9a06-4385-9e42-2d255db54746
18490e0e-6cd2-52e8-b1c3-0e54a22c834c,ART0097,5ed089c3-b138-5004-b73c-fbfc8d07c0ca,2020-10-20,DATED,PARSED,2020,4,10,95000000,$90.2M - $99.8M,USD,MATCHED,tech_news.csv,1.0.0,57ec45a1-9a06-4385-9e42-2d255db54746
1af432f9-2dac-51c0-8118-10915ac8f65d,ART0099,6e09eb1e-79ed-5163-8702-a611f7c20c68,2022-05-18,DATED,PARSED,2022,2,5,1550000000,"£1,220,472,441",GBP,MATCHED,tech_news.csv,1.0.0,57ec45a1-9a06-4385-9e42-2d255db54746
bc4651bb-f8f4-5712-8bd6-4cfc883c483e,ART0100,dd92adee-a175-5086-8ee3-31cafbbd4d9a,2023-09-28,DATED,PARSED,2023,3,9,1260000000,$1.260 billion,USD,MATCHED,tech_news.csv,1.0.0,57ec45a1-9a06-4385-9e42-2d255db54746
a8e880cf-2d6e-5836-8230-ba8ecf9a3f2c,ART0101,8f05416c-1b7c-5110-a049-ff66e663eccf,2020-01-16,DATED,PARSED,2020,1,1,720000000,$720.0M,USD,MATCHED,tech_news.csv,1.0.0,57ec45a1-9a06-4385-9e42-2d255db54746
d94be370-0b4b-5254-ae2a-e87adfc628d3,ART0102,5ed089c3-b138-5004-b73c-fbfc8d07c0ca,2020-06-08,DATED,PARSED,2020,2,6,75000000,$75.0M,USD,MATCHED,tech_news.csv,1.0.0,57ec45a1-9a06-4385-9e42-2d255db54746
6aca2100-bcdf-5dff-9490-66e1c7296178,ART0104,8f05416c-1b7c-5110-a049-ff66e663eccf,2020-06-05,DATED,PARSED,2020,2,6,780000000,$780.0 million,USD,MATCHED,tech_news.csv,1.0.0,57ec45a1-9a06-4385-9e42-2d255db54746
1b2e2af1-f28c-5e97-bef1-e7c0a921f208,ART0108,6e09eb1e-79ed-5163-8702-a611f7c20c68,2023-08-27,DATED,PARSED,2023,3,8,2100000000,"¥315,000,000,000",JPY,MATCHED,tech_news.csv,1.0.0,57ec45a1-9a06-4385-9e42-2d255db54746
4976f1d0-633d-548f-8734-f21300f02085,ART0109,9b997e26-b47f-511c-b401-d9b3a6ac9c4f,2020-12-19,DATED,PARSED,2020,4,12,650000000,"€590,909,091",EUR,MATCHED,tech_news.csv,1.0.0,57ec45a1-9a06-4385-9e42-2d255db54746
d821070d-9bd1-5eb5-9b68-6bf673594391,ART0112,f36a832f-cd27-58af-b8c6-fb63f6bea323,2023-12-10,DATED,PARSED,2023,4,12,78000000000,"$78,000,000,000",USD,MATCHED,tech_news.csv,1.0.0,57ec45a1-9a06-4385-9e42-2d255db54746
8c0fd99d-a65b-53b1-a4c4-32ff48ce6151,ART0113,8f05416c-1b7c-5110-a049-ff66e663eccf,2021-01-28,DATED,PARSED,2021,1,1,1050000001,"€954,545,455",EUR,MATCHED,tech_news.csv,1.0.0,57ec45a1-9a06-4385-9e42-2d255db54746
249f9543-fbb0-5b61-9312-edaaf758e6a5,ART0114,ea56a6ce-74c8-5db9-a8e0-55f570076e47,2023-11-19,DATED,PARSED,2023,4,11,95000000000,"¥14,250,000,000,000",JPY,MATCHED,tech_news.csv,1.0.0,57ec45a1-9a06-4385-9e42-2d255db54746
4186850d-9c81-528a-828d-c838dc5f01fe,ART0115,a992e412-2b10-50bc-bf9c-23b7974ddb91,2021-05-04,DATED,PARSED,2021,2,5,15000000000,"£11,811,023,622",GBP,MATCHED,tech_news.csv,1.0.0,57ec45a1-9a06-4385-9e42-2d255db54746
91b61fff-a66b-51c0-bd74-84bf84466bbb,ART0116,08256776-704b-50e0-92ce-c74e516f9c80,2020-10-10,DATED,PARSED,2020,4,10,26000000000,$24700.0M - $27300.0M,USD,MATCHED,tech_news.csv,1.0.0,57ec45a1-9a06-4385-9e42-2d255db54746
d2fbb614-9fd4-514b-9e68-80d12a05193a,ART0117,ea56a6ce-74c8-5db9-a8e0-55f570076e47,2022-07-09,DATED,PARSED,2022,3,7,78000000000,"£61,417,322,835",GBP,MATCHED,tech_news.csv,1.0.0,57ec45a1-9a06-4385-9e42-2d255db54746
d347cf14-38b0-533b-87cd-83be8e01327d,ART0118,c9a9b7c2-97d1-5591-869e-b4f04eeab027,2020-02-27,DATED,PARSED,2020,1,2,2600000000,"$2,600,000,000",USD,MATCHED,tech_news.csv,1.0.0,57ec45a1-9a06-4385-9e42-2d255db54746
0822cd30-b567-5d61-bfb8-c982f23f91c9,ART0119,dd92adee-a175-5086-8ee3-31cafbbd4d9a,2023-06-14,DATED,PARSED,2023,2,6,1180000000,$1.180B,USD,MATCHED,tech_news.csv,1.0.0,57ec45a1-9a06-4385-9e42-2d255db54746
9c5c5aad-1eba-5c8c-8e65-3ca2771d16ba,ART0120,7404b547-e172-5517-92d1-7c31c711048b,2023-06-29,DATED,PARSED,2023,2,6,7600000000,$7220.0M - $7980.0M,USD,MATCHED,tech_news.csv,1.0.0,57ec45a1-9a06-4385-9e42-2d255db54746
c48d58a0-ccb0-5cd4-a371-20577d829e0c,ART0121,7404b547-e172-5517-92d1-7c31c711048b,2023-06-13,DATED,PARSED,2023,2,6,7600000000,$7.600B,USD,MATCHED,tech_news.csv,1.0.0,57ec45a1-9a06-4385-9e42-2d255db54746
6343f47c-368b-5068-9f62-656a63b1eb78,ART0122,245ee582-6dec-5cc1-a198-e4acaa865688,2022-03-10,DATED,PARSED,2022,1,3,1010000000,"$1,010,000,000",USD,MATCHED,tech_news.csv,1.0.0,57ec45a1-9a06-4385-9e42-2d255db54746
c0e84a06-7060-5694-9c2c-8ad89075ca9e,ART0124,6e09eb1e-79ed-5163-8702-a611f7c20c68,2021-08-23,DATED,PARSED,2021,3,8,1320000000,$1.320B,USD,MATCHED,tech_news.csv,1.0.0,57ec45a1-9a06-4385-9e42-2d255db54746
550afcab-983d-5a85-b1ba-4026b4ba5f37,ART0126,9b997e26-b47f-511c-b401-d9b3a6ac9c4f,2020-06-18,DATED,PARSED,2020,2,6,540000000,"€490,909,091",EUR,MATCHED,tech_news.csv,1.0.0,57ec45a1-9a06-4385-9e42-2d255db54746
b97367c6-caee-5745-a73d-77dfc4557d15,ART0128,30365688-fa79-5b90-b869-7fc216599069,2020-04-27,DATED,PARSED,2020,2,4,420000000,$420.0 million,USD,MATCHED,tech_news.csv,1.0.0,57ec45a1-9a06-4385-9e42-2d255db54746
2028a1a4-e191-5e2b-9167-579f00e74c74,ART0129,f36a832f-cd27-58af-b8c6-fb63f6bea323,2021-04-28,DATED,PARSED,2021,2,4,52500000000,"¥7,875,000,000,000",JPY,MATCHED,tech_news.csv,1.0.0,57ec45a1-9a06-4385-9e42-2d255db54746
2c9035c6-2365-5933-ae47-bc56febc9ea8,ART0130,1eabfb03-492b-52d1-9f8f-afbd3e484ada,2022-12-20,DATED,PARSED,2022,4,12,735000000,"$735,000,000",USD,MATCHED,tech_news.csv,1.0.0,57ec45a1-9a06-4385-9e42-2d255db54746
fd41ddef-12c3-554a-9ab3-18fac7cebd6d,ART0131,245ee582-6dec-5cc1-a198-e4acaa865688,2021-06-20,DATED,PARSED,2021,2,6,890000000,$890.0 million,USD,MATCHED,tech_news.csv,1.0.0,57ec45a1-9a06-4385-9e42-2d255db54746
2a82a5f2-a3ad-5db0-b6c8-0c01f9c1f471,ART0132,5c86f678-723f-56ff-bd4b-8440df5459ba,2021-10-16,DATED,PARSED,2021,4,10,410000000,$410.0 million,USD,MATCHED,tech_news.csv,1.0.0,57ec45a1-9a06-4385-9e42-2d255db54746
1ad0048f-d937-5c65-8ca9-69d21a400832,ART0133,c9a9b7c2-97d1-5591-869e-b4f04eeab027,2021-04-04,DATED,PARSED,2021,2,4,3800000001,"€3,454,545,455",EUR,MATCHED,tech_news.csv,1.0.0,57ec45a1-9a06-4385-9e42-2d255db54746
e2f820fa-5cbd-5666-99c5-c8afba9cc0a1,ART0137,9d4d58c5-91bd-5317-85a0-a0cd048740af,2020-07-10,DATED,PARSED,2020,3,7,170000000,170.0M USD,USD,MATCHED,tech_news.csv,1.0.0,57ec45a1-9a06-4385-9e42-2d255db54746
da5e2f54-5860-5e67-8e5c-75369a42812a,ART0138,8d99fa8b-ca33-5878-9209-2b1f97f99f6b,2021-06-26,DATED,PARSED,2021,2,6,260000000,$0.260 billion,USD,MATCHED,tech_news.csv,1.0.0,57ec45a1-9a06-4385-9e42-2d255db54746
25ac2050-a735-58cd-a4ab-945bf1985413,ART0141,5449894a-8967-53fd-96aa-711e4f2caebf,2022-02-25,DATED,PARSED,2022,1,2,95000000,$95.0M,USD,MATCHED,tech_news.csv,1.0.0,57ec45a1-9a06-4385-9e42-2d255db54746
8aad4da6-0ebd-5293-9ce4-63cb3fad4e50,ART0142,dd92adee-a175-5086-8ee3-31cafbbd4d9a,2022-10-15,DATED,PARSED,2022,4,10,1010000000,"$1,010,000,000",USD,MATCHED,tech_news.csv,1.0.0,57ec45a1-9a06-4385-9e42-2d255db54746
bbe63390-6384-5f2c-9879-65856270d209,ART0144,245ee582-6dec-5cc1-a198-e4acaa865688,2022-01-12,DATED,PARSED,2022,1,1,1010000000,1010.0M USD,USD,MATCHED,tech_news.csv,1.0.0,57ec45a1-9a06-4385-9e42-2d255db54746
bb213ff1-02bd-5d4f-a89c-356aab50dd8b,ART0147,245ee582-6dec-5cc1-a198-e4acaa865688,2023-12-22,DATED,PARSED,2023,4,12,1250000000,$1.250B,USD,MATCHED,tech_news.csv,1.0.0,57ec45a1-9a06-4385-9e42-2d255db54746
947fdf9d-eca4-5a1b-9aa7-5f2443289f34,ART0149,f36a832f-cd27-58af-b8c6-fb63f6bea323,2021-05-11,DATED,PARSED,2021,2,5,52500000000,"£41,338,582,677",GBP,MATCHED,tech_news.csv,1.0.0,57ec45a1-9a06-4385-9e42-2d255db54746
b08d9f9e-538c-5d57-bbf3-f99a15d7027f,ART0155,5ed089c3-b138-5004-b73c-fbfc8d07c0ca,2020-11-19,DATED,PARSED,2020,4,11,95000000,$0.095 billion,USD,MATCHED,tech_news.csv,1.0.0,57ec45a1-9a06-4385-9e42-2d255db54746
6d929182-0d99-5f45-9bdb-3f93715803dd,ART0157,5449894a-8967-53fd-96aa-711e4f2caebf,2021-09-03,DATED,PARSED,2021,3,9,45000000,$42.8M - $47.2M,USD,MATCHED,tech_news.csv,1.0.0,57ec45a1-9a06-4385-9e42-2d255db54746
428e437d-3480-5024-8133-cb81941cfe11,ART0158,8f05416c-1b7c-5110-a049-ff66e663eccf,2022-07-28,DATED,PARSED,2022,3,7,1900000000,1900.0M USD,USD,MATCHED,tech_news.csv,1.0.0,57ec45a1-9a06-4385-9e42-2d255db54746
5d939ba7-d8e1-5f2a-91f7-88142ac73a77,ART0159,7404b547-e172-5517-92d1-7c31c711048b,2021-11-02,DATED,PARSED,2021,4,11,4300000000,$4.300B,USD,MATCHED,tech_news.csv,1.0.0,57ec45a1-9a06-4385-9e42-2d255db54746
9bb4cb3a-8240-573a-9c46-1b190b1d52ca,ART0161,771af71e-0eea-5ae0-9aff-9a0609ace44a,2022-10-26,DATED,PARSED,2022,4,10,25000000000,$25.000B,USD,MATCHED,tech_news.csv,1.0.0,57ec45a1-9a06-4385-9e42-2d255db54746
b8971884-8f6c-58e3-b0b5-75473125c30a,ART0163,9b997e26-b47f-511c-b401-d9b3a6ac9c4f,2023-03-18,DATED,PARSED,2023,1,3,1480000000,1480.0M USD,USD,MATCHED,tech_news.csv,1.0.0,57ec45a1-9a06-4385-9e42-2d255db54746
dcf365a7-6851-5f46-b91a-37077d8cf4f7,ART0165,08256776-704b-50e0-92ce-c74e516f9c80,2020-05-29,DATED,PARSED,2020,2,5,24500000000,$24.500B,USD,MATCHED,tech_news.csv,1.0.0,57ec45a1-9a06-4385-9e42-2d255db54746
0e5ad3a0-06d1-5679-b331-28bf007ea135,ART0168,7404b547-e172-5517-92d1-7c31c711048b,2022-02-15,DATED,PARSED,2022,1,2,5000000000,$5.000B,USD,MATCHED,tech_news.csv,1.0.0,57ec45a1-9a06-4385-9e42-2d255db54746
5993e1c4-7dba-560e-81de-d5431e840241,ART0169,a992e412-2b10-50bc-bf9c-23b7974ddb91,2020-05-17,DATED,PARSED,2020,2,5,11200000000,"$11,200,000,000",USD,MATCHED,tech_news.csv,1.0.0,57ec45a1-9a06-4385-9e42-2d255db54746
6174a7c9-4419-5e48-bc0e-f00330c08fba,ART0170,5449894a-8967-53fd-96aa-711e4f2caebf,2022-10-28,DATED,PARSED,2022,4,10,250000000,$0.250 billion,USD,MATCHED,tech_news.csv,1.0.0,57ec45a1-9a06-4385-9e42-2d255db54746
ffd9cc02-19b9-5038-849d-e77d01a17c0d,ART0172,8f05416c-1b7c-5110-a049-ff66e663eccf,2022-05-02,DATED,PARSED,2022,2,5,1820000000,$1.820B,USD,MATCHED,tech_news.csv,1.0.0,57ec45a1-9a06-4385-9e42-2d255db54746
6bc9c171-83f5-51f1-94cc-1587250918bc,ART0173,5449894a-8967-53fd-96aa-711e4f2caebf,2022-04-25,DATED,PARSED,2022,2,4,130000000,$130.0M,USD,MATCHED,tech_news.csv,1.0.0,57ec45a1-9a06-4385-9e42-2d255db54746
5dd2652c-214b-5180-8591-279e7644730b,ART0175,08256776-704b-50e0-92ce-c74e516f9c80,2020-08-28,DATED,PARSED,2020,3,8,25200000000,$23940.0M - $26460.0M,USD,MATCHED,tech_news.csv,1.0.0,57ec45a1-9a06-4385-9e42-2d255db54746
ec9d9812-2ea2-5d3e-880f-81f3f127d31a,ART0177,1eabfb03-492b-52d1-9f8f-afbd3e484ada,2020-10-25,DATED,PARSED,2020,4,10,340000000,$340.0M,USD,MATCHED,tech_news.csv,1.0.0,57ec45a1-9a06-4385-9e42-2d255db54746
f407814b-4782-5312-8a79-86f62e63427a,ART0179,f36a832f-cd27-58af-b8c6-fb63f6bea323,2023-01-24,DATED,PARSED,2023,1,1,71000000000,$71.000B,USD,MATCHED,tech_news.csv,1.0.0,57ec45a1-9a06-4385-9e42-2d255db54746
2b94e900-771c-5c1b-a5ab-0e61d8d0a102,ART0180,f36a832f-cd27-58af-b8c6-fb63f6bea323,2021-04-18,DATED,PARSED,2021,2,4,52500000000,"$52,500,000,000",USD,MATCHED,tech_news.csv,1.0.0,57ec45a1-9a06-4385-9e42-2d255db54746
44ac146a-c12a-56f1-9150-2a0e1e701b5b,ART0181,dd92adee-a175-5086-8ee3-31cafbbd4d9a,2020-01-14,DATED,PARSED,2020,1,1,390000000,$370.5M - $409.5M,USD,MATCHED,tech_news.csv,1.0.0,57ec45a1-9a06-4385-9e42-2d255db54746
d34feaac-92aa-5ec8-b468-ad638d363552,ART0184,dd92adee-a175-5086-8ee3-31cafbbd4d9a,2023-08-13,DATED,PARSED,2023,3,8,1260000000,$1.260B,USD,MATCHED,tech_news.csv,1.0.0,57ec45a1-9a06-4385-9e42-2d255db54746
164e7984-0d51-50e3-a7b4-656aec00fbdf,ART0185,5c86f678-723f-56ff-bd4b-8440df5459ba,2021-07-28,DATED,PARSED,2021,3,7,340000000,$340.0M,USD,MATCHED,tech_news.csv,1.0.0,57ec45a1-9a06-4385-9e42-2d255db54746
7e0cae13-55fc-55eb-8da2-ee8f0bf49562,ART0186,5c86f678-723f-56ff-bd4b-8440df5459ba,2020-11-28,DATED,PARSED,2020,4,11,175000001,"£137,795,276",GBP,MATCHED,tech_news.csv,1.0.0,57ec45a1-9a06-4385-9e42-2d255db54746
a93eee9c-706a-5196-9277-fe2889ac3629,ART0187,9b997e26-b47f-511c-b401-d9b3a6ac9c4f,2021-12-09,DATED,PARSED,2021,4,12,990000000,990.0M USD,USD,MATCHED,tech_news.csv,1.0.0,57ec45a1-9a06-4385-9e42-2d255db54746
9fc1e735-6fec-584a-af35-123015d2e901,ART0188,5ed089c3-b138-5004-b73c-fbfc8d07c0ca,2021-07-13,DATED,PARSED,2021,3,7,240000000,240.0M USD,USD,MATCHED,tech_news.csv,1.0.0,57ec45a1-9a06-4385-9e42-2d255db54746
721bd1e1-f821-5445-b9cb-b0fa12e1e491,ART0189,9d4d58c5-91bd-5317-85a0-a0cd048740af,2021-05-19,DATED,PARSED,2021,2,5,245000000,"£192,913,386",GBP,MATCHED,tech_news.csv,1.0.0,57ec45a1-9a06-4385-9e42-2d255db54746
feff45d8-b5ba-5154-9979-d3f681259e5b,ART0192,1eabfb03-492b-52d1-9f8f-afbd3e484ada,2020-12-13,DATED,PARSED,2020,4,12,340000000,"¥51,000,000,000",JPY,MATCHED,tech_news.csv,1.0.0,57ec45a1-9a06-4385-9e42-2d255db54746
c96e060e-8e89-577a-b254-bf82bf5f6d1d,ART0198,245ee582-6dec-5cc1-a198-e4acaa865688,2022-01-06,DATED,PARSED,2022,1,1,1010000000,$1.010B,USD,MATCHED,tech_news.csv,1.0.0,57ec45a1-9a06-4385-9e42-2d255db54746
018e991e-c044-5161-8a68-83520f3b59f1,ART0199,1eabfb03-492b-52d1-9f8f-afbd3e484ada,2023-10-19,DATED,PARSED,2023,4,10,980000000,$980.0M,USD,MATCHED,tech_news.csv,1.0.0,57ec45a1-9a06-4385-9e42-2d255db54746
9d32bfe6-0f07-5169-9c3f-b8773e47d76d,ART0200,245ee582-6dec-5cc1-a198-e4acaa865688,2023-11-09,DATED,PARSED,2023,4,11,1250000000,"€1,136,363,636",EUR,MATCHED,tech_news.csv,1.0.0,57ec45a1-9a06-4385-9e42-2d255db54746
4990f951-c1b0-5580-b461-41d46411ad93,ART0202,8f05416c-1b7c-5110-a049-ff66e663eccf,2021-09-06,DATED,PARSED,2021,3,9,1380000000,$1.380B,USD,MATCHED,tech_news.csv,1.0.0,57ec45a1-9a06-4385-9e42-2d255db54746
edaebfe0-75af-5d42-a445-c9a6d7b52290,ART0204,1eabfb03-492b-52d1-9f8f-afbd3e484ada,2022-03-07,DATED,PARSED,2022,1,3,600000000,$570.0M - $630.0M,USD,MATCHED,tech_news.csv,1.0.0,57ec45a1-9a06-4385-9e42-2d255db54746
11eb7817-cd23-5ba9-adfa-587b59121c86,ART0206,fa848049-e1a2-57f0-935a-4d48dcaddc61,2023-04-23,DATED,PARSED,2023,2,4,2520000000,$2520.0 million,USD,MATCHED,tech_news.csv,1.0.0,57ec45a1-9a06-4385-9e42-2d255db54746
481ef16b-183d-5d34-9c02-e57b695e0081,ART0207,7404b547-e172-5517-92d1-7c31c711048b,2020-10-09,DATED,PARSED,2020,4,10,2600000000,$2600.0 million,USD,MATCHED,tech_news.csv,1.0.0,57ec45a1-9a06-4385-9e42-2d255db54746
c1d6075d-e27f-5851-bf3b-090183a13dba,ART0209,1eabfb03-492b-52d1-9f8f-afbd3e484ada,2021-03-27,DATED,PARSED,2021,1,3,390000000,"¥58,500,000,000",JPY,MATCHED,tech_news.csv,1.0.0,57ec45a1-9a06-4385-9e42-2d255db54746
b635d546-b6bd-5011-b5c5-3063f9a7c26c,ART0210,245ee582-6dec-5cc1-a198-e4acaa865688,2020-08-19,DATED,PARSED,2020,3,8,700000000,"¥105,000,000,000",JPY,MATCHED,tech_news.csv,1.0.0,57ec45a1-9a06-4385-9e42-2d255db54746
e2fc703a-71e0-57f9-9db2-3ceab57a0b06,ART0211,8d99fa8b-ca33-5878-9209-2b1f97f99f6b,2021-09-01,DATED,PARSED,2021,3,9,305000000,$305.0M,USD,MATCHED,tech_news.csv,1.0.0,57ec45a1-9a06-4385-9e42-2d255db54746
d7887c25-9f6f-5d4a-956b-49578d395650,ART0212,9d4d58c5-91bd-5317-85a0-a0cd048740af,2022-05-26,DATED,PARSED,2022,2,5,315000000,$299.2M - $330.8M,USD,MATCHED,tech_news.csv,1.0.0,57ec45a1-9a06-4385-9e42-2d255db54746
c0ac0f82-39b3-5982-a72f-647c9e19dce4,ART0213,fa848049-e1a2-57f0-935a-4d48dcaddc61,2023-03-18,DATED,PARSED,2023,1,3,2350000000,$2.350 billion,USD,MATCHED,tech_news.csv,1.0.0,57ec45a1-9a06-4385-9e42-2d255db54746
61709e5e-65b3-51e2-b1f2-ac6d761f0356,ART0217,8d99fa8b-ca33-5878-9209-2b1f97f99f6b,2020-02-03,DATED,PARSED,2020,1,2,100000000,$100.0 million,USD,MATCHED,tech_news.csv,1.0.0,57ec45a1-9a06-4385-9e42-2d255db54746
82e4b180-029d-5889-b972-0af4a2e27599,ART0219,8d99fa8b-ca33-5878-9209-2b1f97f99f6b,2023-12-12,DATED,PARSED,2023,4,12,760000000,$722.0M - $798.0M,USD,MATCHED,tech_news.csv,1.0.0,57ec45a1-9a06-4385-9e42-2d255db54746
40012a80-9c43-5724-87e5-b58fb305a91a,ART0220,8f05416c-1b7c-5110-a049-ff66e663eccf,2022-05-14,DATED,PARSED,2022,2,5,1820000000,$1.820B,USD,MATCHED,tech_news.csv,1.0.0,57ec45a1-9a06-4385-9e42-2d255db54746
17f2bbb0-4b12-5efd-ae2b-0e98b20550fe,ART0221,f36a832f-cd27-58af-b8c6-fb63f6bea323,2020-09-29,DATED,PARSED,2020,3,9,44500000000,"¥6,675,000,000,000",JPY,MATCHED,tech_news.csv,1.0.0,57ec45a1-9a06-4385-9e42-2d255db54746
b89ed379-0887-5373-9189-fe793eeb128d,ART0222,7404b547-e172-5517-92d1-7c31c711048b,2023-11-07,DATED,PARSED,2023,4,11,8500000000,"£6,692,913,386",GBP,MATCHED,tech_news.csv,1.0.0,57ec45a1-9a06-4385-9e42-2d255db54746
3e72cd8f-d9a2-5638-be07-50933811b244,ART0223,a992e412-2b10-50bc-bf9c-23b7974ddb91,2023-05-15,DATED,PARSED,2023,2,5,36000000000,$34200.0M - $37800.0M,USD,MATCHED,tech_news.csv,1.0.0,57ec45a1-9a06-4385-9e42-2d255db54746
92208b15-967c-542d-8a6d-28f0b3d5bf03,ART0224,fa848049-e1a2-57f0-935a-4d48dcaddc61,2020-04-21,DATED,PARSED,2020,2,4,620000000,$589.0M - $651.0M,USD,MATCHED,tech_news.csv,1.0.0,57ec45a1-9a06-4385-9e42-2d255db54746
61dc326a-462b-55b9-94c3-3f0ddff64ff8,ART0225,771af71e-0eea-5ae0-9aff-9a0609ace44a,2022-05-11,DATED,PARSED,2022,2,5,25000000000,"$25,000,000,000",USD,MATCHED,tech_news.csv,1.0.0,57ec45a1-9a06-4385-9e42-2d255db54746
b3bf2488-b714-541b-8251-e16da38c6142,ART0226,5449894a-8967-53fd-96aa-711e4f2caebf,2022-11-03,DATED,PARSED,2022,4,11,95000000,$90.2M - $99.8M,USD,MATCHED,tech_news.csv,1.0.0,57ec45a1-9a06-4385-9e42-2d255db54746
6d25f0a6-225f-57f3-8338-fa30dc7a9ebb,ART0228,7404b547-e172-5517-92d1-7c31c711048b,2022-07-17,DATED,PARSED,2022,3,7,6100000000,"$6,100,000,000",USD,MATCHED,tech_news.csv,1.0.0,57ec45a1-9a06-4385-9e42-2d255db54746
c35133b7-e7b9-5c82-b846-3d1d417c4249,ART0230,1eabfb03-492b-52d1-9f8f-afbd3e484ada,2020-06-06,DATED,PARSED,2020,2,6,285000000,"€259,090,909",EUR,MATCHED,tech_news.csv,1.0.0,57ec45a1-9a06-4385-9e42-2d255db54746
f83a9019-333b-530b-ad7c-72a3ce49f4e1,ART0231,bd719dfe-542a-55b1-b391-b5ab6875b1e2,2022-11-08,DATED,PARSED,2022,4,11,1130000001,"£889,763,780",GBP,MATCHED,tech_news.csv,1.0.0,57ec45a1-9a06-4385-9e42-2d255db54746
f4bd39cb-dbc1-5c0f-9caf-83d614198f10,ART0232,245ee582-6dec-5cc1-a198-e4acaa865688,2023-09-04,DATED,PARSED,2023,3,9,1200000000,$1.200B,USD,MATCHED,tech_news.csv,1.0.0,57ec45a1-9a06-4385-9e42-2d255db54746
c52f30cf-a86b-563a-b442-c5ef75991040,ART0233,ea56a6ce-74c8-5db9-a8e0-55f570076e47,2022-11-22,DATED,PARSED,2022,4,11,81000000000,"€73,636,363,636",EUR,MATCHED,tech_news.csv,1.0.0,57ec45a1-9a06-4385-9e42-2d255db54746
f7bb583d-8ec7-5d99-938e-c2fba8ef1f8d,ART0234,08256776-704b-50e0-92ce-c74e516f9c80,2023-02-28,DATED,PARSED,2023,1,2,82000000000,"£64,566,929,134",GBP,MATCHED,tech_news.csv,1.0.0,57ec45a1-9a06-4385-9e42-2d255db54746
8cf69d22-d630-5531-aed5-9e8e8ba47048,ART0236,a992e412-2b10-50bc-bf9c-23b7974ddb91,2022-04-25,DATED,PARSED,2022,2,4,17800000000,$16910.0M - $18690.0M,USD,MATCHED,tech_news.csv,1.0.0,57ec45a1-9a06-4385-9e42-2d255db54746
faf5931b-10bc-5e6c-a7a8-273214a68092,ART0237,1eabfb03-492b-52d1-9f8f-afbd3e484ada,2020-05-07,DATED,PARSED,2020,2,5,285000000,"€259,090,909",EUR,MATCHED,tech_news.csv,1.0.0,57ec45a1-9a06-4385-9e42-2d255db54746
0a64b368-d7de-5a20-ba06-766fec182a7f,ART0239,6e09eb1e-79ed-5163-8702-a611f7c20c68,2022-08-06,DATED,PARSED,2022,3,8,1550000000,"€1,409,090,909",EUR,MATCHED,tech_news.csv,1.0.0,57ec45a1-9a06-4385-9e42-2d255db54746
5b6e6c42-940e-51a9-8a0e-4f6ca7c15dae,ART0240,771af71e-0eea-5ae0-9aff-9a0609ace44a,2020-04-10,DATED,PARSED,2020,2,4,10200000000,"£8,031,496,063",GBP,MATCHED,tech_news.csv,1.0.0,57ec45a1-9a06-4385-9e42-2d255db54746
81e65893-448a-529d-987c-f480521e4934,ART0241,bd719dfe-542a-55b1-b391-b5ab6875b1e2,2020-07-27,DATED,PARSED,2020,3,7,165000000,$165.0M,USD,MATCHED,tech_news.csv,1.0.0,57ec45a1-9a06-4385-9e42-2d255db54746
a1257043-fc98-5609-b1b0-15aedc032844,ART0242,1eabfb03-492b-52d1-9f8f-afbd3e484ada,2021-06-14,DATED,PARSED,2021,2,6,455000000,$455.0M,USD,MATCHED,tech_news.csv,1.0.0,57ec45a1-9a06-4385-9e42-2d255db54746
49e07ba6-29c8-5547-a274-e7c71e7a36bf,ART0243,1eabfb03-492b-52d1-9f8f-afbd3e484ada,2022-03-19,DATED,PARSED,2022,1,3,600000000,$600.0M,USD,MATCHED,tech_news.csv,1.0.0,57ec45a1-9a06-4385-9e42-2d255db54746
fab4b2e0-ef17-5443-81a7-63007d909e41,ART0246,ea56a6ce-74c8-5db9-a8e0-55f570076e47,2021-10-15,DATED,PARSED,2021,4,10,65000000000,"¥9,750,000,000,000",JPY,MATCHED,tech_news.csv,1.0.0,57ec45a1-9a06-4385-9e42-2d255db54746
85bd98dd-c501-5322-a1f5-448fd922bdeb,ART0247,ea56a6ce-74c8-5db9-a8e0-55f570076e47,2021-05-22,DATED,PARSED,2021,2,5,58000000000,$58000.0 million,USD,MATCHED,tech_news.csv,1.0.0,57ec45a1-9a06-4385-9e42-2d255db54746
cfd444df-c3f3-5d86-8194-f5bd779eb4c0,ART0249,5449894a-8967-53fd-96aa-711e4f2caebf,2023-05-17,DATED,PARSED,2023,2,5,380000000,$380.0 million,USD,MATCHED,tech_news.csv,1.0.0,57ec45a1-9a06-4385-9e42-2d255db54746
3205e82a-7e2a-5913-aacf-1eb2f49736c0,ART0250,5449894a-8967-53fd-96aa-711e4f2caebf,2020-10-29,DATED,PARSED,2020,4,10,12000000,"€10,909,091",EUR,MATCHED,tech_news.csv,1.0.0,57ec45a1-9a06-4385-9e42-2d255db54746
219c9dfc-f8a5-5b9c-b599-70be058735bc,ART0251,8f05416c-1b7c-5110-a049-ff66e663eccf,2021-10-22,DATED,PARSED,2021,4,10,1550000000,$1.550B,USD,MATCHED,tech_news.csv,1.0.0,57ec45a1-9a06-4385-9e42-2d255db54746
857ecd2a-5365-5a5b-8d43-386562c61be3,ART0252,fa848049-e1a2-57f0-935a-4d48dcaddc61,2023-11-11,DATED,PARSED,2023,4,11,2800000000,$2800.0 million,USD,MATCHED,tech_news.csv,1.0.0,57ec45a1-9a06-4385-9e42-2d255db54746
474a8d7f-b4ab-5d14-95d0-c3219e186953,ART0253,8d99fa8b-ca33-5878-9209-2b1f97f99f6b,2020-08-01,DATED,PARSED,2020,3,8,135000000,"€122,727,273",EUR,MATCHED,tech_news.csv,1.0.0,57ec45a1-9a06-4385-9e42-2d255db54746
dc52b9a2-e12b-5400-acaf-f5879c935766,ART0254,8d99fa8b-ca33-5878-9209-2b1f97f99f6b,2021-11-18,DATED,PARSED,2021,4,11,340000000,$340.0M,USD,MATCHED,tech_news.csv,1.0.0,57ec45a1-9a06-4385-9e42-2d255db54746
5c35d287-06f9-5527-8e81-e3d50d50045a,ART0257,8f05416c-1b7c-5110-a049-ff66e663eccf,2023-06-10,DATED,PARSED,2023,2,6,2600000000,"$2,600,000,000",USD,MATCHED,tech_news.csv,1.0.0,57ec45a1-9a06-4385-9e42-2d255db54746
5593b834-a195-5d68-a34b-86e2202e3b52,ART0258,7404b547-e172-5517-92d1-7c31c711048b,2023-02-08,DATED,PARSED,2023,1,2,7000000000,$7.000B,USD,MATCHED,tech_news.csv,1.0.0,57ec45a1-9a06-4385-9e42-2d255db54746
182459b5-b12d-5162-8960-b100dc39bb3f,ART0259,f36a832f-cd27-58af-b8c6-fb63f6bea323,2022-01-08,DATED,PARSED,2022,1,1,61000000000,"$61,000,000,000",USD,MATCHED,tech_news.csv,1.0.0,57ec45a1-9a06-4385-9e42-2d255db54746
2d308441-d077-5aab-a2b5-26cb54a17cd3,ART0261,5449894a-8967-53fd-96aa-711e4f2caebf,2022-06-19,DATED,PARSED,2022,2,6,130000000,$130.0M,USD,MATCHED,tech_news.csv,1.0.0,57ec45a1-9a06-4385-9e42-2d255db54746
94b7f3c4-a2ea-59a1-9606-a96aef67c7ae,ART0262,1eabfb03-492b-52d1-9f8f-afbd3e484ada,2023-02-07,DATED,PARSED,2023,1,2,790000000,"¥118,500,000,000",JPY,MATCHED,tech_news.csv,1.0.0,57ec45a1-9a06-4385-9e42-2d255db54746
de8e1d7f-664a-5d6c-846d-c3eb9106579a,ART0263,9b997e26-b47f-511c-b401-d9b3a6ac9c4f,2022-11-24,DATED,PARSED,2022,4,11,1380000000,$1.380B,USD,MATCHED,tech_news.csv,1.0.0,57ec45a1-9a06-4385-9e42-2d255db54746
5e0fe93b-63bc-5bbf-bfc6-2f80b0e262a2,ART0264,5c86f678-723f-56ff-bd4b-8440df5459ba,2022-06-10,DATED,PARSED,2022,2,6,610000000,"£480,314,961",GBP,MATCHED,tech_news.csv,1.0.0,57ec45a1-9a06-4385-9e42-2d255db54746
0cf5861a-beb2-5323-9ac2-99e9eb04cead,ART0268,fa848049-e1a2-57f0-935a-4d48dcaddc61,2022-10-03,DATED,PARSED,2022,4,10,2180000000,$2.180 billion,USD,MATCHED,tech_news.csv,1.0.0,57ec45a1-9a06-4385-9e42-2d255db54746
1baa9970-81fe-58fe-bfff-5c54baec7364,ART0269,08256776-704b-50e0-92ce-c74e516f9c80,2021-03-08,DATED,PARSED,2021,1,3,31000000000,$31.000B,USD,MATCHED,tech_news.csv,1.0.0,57ec45a1-9a06-4385-9e42-2d255db54746
982b3fe6-fc02-5fe0-92a4-8224e436c709,ART0270,9b997e26-b47f-511c-b401-d9b3a6ac9c4f,2020-02-29,DATED,PARSED,2020,1,2,500000000,"¥75,000,000,000",JPY,MATCHED,tech_news.csv,1.0.0,57ec45a1-9a06-4385-9e42-2d255db54746
1e70c2cb-1ae6-5f4f-afde-9bcce9dc635e,ART0272,ea56a6ce-74c8-5db9-a8e0-55f570076e47,2023-11-11,DATED,PARSED,2023,4,11,95000000000,$95.000B,USD,MATCHED,tech_news.csv,1.0.0,57ec45a1-9a06-4385-9e42-2d255db54746
3c7ed9d0-96ee-55c2-b321-96bb2ebb7c20,ART0273,8d99fa8b-ca33-5878-9209-2b1f97f99f6b,2022-11-17,DATED,PARSED,2022,4,11,570000000,$570.0M,USD,MATCHED,tech_news.csv,1.0.0,57ec45a1-9a06-4385-9e42-2d255db54746
677a1ae4-c640-5888-8ae6-c537d8d1a2cd,ART0274,8d99fa8b-ca33-5878-9209-2b1f97f99f6b,2022-05-17,DATED,PARSED,2022,2,5,430000000,$408.5M - $451.5M,USD,MATCHED,tech_news.csv,1.0.0,57ec45a1-9a06-4385-9e42-2d255db54746
62f1b93e-94c2-51fa-976d-ea6ceb492c22,ART0275,9b997e26-b47f-511c-b401-d9b3a6ac9c4f,2022-02-05,DATED,PARSED,2022,1,2,1080000000,"€981,818,182",EUR,MATCHED,tech_news.csv,1.0.0,57ec45a1-9a06-4385-9e42-2d255db54746
68041da4-aba3-57fa-9ad8-5d15e8730918,ART0277,1eabfb03-492b-52d1-9f8f-afbd3e484ada,2023-03-17,DATED,PARSED,2023,1,3,790000000,$750.5M - $829.5M,USD,MATCHED,tech_news.csv,1.0.0,57ec45a1-9a06-4385-9e42-2d255db54746
a90a2bf8-0385-5b8a-a01c-dbb6abcf26e2,ART0278,ea56a6ce-74c8-5db9-a8e0-55f570076e47,2020-07-18,DATED,PARSED,2020,3,7,45500000000,$45.500B,USD,MATCHED,tech_news.csv,1.0.0,57ec45a1-9a06-4385-9e42-2d255db54746
b4795ba8-695d-5e09-8bfe-726b3f31aefb,ART0285,ea56a6ce-74c8-5db9-a8e0-55f570076e47,2020-02-09,DATED,PARSED,2020,1,2,38000000000,$38.000B,USD,MATCHED,tech_news.csv,1.0.0,57ec45a1-9a06-4385-9e42-2d255db54746
7760b39f-c527-59fe-9eaf-e1a2e40cb5a2,ART0286,771af71e-0eea-5ae0-9aff-9a0609ace44a,2021-06-07,DATED,PARSED,2021,2,6,14500000000,"$14,500,000,000",USD,MATCHED,tech_news.csv,1.0.0,57ec45a1-9a06-4385-9e42-2d255db54746
23545fba-1c3d-5736-b13a-37daa1bfef95,ART0290,5c86f678-723f-56ff-bd4b-8440df5459ba,2023-03-21,DATED,PARSED,2023,1,3,830000000,$0.830 billion,USD,MATCHED,tech_news.csv,1.0.0,57ec45a1-9a06-4385-9e42-2d255db54746
a405d234-a150-5a36-a4b5-10d95fb5f923,ART0292,f36a832f-cd27-58af-b8c6-fb63f6bea323,2023-08-18,DATED,PARSED,2023,3,8,75800000000,"€68,909,090,909",EUR,MATCHED,tech_news.csv,1.0.0,57ec45a1-9a06-4385-9e42-2d255db54746
06fddf63-6a5c-5824-88e3-8a0ae89ea64e,ART0293,30365688-fa79-5b90-b869-7fc216599069,2023-11-13,DATED,PARSED,2023,4,11,2400000000,"$2,400,000,000",USD,MATCHED,tech_news.csv,1.0.0,57ec45a1-9a06-4385-9e42-2d255db54746
1b517a8e-c714-5cfe-8f32-133c5f34a5cf,ART0294,dd92adee-a175-5086-8ee3-31cafbbd4d9a,2023-10-21,DATED,PARSED,2023,4,10,1350000000,$1350.0 million,USD,MATCHED,tech_news.csv,1.0.0,57ec45a1-9a06-4385-9e42-2d255db54746
a3dc8e3e-e585-5031-a2ce-eba086bba084,ART0295,6e09eb1e-79ed-5163-8702-a611f7c20c68,2020-05-09,DATED,PARSED,2020,2,5,1080000000,"£850,393,701",GBP,MATCHED,tech_news.csv,1.0.0,57ec45a1-9a06-4385-9e42-2d255db54746
95848387-4091-5db3-8e8c-644d0a1be228,ART0299,9d4d58c5-91bd-5317-85a0-a0cd048740af,2023-07-29,DATED,PARSED,2023,3,7,355000000,$355.0M,USD,MATCHED,tech_news.csv,1.0.0,57ec45a1-9a06-4385-9e42-2d255db54746
f60afc2b-a952-5139-afcd-6eddebe2c8ba,ART0300,dd92adee-a175-5086-8ee3-31cafbbd4d9a,2023-09-07,DATED,PARSED,2023,3,9,1260000000,"€1,145,454,545",EUR,MATCHED,tech_news.csv,1.0.0,57ec45a1-9a06-4385-9e42-2d255db54746
718f241d-f670-5f91-8ce4-0b37de018252,ART0301,bd719dfe-542a-55b1-b391-b5ab6875b1e2,2020-12-02,DATED,PARSED,2020,4,12,190000000,"£149,606,299",GBP,MATCHED,tech_news.csv,1.0.0,57ec45a1-9a06-4385-9e42-2d255db54746
e331722a-2cd8-5e5d-9401-bc82b32ed1b5,ART0303,245ee582-6dec-5cc1-a198-e4acaa865688,2023-04-13,DATED,PARSED,2023,2,4,1160000000,$1.160B,USD,MATCHED,tech_news.csv,1.0.0,57ec45a1-9a06-4385-9e42-2d255db54746
7403a019-cfc3-575b-94e8-93371fc27cd5,ART0304,9b997e26-b47f-511c-b401-d9b3a6ac9c4f,2022-05-07,DATED,PARSED,2022,2,5,1180000000,"¥177,000,000,000",JPY,MATCHED,tech_news.csv,1.0.0,57ec45a1-9a06-4385-9e42-2d255db54746
ca948611-8374-5c99-9619-4bfca376b1ba,ART0305,fa848049-e1a2-57f0-935a-4d48dcaddc61,2023-01-26,DATED,PARSED,2023,1,1,2350000000,"€2,136,363,636",EUR,MATCHED,tech_news.csv,1.0.0,57ec45a1-9a06-4385-9e42-2d255db54746
b82ea4df-0a9e-53d9-8be9-c532cdb0d853,ART0306,9b997e26-b47f-511c-b401-d9b3a6ac9c4f,2023-11-22,DATED,PARSED,2023,4,11,1700000000,$1615.0M - $1785.0M,USD,MATCHED,tech_news.csv,1.0.0,57ec45a1-9a06-4385-9e42-2d255db54746
9cbc9340-747a-5af5-a5d6-3e09facb4465,ART0307,5449894a-8967-53fd-96aa-711e4f2caebf,2021-06-30,DATED,PARSED,2021,2,6,28000000,$28.0M,USD,MATCHED,tech_news.csv,1.0.0,57ec45a1-9a06-4385-9e42-2d255db54746
fa3568ea-3170-5cc6-9f0a-d9401db67540,ART0308,bd719dfe-542a-55b1-b391-b5ab6875b1e2,2023-10-15,DATED,PARSED,2023,4,10,1500000000,"$1,500,000,000",USD,MATCHED,tech_news.csv,1.0.0,57ec45a1-9a06-4385-9e42-2d255db54746
eff199d1-bd97-50b6-9873-9c89ca268ee2,ART0310,9b997e26-b47f-511c-b401-d9b3a6ac9c4f,2022-02-11,DATED,PARSED,2022,1,2,1080000000,1080.0M USD,USD,MATCHED,tech_news.csv,1.0.0,57ec45a1-9a06-4385-9e42-2d255db54746
01e226c6-14bd-5748-b3ae-13784dae196b,ART0311,5449894a-8967-53fd-96aa-711e4f2caebf,2021-10-22,DATED,PARSED,2021,4,10,70000000,$70.0M,USD,MATCHED,tech_news.csv,1.0.0,57ec45a1-9a06-4385-9e42-2d255db54746
521b8e70-7ce1-59cb-810c-52636c74688f,ART0312,9b997e26-b47f-511c-b401-d9b3a6ac9c4f,2022-10-31,DATED,PARSED,2022,4,10,1380000000,$1.380B,USD,MATCHED,tech_news.csv,1.0.0,57ec45a1-9a06-4385-9e42-2d255db54746
6fe95a1f-f4e4-5e62-af07-553e86a59941,ART0313,fa848049-e1a2-57f0-935a-4d48dcaddc61,2023-06-20,DATED,PARSED,2023,2,6,2520000000,"€2,290,909,091",EUR,MATCHED,tech_news.csv,1.0.0,57ec45a1-9a06-4385-9e42-2d255db54746
c6e4a131-0452-5ba0-a644-b47cac296a23,ART0314,5449894a-8967-53fd-96aa-711e4f2caebf,2021-10-19,DATED,PARSED,2021,4,10,70000000,$66.5M - $73.5M,USD,MATCHED,tech_news.csv,1.0.0,57ec45a1-9a06-4385-9e42-2d255db54746
19f46993-97a1-5f0c-88ce-dde1d456fc87,ART0315,8d99fa8b-ca33-5878-9209-2b1f97f99f6b,2021-10-18,DATED,PARSED,2021,4,10,340000000,$340.0M,USD,MATCHED,tech_news.csv,1.0.0,57ec45a1-9a06-4385-9e42-2d255db54746
eda70544-0192-56a8-a249-b2e420c7c0ed,ART0316,bd719dfe-542a-55b1-b391-b5ab6875b1e2,2023-01-06,DATED,PARSED,2023,1,1,1200000000,"$1,200,000,000",USD,MATCHED,tech_news.csv,1.0.0,57ec45a1-9a06-4385-9e42-2d255db54746
bc85968a-a909-5abd-a7eb-a8b44b817edf,ART0317,5c86f678-723f-56ff-bd4b-8440df5459ba,2020-12-30,DATED,PARSED,2020,4,12,175000001,"£137,795,276",GBP,MATCHED,tech_news.csv,1.0.0,57ec45a1-9a06-4385-9e42-2d255db54746
5e24da40-e252-590d-ad54-87ce5725dd99,ART0318,8f05416c-1b7c-5110-a049-ff66e663eccf,2022-03-08,DATED,PARSED,2022,1,3,1700000000,$1.700B,USD,MATCHED,tech_news.csv,1.0.0,57ec45a1-9a06-4385-9e42-2d255db54746
e5dd6f34-fd94-5546-b54a-b29471876e34,ART0320,245ee582-6dec-5cc1-a198-e4acaa865688,2023-07-22,DATED,PARSED,2023,3,7,1200000000,$1.200B,USD,MATCHED,tech_news.csv,1.0.0,57ec45a1-9a06-4385-9e42-2d255db54746
584ab1d3-20f4-558d-af65-2a53137afb4d,ART0321,245ee582-6dec-5cc1-a198-e4acaa865688,2020-06-23,DATED,PARSED,2020,2,6,660000000,$660.0 million,USD,MATCHED,tech_news.csv,1.0.0,57ec45a1-9a06-4385-9e42-2d255db54746
dea89e73-cc4f-5a2d-aec2-2d307a091b05,ART0322,bd719dfe-542a-55b1-b391-b5ab6875b1e2,2023-10-06,DATED,PARSED,2023,4,10,1500000000,$1.500 billion,USD,MATCHED,tech_news.csv,1.0.0,57ec45a1-9a06-4385-9e42-2d255db54746
dcca38a0-e6c9-536f-bb36-05ee621be9fa,ART0324,1eabfb03-492b-52d1-9f8f-afbd3e484ada,2023-03-04,DATED,PARSED,2023,1,3,790000000,$790.0M,USD,MATCHED,tech_news.csv,1.0.0,57ec45a1-9a06-4385-9e42-2d255db54746
e2530e5d-502e-5102-a127-18563c84bf62,ART0326,5c86f678-723f-56ff-bd4b-8440df5459ba,2020-10-13,DATED,PARSED,2020,4,10,175000000,"$175,000,000",USD,MATCHED,tech_news.csv,1.0.0,57ec45a1-9a06-4385-9e42-2d255db54746
9c4d658a-3eeb-530a-b58a-d104ff2bc7b1,ART0327,1eabfb03-492b-52d1-9f8f-afbd3e484ada,2022-04-09,DATED,PARSED,2022,2,4,655000000,"€595,454,545",EUR,MATCHED,tech_news.csv,1.0.0,57ec45a1-9a06-4385-9e42-2d255db54746
09f6627b-1020-53fa-80c7-2ef38d1e5eb3,ART0328,fa848049-e1a2-57f0-935a-4d48dcaddc61,2022-08-09,DATED,PARSED,2022,3,8,2050000000,2050.0M USD,USD,MATCHED,tech_news.csv,1.0.0,57ec45a1-9a06-4385-9e42-2d255db54746
eb18b6f2-a00d-5659-b529-1dbc4bfb0a6c,ART0329,6e09eb1e-79ed-5163-8702-a611f7c20c68,2021-01-01,DATED,PARSED,2021,1,1,1180000000,"¥177,000,000,000",JPY,MATCHED,tech_news.csv,1.0.0,57ec45a1-9a06-4385-9e42-2d255db54746
455f83ad-8427-5b18-a1b4-2326b84d12b2,ART0330,5449894a-8967-53fd-96aa-711e4f2caebf,2021-02-27,DATED,PARSED,2021,1,2,18000000,"$18,000,000",USD,MATCHED,tech_news.csv,1.0.0,57ec45a1-9a06-4385-9e42-2d255db54746
d8fad296-bfd2-525d-9072-7cf6fa42abd5,ART0331,8d99fa8b-ca33-5878-9209-2b1f97f99f6b,2021-06-23,DATED,PARSED,2021,2,6,260000000,$247.0M - $273.0M,USD,MATCHED,tech_news.csv,1.0.0,57ec45a1-9a06-4385-9e42-2d255db54746
366f3f7c-a25c-55f8-bf45-775714b46e15,ART0332,9b997e26-b47f-511c-b401-d9b3a6ac9c4f,2021-12-23,DATED,PARSED,2021,4,12,990000000,"¥148,500,000,000",JPY,MATCHED,tech_news.csv,1.0.0,57ec45a1-9a06-4385-9e42-2d255db54746
ba702dad-2ba3-58e0-94da-7331ebd34866,ART0333,8d99fa8b-ca33-5878-9209-2b1f97f99f6b,2021-03-09,DATED,PARSED,2021,1,3,210000000,"£165,354,331",GBP,MATCHED,tech_news.csv,1.0.0,57ec45a1-9a06-4385-9e42-2d255db54746
6e60a455-53c6-5fbc-84fb-c36982bd95ab,ART0334,dd92adee-a175-5086-8ee3-31cafbbd4d9a,2023-04-24,DATED,PARSED,2023,2,4,1180000000,$1180.0 million,USD,MATCHED,tech_news.csv,1.0.0,57ec45a1-9a06-4385-9e42-2d255db54746
4830d80b-ddff-56f8-b331-9199faffcdf2,ART0335,1eabfb03-492b-52d1-9f8f-afbd3e484ada,2020-04-24,DATED,PARSED,2020,2,4,285000000,$0.285 billion,USD,MATCHED,tech_news.csv,1.0.0,57ec45a1-9a06-4385-9e42-2d255db54746
f2f0c232-2cdf-52fe-8cd3-4ba9bf9a68b3,ART0336,dd92adee-a175-5086-8ee3-31cafbbd4d9a,2021-03-25,DATED,PARSED,2021,1,3,560000000,$560.0 million,USD,MATCHED,tech_news.csv,1.0.0,57ec45a1-9a06-4385-9e42-2d255db54746
b93995d7-fafe-55a6-9412-660658f099db,ART0337,9d4d58c5-91bd-5317-85a0-a0cd048740af,2020-05-20,DATED,PARSED,2020,2,5,150000000,$142.5M - $157.5M,USD,MATCHED,tech_news.csv,1.0.0,57ec45a1-9a06-4385-9e42-2d255db54746
2edc0bde-717e-5f53-a128-df925a1bebcb,ART0338,9d4d58c5-91bd-5317-85a0-a0cd048740af,2020-12-29,DATED,PARSED,2020,4,12,190000000,"¥28,500,000,000",JPY,MATCHED,tech_news.csv,1.0.0,57ec45a1-9a06-4385-9e42-2d255db54746
b0d8a65a-97c2-5c77-bae0-15f9815fd6df,ART0340,bd719dfe-542a-55b1-b391-b5ab6875b1e2,2020-10-01,DATED,PARSED,2020,4,10,130000000,"$130,000,000",USD,MATCHED,tech_news.csv,1.0.0,57ec45a1-9a06-4385-9e42-2d255db54746
d51741f3-cf3b-53ee-a303-43b13bdbdd01,ART0341,9b997e26-b47f-511c-b401-d9b3a6ac9c4f,2022-11-30,DATED,PARSED,2022,4,11,1380000000,$1.380B,USD,MATCHED,tech_news.csv,1.0.0,57ec45a1-9a06-4385-9e42-2d255db54746
7c9aa14f-d061-54b7-8318-4633b71adf7e,ART0343,fa848049-e1a2-57f0-935a-4d48dcaddc61,2021-12-06,DATED,PARSED,2021,4,12,1530000000,$1.530B,USD,MATCHED,tech_news.csv,1.0.0,57ec45a1-9a06-4385-9e42-2d255db54746
e2b1b771-a363-573d-9181-6ffb2faeb19b,ART0345,9d4d58c5-91bd-5317-85a0-a0cd048740af,2022-02-26,DATED,PARSED,2022,1,2,300000000,$300.0M,USD,MATCHED,tech_news.csv,1.0.0,57ec45a1-9a06-4385-9e42-2d255db54746
b5833031-2728-5b00-a58c-02a256a3c0af,ART0346,9d4d58c5-91bd-5317-85a0-a0cd048740af,2022-11-22,DATED,PARSED,2022,4,11,295000000,$295.0M,USD,MATCHED,tech_news.csv,1.0.0,57ec45a1-9a06-4385-9e42-2d255db54746
ff98ec2e-9398-5111-b6fe-a49f70e35d3a,ART0347,30365688-fa79-5b90-b869-7fc216599069,2021-12-24,DATED,PARSED,2021,4,12,1180000000,$1.180B,USD,MATCHED,tech_news.csv,1.0.0,57ec45a1-9a06-4385-9e42-2d255db54746
f083bf14-df0b-510a-b9ed-db9e5099502e,ART0350,8d99fa8b-ca33-5878-9209-2b1f97f99f6b,2023-10-18,DATED,PARSED,2023,4,10,760000000,$0.760 billion,USD,MATCHED,tech_news.csv,1.0.0,57ec45a1-9a06-4385-9e42-2d255db54746
05bbb475-0a76-5082-94b2-c3c2930a492a,ART0351,8f05416c-1b7c-5110-a049-ff66e663eccf,2023-02-09,DATED,PARSED,2023,1,2,2300000000,$2.300B,USD,MATCHED,tech_news.csv,1.0.0,57ec45a1-9a06-4385-9e42-2d255db54746
33728e6d-ddb0-54d1-ae6d-c4464e095b4e,ART0352,30365688-fa79-5b90-b869-7fc216599069,2021-04-14,DATED,PARSED,2021,2,4,900000000,"¥135,000,000,000",JPY,MATCHED,tech_news.csv,1.0.0,57ec45a1-9a06-4385-9e42-2d255db54746
691ab9aa-82b4-5295-9ed7-af39985326b1,ART0355,8f05416c-1b7c-5110-a049-ff66e663eccf,2020-01-18,DATED,PARSED,2020,1,1,720000000,720.0M USD,USD,MATCHED,tech_news.csv,1.0.0,57ec45a1-9a06-4385-9e42-2d255db54746
2d835950-9b8a-5147-a488-e9ada0121394,ART0357,1eabfb03-492b-52d1-9f8f-afbd3e484ada,2023-03-25,DATED,PARSED,2023,1,3,790000000,$790.0 million,USD,MATCHED,tech_news.csv,1.0.0,57ec45a1-9a06-4385-9e42-2d255db54746
846ebc9d-c271-54de-82c6-8a91b09365fd,ART0358,f36a832f-cd27-58af-b8c6-fb63f6bea323,2022-11-24,DATED,PARSED,2022,4,11,68500000000,$68500.0 million,USD,MATCHED,tech_news.csv,1.0.0,57ec45a1-9a06-4385-9e42-2d255db54746
95f4a74b-07d7-5e43-92d5-0d20fb8eda02,ART0359,8d99fa8b-ca33-5878-9209-2b1f97f99f6b,2022-07-10,DATED,PARSED,2022,3,7,500000000,"$500,000,000",USD,MATCHED,tech_news.csv,1.0.0,57ec45a1-9a06-4385-9e42-2d255db54746
8b81d553-36e9-5ae1-ac32-2ed1288053c7,ART0360,08256776-704b-50e0-92ce-c74e516f9c80,2023-03-25,DATED,PARSED,2023,1,3,82000000000,$77900.0M - $86100.0M,USD,MATCHED,tech_news.csv,1.0.0,57ec45a1-9a06-4385-9e42-2d255db54746
14aae06e-5efe-574c-a3d5-364a4799835d,ART0363,7404b547-e172-5517-92d1-7c31c711048b,2021-01-11,DATED,PARSED,2021,1,1,3000000000,$3000.0 million,USD,MATCHED,tech_news.csv,1.0.0,57ec45a1-9a06-4385-9e42-2d255db54746
ad0efc32-42c5-517c-9b13-7b8ab48dd5fa,ART0364,dd92adee-a175-5086-8ee3-31cafbbd4d9a,2020-04-20,DATED,PARSED,2020,2,4,420000000,$0.420 billion,USD,MATCHED,tech_news.csv,1.0.0,57ec45a1-9a06-4385-9e42-2d255db54746
e4193765-d425-51ae-9c0f-fb969d7f9456,ART0365,771af71e-0eea-5ae0-9aff-9a0609ace44a,2021-04-14,DATED,PARSED,2021,2,4,14500000000,"$14,500,000,000",USD,MATCHED,tech_news.csv,1.0.0,57ec45a1-9a06-4385-9e42-2d255db54746
1dd8d573-b81d-5a65-a57e-c6e42cee3c8a,ART0367,6e09eb1e-79ed-5163-8702-a611f7c20c68,2022-01-19,DATED,PARSED,2022,1,1,1460000000,"€1,327,272,727",EUR,MATCHED,tech_news.csv,1.0.0,57ec45a1-9a06-4385-9e42-2d255db54746
738964ce-7ca0-5bb6-a88b-037eef13c0d5,ART0368,dd92adee-a175-5086-8ee3-31cafbbd4d9a,2020-01-19,DATED,PARSED,2020,1,1,390000000,$390.0M,USD,MATCHED,tech_news.csv,1.0.0,57ec45a1-9a06-4385-9e42-2d255db54746
137ec43e-3fbc-5dd2-a62f-316017d7cfc0,ART0369,ea56a6ce-74c8-5db9-a8e0-55f570076e47,2023-08-15,DATED,PARSED,2023,3,8,92000000000,$87400.0M - $96600.0M,USD,MATCHED,tech_news.csv,1.0.0,57ec45a1-9a06-4385-9e42-2d255db54746
fe226b2d-0b1d-5a3d-8ac8-5ee9a81ddb76,ART0370,8d99fa8b-ca33-5878-9209-2b1f97f99f6b,2022-12-25,DATED,PARSED,2022,4,12,570000000,$570.0M,USD,MATCHED,tech_news.csv,1.0.0,57ec45a1-9a06-4385-9e42-2d255db54746
5602d638-d486-5836-858d-58039f2427a3,ART0371,9d4d58c5-91bd-5317-85a0-a0cd048740af,2021-01-19,DATED,PARSED,2021,1,1,220000000,$0.220 billion,USD,MATCHED,tech_news.csv,1.0.0,57ec45a1-9a06-4385-9e42-2d255db54746
82b9fe2e-a796-5b2b-81f3-ece33122aa78,ART0373,5c86f678-723f-56ff-bd4b-8440df5459ba,2020-04-24,DATED,PARSED,2020,2,4,120000000,$0.120 billion,USD,MATCHED,tech_news.csv,1.0.0,57ec45a1-9a06-4385-9e42-2d255db54746
10890d53-543c-593a-b3e1-91798a314cdb,ART0374,771af71e-0eea-5ae0-9aff-9a0609ace44a,2021-05-21,DATED,PARSED,2021,2,5,14500000000,"¥2,175,000,000,000",JPY,MATCHED,tech_news.csv,1.0.0,57ec45a1-9a06-4385-9e42-2d255db54746
07f4e0bd-cbbf-524c-8b3d-bfd398da75ba,ART0375,ea56a6ce-74c8-5db9-a8e0-55f570076e47,2020-03-27,DATED,PARSED,2020,1,3,38000000000,$38.000B,USD,MATCHED,tech_news.csv,1.0.0,57ec45a1-9a06-4385-9e42-2d255db54746
52a0358f-0145-5065-a8ca-f79cdb26d8d9,ART0376,bd719dfe-542a-55b1-b391-b5ab6875b1e2,2023-07-20,DATED,PARSED,2023,3,7,1400000000,"£1,102,362,205",GBP,MATCHED,tech_news.csv,1.0.0,57ec45a1-9a06-4385-9e42-2d255db54746
6d0dfdb9-0613-5e2c-bd89-f2950753b40d,ART0377,dd92adee-a175-5086-8ee3-31cafbbd4d9a,2023-05-06,DATED,PARSED,2023,2,5,1180000000,1180.0M USD,USD,MATCHED,tech_news.csv,1.0.0,57ec45a1-9a06-4385-9e42-2d255db54746
b5105b56-395e-588f-8d0e-38dbdf20b7c7,ART0378,c9a9b7c2-97d1-5591-869e-b4f04eeab027,2020-11-11,DATED,PARSED,2020,4,11,3000000000,$2850.0M - $3150.0M,USD,MATCHED,tech_news.csv,1.0.0,57ec45a1-9a06-4385-9e42-2d255db54746
8917356e-0840-5012-8e1c-a7c647591d99,ART0380,08256776-704b-50e0-92ce-c74e516f9c80,2021-01-17,DATED,PARSED,2021,1,1,31000000000,$31.000B,USD,MATCHED,tech_news.csv,1.0.0,57ec45a1-9a06-4385-9e42-2d255db54746
977a6d3b-17a9-527c-8390-2f45df845dea,ART0382,771af71e-0eea-5ae0-9aff-9a0609ace44a,2022-12-09,DATED,PARSED,2022,4,12,25000000000,"£19,685,039,370",GBP,MATCHED,tech_news.csv,1.0.0,57ec45a1-9a06-4385-9e42-2d255db54746
a05311eb-e649-53c0-886d-4699e0f7939e,ART0383,5c86f678-723f-56ff-bd4b-8440df5459ba,2020-09-22,DATED,PARSED,2020,3,9,145000000,"$145,000,000",USD,MATCHED,tech_news.csv,1.0.0,57ec45a1-9a06-4385-9e42-2d255db54746
2be1a50a-b24d-57c8-8dd2-df91e526c734,ART0384,9b997e26-b47f-511c-b401-d9b3a6ac9c4f,2023-12-07,DATED,PARSED,2023,4,12,1700000000,$1.700B,USD,MATCHED,tech_news.csv,1.0.0,57ec45a1-9a06-4385-9e42-2d255db54746
7f8871b8-6395-567b-a934-00b3568b5c84,ART0385,6e09eb1e-79ed-5163-8702-a611f7c20c68,2020-05-04,DATED,PARSED,2020,2,5,1030000000,$978.5M - $1081.5M,USD,MATCHED,tech_news.csv,1.0.0,57ec45a1-9a06-4385-9e42-2d255db54746
25d0f062-5cba-5db9-a3df-fdb1352e7b0a,ART0386,fa848049-e1a2-57f0-935a-4d48dcaddc61,2021-03-18,DATED,PARSED,2021,1,3,1000000000,$950.0M - $1050.0M,USD,MATCHED,tech_news.csv,1.0.0,57ec45a1-9a06-4385-9e42-2d255db54746
d9da0ce7-912f-5ed4-8ed6-814b6a2f6edf,ART0387,245ee582-6dec-5cc1-a198-e4acaa865688,2023-02-17,DATED,PARSED,2023,1,2,1100000000,$1100.0 million,USD,MATCHED,tech_news.csv,1.0.0,57ec45a1-9a06-4385-9e42-2d255db54746
eaa61003-58d0-5759-b1d1-7c35b4cd6f93,ART0389,771af71e-0eea-5ae0-9aff-9a0609ace44a,2021-06-04,DATED,PARSED,2021,2,6,14500000000,$14.500 billion,USD,MATCHED,tech_news.csv,1.0.0,57ec45a1-9a06-4385-9e42-2d255db54746
b15db7e5-89af-5acc-8092-be8953e26673,ART0390,5ed089c3-b138-5004-b73c-fbfc8d07c0ca,2021-03-30,DATED,PARSED,2021,1,3,130000000,"¥19,500,000,000",JPY,MATCHED,tech_news.csv,1.0.0,57ec45a1-9a06-4385-9e42-2d255db54746
971289cf-93c2-5787-88c8-9e7aa972c2ee,ART0391,1eabfb03-492b-52d1-9f8f-afbd3e484ada,2021-04-22,DATED,PARSED,2021,2,4,455000000,"€413,636,364",EUR,MATCHED,tech_news.csv,1.0.0,57ec45a1-9a06-4385-9e42-2d255db54746
0e2b43f5-4378-51e1-92ce-8fa3df4d0210,ART0392,bd719dfe-542a-55b1-b391-b5ab6875b1e2,2023-08-08,DATED,PARSED,2023,3,8,1400000000,"£1,102,362,205",GBP,MATCHED,tech_news.csv,1.0.0,57ec45a1-9a06-4385-9e42-2d255db54746
70a98bbe-0c48-5929-8284-0f27dc77b7b1,ART0393,8d99fa8b-ca33-5878-9209-2b1f97f99f6b,2020-01-24,DATED,PARSED,2020,1,1,100000000,$95.0M - $105.0M,USD,MATCHED,tech_news.csv,1.0.0,57ec45a1-9a06-4385-9e42-2d255db54746
7a0077a6-b279-555c-836c-6cdd127a71f1,ART0394,f36a832f-cd27-58af-b8c6-fb63f6bea323,2023-10-11,DATED,PARSED,2023,4,10,78000000000,"£61,417,322,835",GBP,MATCHED,tech_news.csv,1.0.0,57ec45a1-9a06-4385-9e42-2d255db54746
2a5beec1-669c-57b3-b47d-dc2b8b1f4d87,ART0396,245ee582-6dec-5cc1-a198-e4acaa865688,2022-09-26,DATED,PARSED,2022,3,9,1030000000,$1.030 billion,USD,MATCHED,tech_news.csv,1.0.0,57ec45a1-9a06-4385-9e42-2d255db54746
dd27cfd7-d191-5d1f-968b-7a33b355628a,ART0397,5c86f678-723f-56ff-bd4b-8440df5459ba,2023-10-07,DATED,PARSED,2023,4,10,900000000,900.0M USD,USD,MATCHED,tech_news.csv,1.0.0,57ec45a1-9a06-4385-9e42-2d255db54746
64db3cdf-abc9-55e2-b373-1d68a2fbf887,ART0398,c9a9b7c2-97d1-5591-869e-b4f04eeab027,2022-06-24,DATED,PARSED,2022,2,6,5600000000,$5600.0 million,USD,MATCHED,tech_news.csv,1.0.0,57ec45a1-9a06-4385-9e42-2d255db54746
86d1b65f-7216-55ed-94e5-e1f0a2babe68,ART0399,a992e412-2b10-50bc-bf9c-23b7974ddb91,2020-10-29,DATED,PARSED,2020,4,10,12600000000,"¥1,890,000,000,000",JPY,MATCHED,tech_news.csv,1.0.0,57ec45a1-9a06-4385-9e42-2d255db54746
5f190528-7449-524d-b8bb-c22d0c7cf993,ART0400,08256776-704b-50e0-92ce-c74e516f9c80,2023-01-24,DATED,PARSED,2023,1,1,82000000000,"£64,566,929,134",GBP,MATCHED,tech_news.csv,1.0.0,57ec45a1-9a06-4385-9e42-2d255db54746
3810148f-d772-5ad3-80c5-df38c0afe6eb,ART0402,5ed089c3-b138-5004-b73c-fbfc8d07c0ca,2023-08-22,DATED,PARSED,2023,3,8,1720000000,$1720.0 million,USD,MATCHED,tech_news.csv,1.0.0,57ec45a1-9a06-4385-9e42-2d255db54746
de0b48af-4178-5c00-9cba-416de23d6e8d,ART0403,5ed089c3-b138-5004-b73c-fbfc8d07c0ca,2021-05-21,DATED,PARSED,2021,2,5,180000000,"€163,636,364",EUR,MATCHED,tech_news.csv,1.0.0,57ec45a1-9a06-4385-9e42-2d255db54746
426fbd40-5f0b-5c09-8ead-34fae39bc704,ART0404,30365688-fa79-5b90-b869-7fc216599069,2023-07-05,DATED,PARSED,2023,3,7,2150000000,$2150.0 million,USD,MATCHED,tech_news.csv,1.0.0,57ec45a1-9a06-4385-9e42-2d255db54746
f5e29117-10ac-579b-a492-649e19d8d33c,ART0406,08256776-704b-50e0-92ce-c74e516f9c80,2020-10-10,DATED,PARSED,2020,4,10,26000000000,26000.0M USD,USD,MATCHED,tech_news.csv,1.0.0,57ec45a1-9a06-4385-9e42-2d255db54746
7998a751-bfbb-5df0-9745-a967a20c3ac8,ART0408,f36a832f-cd27-58af-b8c6-fb63f6bea323,2020-08-06,DATED,PARSED,2020,3,8,44500000000,44500.0M USD,USD,MATCHED,tech_news.csv,1.0.0,57ec45a1-9a06-4385-9e42-2d255db54746
49fa7ce5-54bd-5568-a2e0-6cad0b4f158c,ART0410,5449894a-8967-53fd-96aa-711e4f2caebf,2020-01-31,DATED,PARSED,2020,1,1,5000000,"¥750,000,000",JPY,MATCHED,tech_news.csv,1.0.0,57ec45a1-9a06-4385-9e42-2d255db54746
9f864e56-8ce8-57ed-b627-548e82f7a6ed,ART0411,a992e412-2b10-50bc-bf9c-23b7974ddb91,2022-04-09,DATED,PARSED,2022,2,4,17800000000,"¥2,670,000,000,000",JPY,MATCHED,tech_news.csv,1.0.0,57ec45a1-9a06-4385-9e42-2d255db54746
431a9b51-d759-5026-a0b3-9616a71d3399,ART0412,9b997e26-b47f-511c-b401-d9b3a6ac9c4f,2022-03-21,DATED,PARSED,2022,1,3,1080000000,"¥162,000,000,000",JPY,MATCHED,tech_news.csv,1.0.0,57ec45a1-9a06-4385-9e42-2d255db54746
13e3415e-cbf6-5bf4-a232-5af578ee261f,ART0413,6e09eb1e-79ed-5163-8702-a611f7c20c68,2022-05-15,DATED,PARSED,2022,2,5,1550000000,$1472.5M - $1627.5M,USD,MATCHED,tech_news.csv,1.0.0,57ec45a1-9a06-4385-9e42-2d255db54746
2fdca23c-5086-5e2b-9451-baf4e7a8d67b,ART0416,8f05416c-1b7c-5110-a049-ff66e663eccf,2023-09-12,DATED,PARSED,2023,3,9,2950000000,$2.950 billion,USD,MATCHED,tech_news.csv,1.0.0,57ec45a1-9a06-4385-9e42-2d255db54746
ab9e8717-e91f-55c8-aee3-49ed70eb9183,ART0418,7404b547-e172-5517-92d1-7c31c711048b,2020-06-11,DATED,PARSED,2020,2,6,2100000000,$2100.0 million,USD,MATCHED,tech_news.csv,1.0.0,57ec45a1-9a06-4385-9e42-2d255db54746
9ecc635f-c87c-5e14-9fa9-5149cb3b4f92,ART0420,1eabfb03-492b-52d1-9f8f-afbd3e484ada,2020-12-29,DATED,PARSED,2020,4,12,339999999,"£267,716,535",GBP,MATCHED,tech_news.csv,1.0.0,57ec45a1-9a06-4385-9e42-2d255db54746
2158f7fa-221c-5d27-ae9f-b2e5ef309fa3,ART0421,fa848049-e1a2-57f0-935a-4d48dcaddc61,2020-10-02,DATED,PARSED,2020,4,10,850000000,"¥127,500,000,000",JPY,MATCHED,tech_news.csv,1.0.0,57ec45a1-9a06-4385-9e42-2d255db54746
68d721e7-7f98-56ee-9658-f24f77de522e,ART0424,5ed089c3-b138-5004-b73c-fbfc8d07c0ca,2021-02-16,DATED,PARSED,2021,1,2,130000000,$123.5M - $136.5M,USD,MATCHED,tech_news.csv,1.0.0,57ec45a1-9a06-4385-9e42-2d255db54746
e58a77e7-4ca0-56a4-9570-50c1168f3fa1,ART0427,245ee582-6dec-5cc1-a198-e4acaa865688,2020-02-08,DATED,PARSED,2020,1,2,610000000,$610.0 million,USD,MATCHED,tech_news.csv,1.0.0,57ec45a1-9a06-4385-9e42-2d255db54746
9f5b04ef-96ee-54d0-b43c-effb148824f5,ART0428,8d99fa8b-ca33-5878-9209-2b1f97f99f6b,2020-12-05,DATED,PARSED,2020,4,12,160000000,$0.160 billion,USD,MATCHED,tech_news.csv,1.0.0,57ec45a1-9a06-4385-9e42-2d255db54746
15918b22-e83a-5488-8e59-16a6b6eba418,ART0429,c9a9b7c2-97d1-5591-869e-b4f04eeab027,2021-09-11,DATED,PARSED,2021,3,9,4200000000,$4.200B,USD,MATCHED,tech_news.csv,1.0.0,57ec45a1-9a06-4385-9e42-2d255db54746
43c1a3bd-24aa-5908-89dc-ab55013b8fb5,ART0430,9b997e26-b47f-511c-b401-d9b3a6ac9c4f,2021-01-24,DATED,PARSED,2021,1,1,720000000,$720.0M,USD,MATCHED,tech_news.csv,1.0.0,57ec45a1-9a06-4385-9e42-2d255db54746
99707ad4-851d-59f5-bdc8-4dc44eed4a1a,ART0431,5449894a-8967-53fd-96aa-711e4f2caebf,2022-03-04,DATED,PARSED,2022,1,3,95000000,"€86,363,636",EUR,MATCHED,tech_news.csv,1.0.0,57ec45a1-9a06-4385-9e42-2d255db54746
73ec8d8d-132b-5042-9737-c8cd61068178,ART0432,5ed089c3-b138-5004-b73c-fbfc8d07c0ca,2021-10-01,DATED,PARSED,2021,4,10,320000000,$304.0M - $336.0M,USD,MATCHED,tech_news.csv,1.0.0,57ec45a1-9a06-4385-9e42-2d255db54746
dc82bce6-1b3e-51de-adad-fea248d4f1e2,ART0433,f36a832f-cd27-58af-b8c6-fb63f6bea323,2021-07-14,DATED,PARSED,2021,3,7,55000000000,$52250.0M - $57750.0M,USD,MATCHED,tech_news.csv,1.0.0,57ec45a1-9a06-4385-9e42-2d255db54746
f0ab113e-4246-5031-9c28-b29823a50fe1,ART0435,bd719dfe-542a-55b1-b391-b5ab6875b1e2,2020-04-20,DATED,PARSED,2020,2,4,145000000,$145.0M,USD,MATCHED,tech_news.csv,1.0.0,57ec45a1-9a06-4385-9e42-2d255db54746
92073a43-2a23-5385-9ba5-9f162d96c96f,ART0437,c9a9b7c2-97d1-5591-869e-b4f04eeab027,2021-01-10,DATED,PARSED,2021,1,1,3400000000,"¥510,000,000,000",JPY,MATCHED,tech_news.csv,1.0.0,57ec45a1-9a06-4385-9e42-2d255db54746
2dc57976-26e4-5ddb-b526-9da56a3aa5ae,ART0439,a992e412-2b10-50bc-bf9c-23b7974ddb91,2021-05-14,DATED,PARSED,2021,2,5,15000000000,15000.0M USD,USD,MATCHED,tech_news.csv,1.0.0,57ec45a1-9a06-4385-9e42-2d255db54746
e0c53ae0-8e30-598a-9218-90f4d11611c3,ART0441,fa848049-e1a2-57f0-935a-4d48dcaddc61,2020-05-22,DATED,PARSED,2020,2,5,620000000,"¥93,000,000,000",JPY,MATCHED,tech_news.csv,1.0.0,57ec45a1-9a06-4385-9e42-2d255db54746
c463f102-8d91-5366-91f9-6d80b2d129b8,ART0442,08256776-704b-50e0-92ce-c74e516f9c80,2023-04-04,DATED,PARSED,2023,2,4,90000000000,"£70,866,141,732",GBP,MATCHED,tech_news.csv,1.0.0,57ec45a1-9a06-4385-9e42-2d255db54746
84b7964d-7d61-596d-8e0d-5c33618c02bc,ART0443,8f05416c-1b7c-5110-a049-ff66e663eccf,2023-03-13,DATED,PARSED,2023,1,3,2300000000,2300.0M USD,USD,MATCHED,tech_news.csv,1.0.0,57ec45a1-9a06-4385-9e42-2d255db54746
fe004640-d17c-53b3-8489-b3cf5c8b1e36,ART0445,771af71e-0eea-5ae0-9aff-9a0609ace44a,2021-10-13,DATED,PARSED,2021,4,10,17000000000,$17.000B,USD,MATCHED,tech_news.csv,1.0.0,57ec45a1-9a06-4385-9e42-2d255db54746
21eb29eb-7944-5817-915a-bf0086c2f61a,ART0446,7404b547-e172-5517-92d1-7c31c711048b,2021-08-13,DATED,PARSED,2021,3,8,3900000000,$3900.0 million,USD,MATCHED,tech_news.csv,1.0.0,57ec45a1-9a06-4385-9e42-2d255db54746
e8cef8c1-db98-55d7-848f-93c73a41d92d,ART0452,5449894a-8967-53fd-96aa-711e4f2caebf,2021-08-20,DATED,PARSED,2021,3,8,45000000,$0.045 billion,USD,MATCHED,tech_news.csv,1.0.0,57ec45a1-9a06-4385-9e42-2d255db54746
07d87877-2124-5f1b-953b-49a070d6d655,ART0453,30365688-fa79-5b90-b869-7fc216599069,2020-08-16,DATED,PARSED,2020,3,8,500000000,$0.500 billion,USD,MATCHED,tech_news.csv,1.0.0,57ec45a1-9a06-4385-9e42-2d255db54746
9c61ac4a-fcb5-5b52-90b3-169b9861a73e,ART0456,a992e412-2b10-50bc-bf9c-23b7974ddb91,2023-10-31,DATED,PARSED,2023,4,10,45000000000,$45.000 billion,USD,MATCHED,tech_news.csv,1.0.0,57ec45a1-9a06-4385-9e42-2d255db54746
c127455e-4506-557b-89fd-9f689ca460eb,ART0457,5449894a-8967-53fd-96aa-711e4f2caebf,2022-12-24,DATED,PARSED,2022,4,12,250000000,$0.250 billion,USD,MATCHED,tech_news.csv,1.0.0,57ec45a1-9a06-4385-9e42-2d255db54746
6c696593-9ac8-546b-ab1b-49c9fe70bda0,ART0458,771af71e-0eea-5ae0-9aff-9a0609ace44a,2023-10-14,DATED,PARSED,2023,4,10,34000000000,"$34,000,000,000",USD,MATCHED,tech_news.csv,1.0.0,57ec45a1-9a06-4385-9e42-2d255db54746
e4ceb29c-86a2-5152-96a4-c45a6d53730b,ART0459,bd719dfe-542a-55b1-b391-b5ab6875b1e2,2022-07-02,DATED,PARSED,2022,3,7,700000000,700.0M USD,USD,MATCHED,tech_news.csv,1.0.0,57ec45a1-9a06-4385-9e42-2d255db54746
d8142510-cd8c-5f79-9d2f-4119c6a95aae,ART0460,9d4d58c5-91bd-5317-85a0-a0cd048740af,2020-09-06,DATED,PARSED,2020,3,9,170000000,$170.0M,USD,MATCHED,tech_news.csv,1.0.0,57ec45a1-9a06-4385-9e42-2d255db54746
8f3b8208-78d8-5d78-a287-c4f335ef1a30,ART0461,5c86f678-723f-56ff-bd4b-8440df5459ba,2022-07-17,DATED,PARSED,2022,3,7,710000000,$710.0 million,USD,MATCHED,tech_news.csv,1.0.0,57ec45a1-9a06-4385-9e42-2d255db54746
77879c5d-b30c-5d6a-9f11-953fffb32bdf,ART0463,f36a832f-cd27-58af-b8c6-fb63f6bea323,2022-06-02,DATED,PARSED,2022,2,6,64000000000,$64.000B,USD,MATCHED,tech_news.csv,1.0.0,57ec45a1-9a06-4385-9e42-2d255db54746
82085b4d-46d7-5937-8679-9e2c587e3c83,ART0464,5ed089c3-b138-5004-b73c-fbfc8d07c0ca,2020-10-31,DATED,PARSED,2020,4,10,95000000,"€86,363,636",EUR,MATCHED,tech_news.csv,1.0.0,57ec45a1-9a06-4385-9e42-2d255db54746
e2b7945f-cdbc-5ddf-8439-a2e766df6b8d,ART0466,8f05416c-1b7c-5110-a049-ff66e663eccf,2021-09-12,DATED,PARSED,2021,3,9,1380000000,$1.380B,USD,MATCHED,tech_news.csv,1.0.0,57ec45a1-9a06-4385-9e42-2d255db54746
1efcc052-da0d-5efc-8558-ec489564f7f2,ART0468,5449894a-8967-53fd-96aa-711e4f2caebf,2020-02-21,DATED,PARSED,2020,1,2,5000000,"¥750,000,000",JPY,MATCHED,tech_news.csv,1.0.0,57ec45a1-9a06-4385-9e42-2d255db54746
a541b5cd-331b-5d0c-a484-5f60adc2060b,ART0470,f36a832f-cd27-58af-b8c6-fb63f6bea323,2023-09-01,DATED,PARSED,2023,3,9,75800000000,$75800.0 million,USD,MATCHED,tech_news.csv,1.0.0,57ec45a1-9a06-4385-9e42-2d255db54746
faa32051-6a5a-5dfd-ac15-12d8360019b9,ART0471,6e09eb1e-79ed-5163-8702-a611f7c20c68,2020-12-15,DATED,PARSED,2020,4,12,1120000000,"£881,889,764",GBP,MATCHED,tech_news.csv,1.0.0,57ec45a1-9a06-4385-9e42-2d255db54746
fc0cfc81-e191-5939-967c-0f45bda17bb8,ART0472,bd719dfe-542a-55b1-b391-b5ab6875b1e2,2023-03-25,DATED,PARSED,2023,1,3,1200000000,"€1,090,909,091",EUR,MATCHED,tech_news.csv,1.0.0,57ec45a1-9a06-4385-9e42-2d255db54746
a549d56a-1e56-510f-bae7-f6644116787e,ART0473,ea56a6ce-74c8-5db9-a8e0-55f570076e47,2022-01-27,DATED,PARSED,2022,1,1,70000000000,70000.0M USD,USD,MATCHED,tech_news.csv,1.0.0,57ec45a1-9a06-4385-9e42-2d255db54746
365dad3a-b8a2-515a-8848-d43de206be9d,ART0475,9b997e26-b47f-511c-b401-d9b3a6ac9c4f,2022-04-23,DATED,PARSED,2022,2,4,1180000000,"¥177,000,000,000",JPY,MATCHED,tech_news.csv,1.0.0,57ec45a1-9a06-4385-9e42-2d255db54746
a4434f12-9853-5717-bbc3-a05ec64429f9,ART0476,c9a9b7c2-97d1-5591-869e-b4f04eeab027,2020-01-10,DATED,PARSED,2020,1,1,2600000000,$2470.0M - $2730.0M,USD,MATCHED,tech_news.csv,1.0.0,57ec45a1-9a06-4385-9e42-2d255db54746
48a5367d-7c46-5324-9e09-53e40fd523da,ART0477,30365688-fa79-5b90-b869-7fc216599069,2021-01-31,DATED,PARSED,2021,1,1,740000000,"$740,000,000",USD,MATCHED,tech_news.csv,1.0.0,57ec45a1-9a06-4385-9e42-2d255db54746
8512f880-1288-50e9-a833-da10cd0a4173,ART0479,6e09eb1e-79ed-5163-8702-a611f7c20c68,2023-04-02,DATED,PARSED,2023,2,4,1800000000,"€1,636,363,636",EUR,MATCHED,tech_news.csv,1.0.0,57ec45a1-9a06-4385-9e42-2d255db54746
f1ce98fb-6534-532c-8699-4eb0e05aa19c,ART0480,08256776-704b-50e0-92ce-c74e516f9c80,2021-03-27,DATED,PARSED,2021,1,3,31000000000,31000.0M USD,USD,MATCHED,tech_news.csv,1.0.0,57ec45a1-9a06-4385-9e42-2d255db54746
7e24fcff-a623-53af-918a-b17350ab988d,ART0481,6e09eb1e-79ed-5163-8702-a611f7c20c68,2021-02-01,DATED,PARSED,2021,1,2,1180000000,1180.0M USD,USD,MATCHED,tech_news.csv,1.0.0,57ec45a1-9a06-4385-9e42-2d255db54746
f005b9ea-c3c6-5e30-a8e0-57e709274778,ART0482,6e09eb1e-79ed-5163-8702-a611f7c20c68,2020-12-16,DATED,PARSED,2020,4,12,1120000000,$1.120B,USD,MATCHED,tech_news.csv,1.0.0,57ec45a1-9a06-4385-9e42-2d255db54746
47ca6703-5219-5494-803a-bfeec14f8708,ART0483,1eabfb03-492b-52d1-9f8f-afbd3e484ada,2022-08-05,DATED,PARSED,2022,3,8,655000000,"€595,454,545",EUR,MATCHED,tech_news.csv,1.0.0,57ec45a1-9a06-4385-9e42-2d255db54746
c9964bfd-290b-5791-ac80-599f0acb0b08,ART0485,dd92adee-a175-5086-8ee3-31cafbbd4d9a,2020-06-19,DATED,PARSED,2020,2,6,420000000,$420.0M,USD,MATCHED,tech_news.csv,1.0.0,57ec45a1-9a06-4385-9e42-2d255db54746
4ebbca37-54af-5102-accd-a4711d8e0616,ART0487,8d99fa8b-ca33-5878-9209-2b1f97f99f6b,2023-12-12,DATED,PARSED,2023,4,12,760000000,$0.760 billion,USD,MATCHED,tech_news.csv,1.0.0,57ec45a1-9a06-4385-9e42-2d255db54746
b5c3207f-4523-5075-a99b-a95e42fc2858,ART0488,1eabfb03-492b-52d1-9f8f-afbd3e484ada,2023-11-03,DATED,PARSED,2023,4,11,980000000,$980.0M,USD,MATCHED,tech_news.csv,1.0.0,57ec45a1-9a06-4385-9e42-2d255db54746
1bedc30d-98d0-5ce4-8881-66554dcb9c44,ART0490,08256776-704b-50e0-92ce-c74e516f9c80,2021-04-06,DATED,PARSED,2021,2,4,38000000000,"$38,000,000,000",USD,MATCHED,tech_news.csv,1.0.0,57ec45a1-9a06-4385-9e42-2d255db54746
f3a1d9ec-ca0c-5b39-bbfd-c3423b28d6d3,ART0491,9b997e26-b47f-511c-b401-d9b3a6ac9c4f,2020-09-08,DATED,PARSED,2020,3,9,590000000,"¥88,500,000,000",JPY,MATCHED,tech_news.csv,1.0.0,57ec45a1-9a06-4385-9e42-2d255db54746
a3c5ff75-64e7-567e-a2ac-481a567c1a00,ART0492,fa848049-e1a2-57f0-935a-4d48dcaddc61,2020-08-11,DATED,PARSED,2020,3,8,730000000,$730.0M,USD,MATCHED,tech_news.csv,1.0.0,57ec45a1-9a06-4385-9e42-2d255db54746
e6070d1a-9fc7-51a3-8e06-bc3f1df1a6d1,ART0493,7404b547-e172-5517-92d1-7c31c711048b,2023-01-13,DATED,PARSED,2023,1,1,7000000000,$7.000B,USD,MATCHED,tech_news.csv,1.0.0,57ec45a1-9a06-4385-9e42-2d255db54746
266dce5f-1c10-5622-9f44-01b4a49a1dcc,ART0495,ea56a6ce-74c8-5db9-a8e0-55f570076e47,2021-04-09,DATED,PARSED,2021,2,4,58000000000,"€52,727,272,727",EUR,MATCHED,tech_news.csv,1.0.0,57ec45a1-9a06-4385-9e42-2d255db54746
4ef8c2c1-ec37-5ff2-8c77-ab6aed4c6859,ART0496,245ee582-6dec-5cc1-a198-e4acaa865688,2021-01-08,DATED,PARSED,2021,1,1,820000000,820.0M USD,USD,MATCHED,tech_news.csv,1.0.0,57ec45a1-9a06-4385-9e42-2d255db54746
5727d590-7854-511b-a58d-a66bd074110d,ART0497,08256776-704b-50e0-92ce-c74e516f9c80,2023-12-19,DATED,PARSED,2023,4,12,96000000000,$91200.0M - $100800.0M,USD,MATCHED,tech_news.csv,1.0.0,57ec45a1-9a06-4385-9e42-2d255db54746
0973564e-b16e-5354-8b18-d19fa6324162,ART0498,dd92adee-a175-5086-8ee3-31cafbbd4d9a,2022-07-27,DATED,PARSED,2022,3,7,945000000,"¥141,750,000,000",JPY,MATCHED,tech_news.csv,1.0.0,57ec45a1-9a06-4385-9e42-2d255db54746
6458ec79-41db-5505-9551-f1313d68a5bc,ART0500,8f05416c-1b7c-5110-a049-ff66e663eccf,2023-05-30,DATED,PARSED,2023,2,5,2600000000,$2.600B,USD,MATCHED,tech_news.csv,1.0.0,57ec45a1-9a06-4385-9e42-2d255db54746
672aa29c-8af9-5cc3-a95c-140b33a548b0,ART0501,ea56a6ce-74c8-5db9-a8e0-55f570076e47,2024-10-04,DATED,PARSED,2024,4,10,102600000000,$102600.0M,USD,MATCHED,tech_news.csv,1.0.0,57ec45a1-9a06-4385-9e42-2d255db54746
8c5125c2-6265-5f92-a65a-203d8a36224f,ART0502,c9807484-5f9e-58bd-8b9c-6f6bb99bf5cf,2024-03-05,DATED,PARSED,2024,1,3,95000000,"$95,000,000",USD,UNRESOLVED,tech_news.csv,1.0.0,57ec45a1-9a06-4385-9e42-2d255db54746
1270e047-1383-57a7-b78d-de73a6d7860d,ART0503,ea56a6ce-74c8-5db9-a8e0-55f570076e47,2024-09-06,DATED,PARSED,2024,3,9,98800000000,$98.800 billion,USD,MATCHED,tech_news.csv,1.0.0,57ec45a1-9a06-4385-9e42-2d255db54746
6ef4b711-966e-5355-ac05-6f58ed8cee4a,ART0504,c9a9b7c2-97d1-5591-869e-b4f04eeab027,2023-11-27,DATED,PARSED,2023,4,11,7800000000,7800.0M USD,USD,MATCHED,tech_news.csv,1.0.0,57ec45a1-9a06-4385-9e42-2d255db54746
e17209e8-f8cb-5c9b-a61c-2c30ee7fd784,ART0505,245ee582-6dec-5cc1-a198-e4acaa865688,2024-04-03,DATED,PARSED,2024,2,4,1350000000,"€1,227,272,727",EUR,MATCHED,tech_news.csv,1.0.0,57ec45a1-9a06-4385-9e42-2d255db54746
484d4d57-a73a-5567-93df-3795fd900144,ART0506,9d4d58c5-91bd-5317-85a0-a0cd048740af,2024-05-05,DATED,PARSED,2024,2,5,388000000,"£305,511,811",GBP,MATCHED,tech_news.csv,1.0.0,57ec45a1-9a06-4385-9e42-2d255db54746
dc605d7c-e469-54c5-9c77-ae172cf16e20,ART0508,fa848049-e1a2-57f0-935a-4d48dcaddc61,2024-08-16,DATED,PARSED,2024,3,8,3388000000,$3.219B - $3.557B,USD,MATCHED,tech_news.csv,1.0.0,57ec45a1-9a06-4385-9e42-2d255db54746
865c0179-9cfb-5841-a95f-278505fed5c5,ART0510,5c86f678-723f-56ff-bd4b-8440df5459ba,2023-10-12,DATED,PARSED,2023,4,10,900000000,$0.900B,USD,MATCHED,tech_news.csv,1.0.0,57ec45a1-9a06-4385-9e42-2d255db54746
10688149-d17e-5adc-a6d4-c8813780ebf6,ART0511,771af71e-0eea-5ae0-9aff-9a0609ace44a,2024-11-07,DATED,PARSED,2024,4,11,37400000000,$37400.0M,USD,MATCHED,tech_news.csv,1.0.0,57ec45a1-9a06-4385-9e42-2d255db54746
f04b96ad-25fa-5ad5-9bc7-730c01e3362e,ART0512,30365688-fa79-5b90-b869-7fc216599069,2024-08-19,DATED,PARSED,2024,3,8,3168000000,"$3,168,000,000",USD,MATCHED,tech_news.csv,1.0.0,57ec45a1-9a06-4385-9e42-2d255db54746
14f371f4-9330-5875-9d3f-25d98ce7a357,ART0513,ea56a6ce-74c8-5db9-a8e0-55f570076e47,2024-04-03,DATED,PARSED,2024,2,4,98800000000,$98.800 billion,USD,MATCHED,tech_news.csv,1.0.0,57ec45a1-9a06-4385-9e42-2d255db54746
c69c7268-ec09-52c0-8937-981baac345a6,ART0514,08256776-704b-50e0-92ce-c74e516f9c80,2024-04-11,DATED,PARSED,2024,2,4,96960000000,96960.0M USD,USD,MATCHED,tech_news.csv,1.0.0,57ec45a1-9a06-4385-9e42-2d255db54746
968f518e-41aa-551e-8bc8-037059fb4c02,ART0515,8d99fa8b-ca33-5878-9209-2b1f97f99f6b,2023-09-13,DATED,PARSED,2023,3,9,735000000,"€668,181,818",EUR,MATCHED,tech_news.csv,1.0.0,57ec45a1-9a06-4385-9e42-2d255db54746
dea54ff1-fe59-5541-ad81-4f0c5b480353,ART0516,dd92adee-a175-5086-8ee3-31cafbbd4d9a,2022-07-15,DATED,PARSED,2022,3,7,945000000,"£744,094,488",GBP,MATCHED,tech_news.csv,1.0.0,57ec45a1-9a06-4385-9e42-2d255db54746
a1a36f9e-6282-5c5c-8fed-0ee305a21c3a,ART0517,c7cf4719-ebf0-5941-98ae-0c52cbe3097f,2024-10-09,DATED,PARSED,2024,4,10,85000000,"¥12,750,000,000",JPY,UNRESOLVED,tech_news.csv,1.0.0,57ec45a1-9a06-4385-9e42-2d255db54746
45a62e4f-ca49-5458-bb98-f1d84e0d8bce,ART0518,9748d0cc-1284-54f9-afc0-d1692fe79ff8,2023-09-23,DATED,PARSED,2023,3,9,91800000,$87.2M - $96.4M,USD,UNRESOLVED,tech_news.csv,1.0.0,57ec45a1-9a06-4385-9e42-2d255db54746
02c8ed6b-8587-55a0-b2a5-20bd5ff7d851,ART0519,7404b547-e172-5517-92d1-7c31c711048b,2024-05-04,DATED,PARSED,2024,2,5,9180000000,$9180.0 million,USD,MATCHED,tech_news.csv,1.0.0,57ec45a1-9a06-4385-9e42-2d255db54746
80a20f5b-5d1f-505e-9fb8-4073f9d0d394,ART0520,5ed089c3-b138-5004-b73c-fbfc8d07c0ca,2023-08-17,DATED,PARSED,2023,3,8,1720000000,$1.720B,USD,MATCHED,tech_news.csv,1.0.0,57ec45a1-9a06-4385-9e42-2d255db54746
672c6c4f-c081-5413-bdb7-18bc0ee8b2b6,ART0521,f36a832f-cd27-58af-b8c6-fb63f6bea323,2024-01-25,DATED,PARSED,2024,1,1,79170000000,$79170.0M,USD,MATCHED,tech_news.csv,1.0.0,57ec45a1-9a06-4385-9e42-2d255db54746
aa218c7f-31d0-5bb5-b762-96a9daa01d28,ART0522,f36a832f-cd27-58af-b8c6-fb63f6bea323,2024-10-27,DATED,PARSED,2024,4,10,83850000000,"$83,850,000,000",USD,MATCHED,tech_news.csv,1.0.0,57ec45a1-9a06-4385-9e42-2d255db54746
0bc50aa2-5924-58dd-a721-fd7db035ed50,ART0523,5c86f678-723f-56ff-bd4b-8440df5459ba,2023-03-27,DATED,PARSED,2023,1,3,830000000,$0.830 billion,USD,MATCHED,tech_news.csv,1.0.0,57ec45a1-9a06-4385-9e42-2d255db54746
18cd7ae7-fb1c-5988-a703-497b31a909fc,ART0524,a992e412-2b10-50bc-bf9c-23b7974ddb91,,UNDATED,INVALID,,,,54000000000,54000.0M USD,USD,MATCHED,tech_news.csv,1.0.0,57ec45a1-9a06-4385-9e42-2d255db54746
8ee74b28-6371-52c9-a086-3ea8d462a99a,ART0525,1eabfb03-492b-52d1-9f8f-afbd3e484ada,2023-04-15,DATED,PARSED,2023,2,4,860000000,"€781,818,182",EUR,MATCHED,tech_news.csv,1.0.0,57ec45a1-9a06-4385-9e42-2d255db54746
21a4fbcc-8f9c-5875-8c77-bb2d3ee3b948,ART0526,9b997e26-b47f-511c-b401-d9b3a6ac9c4f,2023-12-04,DATED,PARSED,2023,4,12,1700000000,"£1,338,582,677",GBP,MATCHED,tech_news.csv,1.0.0,57ec45a1-9a06-4385-9e42-2d255db54746
3f21a490-5259-5020-a593-61cba5b24672,ART0528,bd719dfe-542a-55b1-b391-b5ab6875b1e2,2024-01-13,DATED,PARSED,2024,1,1,1620000000,$1.539B - $1.701B,USD,MATCHED,tech_news.csv,1.0.0,57ec45a1-9a06-4385-9e42-2d255db54746
b031b856-99e7-52b2-a832-b83bda912d96,ART0530,ea56a6ce-74c8-5db9-a8e0-55f570076e47,2024-03-06,DATED,PARSED,2024,1,3,96900000000,$96.900B,USD,MATCHED,tech_news.csv,1.0.0,57ec45a1-9a06-4385-9e42-2d255db54746
42a350c1-23a5-5857-b1cf-56726eef57cc,ART0531,c9a9b7c2-97d1-5591-869e-b4f04eeab027,,UNDATED,INVALID,,,,7722000000,$7722.0M,USD,MATCHED,tech_news.csv,1.0.0,57ec45a1-9a06-4385-9e42-2d255db54746
2b7f95e5-6975-5b43-86af-969180dc326b,ART0532,245ee582-6dec-5cc1-a198-e4acaa865688,2024-05-26,DATED,PARSED,2024,2,5,1350000000,"$1,350,000,000",USD,MATCHED,tech_news.csv,1.0.0,57ec45a1-9a06-4385-9e42-2d255db54746
a14104d0-9e7b-5609-b2b8-568711928d07,ART0533,9d4d58c5-91bd-5317-85a0-a0cd048740af,2024-09-07,DATED,PARSED,2024,3,9,399000000,$0.399 billion,USD,MATCHED,tech_news.csv,1.0.0,57ec45a1-9a06-4385-9e42-2d255db54746
8192863f-4e61-57fd-bafa-1c75b8510b7e,ART0534,5449894a-8967-53fd-96aa-711e4f2caebf,2023-02-28,DATED,PARSED,2023,1,2,320000000,320.0M USD,USD,MATCHED,tech_news.csv,1.0.0,57ec45a1-9a06-4385-9e42-2d255db54746
7e83a370-1678-509d-8074-6ff62faf927d,ART0536,9748d0cc-1284-54f9-afc0-d1692fe79ff8,2023-11-05,DATED,PARSED,2023,4,11,115600000,"£91,023,622",GBP,UNRESOLVED,tech_news.csv,1.0.0,57ec45a1-9a06-4385-9e42-2d255db54746
233e04dd-8984-5117-9107-07aff4ef669d,ART0537,6e09eb1e-79ed-5163-8702-a611f7c20c68,2022-12-24,DATED,PARSED,2022,4,12,1700000000,"¥255,000,000,000",JPY,MATCHED,tech_news.csv,1.0.0,57ec45a1-9a06-4385-9e42-2d255db54746
5ea665e7-fb97-5808-9298-a9d8829b557a,ART0539,5c86f678-723f-56ff-bd4b-8440df5459ba,2024-06-04,DATED,PARSED,2024,2,6,1044000000,$1044.0 million,USD,MATCHED,tech_news.csv,1.0.0,57ec45a1-9a06-4385-9e42-2d255db54746
ee6aa935-1c4e-5220-b34f-9d89e61c08f5,ART0540,771af71e-0eea-5ae0-9aff-9a0609ace44a,2024-12-02,DATED,PARSED,2024,4,12,37400000000,$37.400B,USD,MATCHED,tech_news.csv,1.0.0,57ec45a1-9a06-4385-9e42-2d255db54746
63f7f220-1da8-56fe-9f8d-232efad17fae,ART0541,bd719dfe-542a-55b1-b391-b5ab6875b1e2,2024-07-03,DATED,PARSED,2024,3,7,1830000000,$1830.0M,USD,MATCHED,tech_news.csv,1.0.0,57ec45a1-9a06-4385-9e42-2d255db54746
287a9bb7-6c04-56e6-9a11-5c26483ab498,ART0542,30365688-fa79-5b90-b869-7fc216599069,2024-07-03,DATED,PARSED,2024,3,7,3168000000,"$3,168,000,000",USD,MATCHED,tech_news.csv,1.0.0,57ec45a1-9a06-4385-9e42-2d255db54746
9853e11f-afec-5c71-9f08-3684db75dc6b,ART0544,c7cf4719-ebf0-5941-98ae-0c52cbe3097f,2024-03-19,DATED,PARSED,2024,1,3,35000000,35.0M USD,USD,UNRESOLVED,tech_news.csv,1.0.0,57ec45a1-9a06-4385-9e42-2d255db54746
2ba6e741-76f9-5c09-b755-d09c279f3fe5,ART0545,e7f9dcc7-eff3-506f-a8f7-03cd6a783d02,,UNDATED,INVALID,,,,180000000,"€163,636,364",EUR,UNRESOLVED,tech_news.csv,1.0.0,57ec45a1-9a06-4385-9e42-2d255db54746
d2be7aba-4d4c-5468-b59d-1ae73b408378,ART0546,a992e412-2b10-50bc-bf9c-23b7974ddb91,2024-07-18,DATED,PARSED,2024,3,7,58500000000,"£46,062,992,126",GBP,MATCHED,tech_news.csv,1.0.0,57ec45a1-9a06-4385-9e42-2d255db54746
3f71a9a0-cc16-5839-9649-2ea4c7d4988e,ART0547,08256776-704b-50e0-92ce-c74e516f9c80,2024-07-14,DATED,PARSED,2024,3,7,98880000000,"¥14,832,000,000,000",JPY,MATCHED,tech_news.csv,1.0.0,57ec45a1-9a06-4385-9e42-2d255db54746
170ea52e-c1a7-5f59-bb09-aea5305d64a4,ART0548,a992e412-2b10-50bc-bf9c-23b7974ddb91,2024-05-05,DATED,PARSED,2024,2,5,54000000000,$51.300B - $56.700B,USD,MATCHED,tech_news.csv,1.0.0,57ec45a1-9a06-4385-9e42-2d255db54746
f677d2d3-2ddd-52db-b74d-70aa30b472be,ART0549,5ed089c3-b138-5004-b73c-fbfc8d07c0ca,2023-10-21,DATED,PARSED,2023,4,10,1800000000,$1800.0 million,USD,MATCHED,tech_news.csv,1.0.0,57ec45a1-9a06-4385-9e42-2d255db54746
41c4b487-f485-5684-9c0a-e1e669b3c368,ART0550,8d99fa8b-ca33-5878-9209-2b1f97f99f6b,2023-08-15,DATED,PARSED,2023,3,8,735000000,$0.735B,USD,MATCHED,tech_news.csv,1.0.0,57ec45a1-9a06-4385-9e42-2d255db54746
17407075-8613-562d-9a94-713e1e5e10ab,ART0551,dd92adee-a175-5086-8ee3-31cafbbd4d9a,2024-02-23,DATED,PARSED,2024,1,2,1431000000,$1431.0M,USD,MATCHED,tech_news.csv,1.0.0,57ec45a1-9a06-4385-9e42-2d255db54746
91217fbb-9502-5811-af2b-1d2b0f87b8df,ART0552,7404b547-e172-5517-92d1-7c31c711048b,2024-06-08,DATED,PARSED,2024,2,6,9520000000,"$9,520,000,000",USD,MATCHED,tech_news.csv,1.0.0,57ec45a1-9a06-4385-9e42-2d255db54746
ac3df07e-3be2-5069-b148-e5d576b41be7,ART0553,5ed089c3-b138-5004-b73c-fbfc8d07c0ca,2024-09-15,DATED,PARSED,2024,3,9,3420000000,$3.420 billion,USD,MATCHED,tech_news.csv,1.0.0,57ec45a1-9a06-4385-9e42-2d255db54746
60e7a747-bbc4-5807-8193-65f621170d24,ART0554,a992e412-2b10-50bc-bf9c-23b7974ddb91,2022-02-26,DATED,PARSED,2022,1,2,17500000000,17500.0M USD,USD,MATCHED,tech_news.csv,1.0.0,57ec45a1-9a06-4385-9e42-2d255db54746
8d669a71-27e7-5286-8e8e-63d9ab2f148f,ART0555,1eabfb03-492b-52d1-9f8f-afbd3e484ada,2024-10-27,DATED,PARSED,2024,4,10,1156000000,"€1,050,909,091",EUR,MATCHED,tech_news.csv,1.0.0,57ec45a1-9a06-4385-9e42-2d255db54746
0e90177a-ce35-56d1-9284-7eb57ae6f085,ART0556,9b997e26-b47f-511c-b401-d9b3a6ac9c4f,2023-08-21,DATED,PARSED,2023,3,8,1640000000,"£1,291,338,583",GBP,MATCHED,tech_news.csv,1.0.0,57ec45a1-9a06-4385-9e42-2d255db54746
80d14b13-94cc-59cd-8670-02cf9cfc2c06,ART0558,8f05416c-1b7c-5110-a049-ff66e663eccf,2024-05-28,DATED,PARSED,2024,2,5,3672000000,$3.488B - $3.856B,USD,MATCHED,tech_news.csv,1.0.0,57ec45a1-9a06-4385-9e42-2d255db54746
e06f6b6c-cf11-5437-a0bd-734b4159687c,ART0559,bd719dfe-542a-55b1-b391-b5ab6875b1e2,2024-08-12,DATED,PARSED,2024,3,8,1950000000,$1950.0 million,USD,MATCHED,tech_news.csv,1.0.0,57ec45a1-9a06-4385-9e42-2d255db54746
27f6d31f-264a-5d3a-b277-5d19928c61b3,ART0560,f36a832f-cd27-58af-b8c6-fb63f6bea323,2022-11-10,DATED,PARSED,2022,4,11,68500000000,$68.500B,USD,MATCHED,tech_news.csv,1.0.0,57ec45a1-9a06-4385-9e42-2d255db54746
cca6707a-9e8e-5afb-bec9-aaceba109f74,ART0561,30365688-fa79-5b90-b869-7fc216599069,2024-12-11,DATED,PARSED,2024,4,12,3480000000,$3480.0M,USD,MATCHED,tech_news.csv,1.0.0,57ec45a1-9a06-4385-9e42-2d255db54746
51ef4edb-c1c2-554a-b22e-57ec14964b91,ART0562,fa848049-e1a2-57f0-935a-4d48dcaddc61,2024-11-16,DATED,PARSED,2024,4,11,3612000000,"$3,612,000,000",USD,MATCHED,tech_news.csv,1.0.0,57ec45a1-9a06-4385-9e42-2d255db54746
1d841141-d08c-5170-8910-2c7124c20d53,ART0563,dd92adee-a175-5086-8ee3-31cafbbd4d9a,2024-08-21,DATED,PARSED,2024,3,8,1566000000,$1.566 billion,USD,MATCHED,tech_news.csv,1.0.0,57ec45a1-9a06-4385-9e42-2d255db54746
1deb8a45-77c3-5b31-a0d9-6cee21206abd,ART0564,ea56a6ce-74c8-5db9-a8e0-55f570076e47,2024-07-28,DATED,PARSED,2024,3,7,100700000000,100700.0M USD,USD,MATCHED,tech_news.csv,1.0.0,57ec45a1-9a06-4385-9e42-2d255db54746
b7a01b23-bf19-5644-a11c-3d77d855015e,ART0565,c9a9b7c2-97d1-5591-869e-b4f04eeab027,2024-11-20,DATED,PARSED,2024,4,11,8190000000,"€7,445,454,545",EUR,MATCHED,tech_news.csv,1.0.0,57ec45a1-9a06-4385-9e42-2d255db54746
b6308cb5-d20d-57ed-8e14-59b859dd5ee2,ART0566,9d4d58c5-91bd-5317-85a0-a0cd048740af,2023-09-03,DATED,PARSED,2023,3,9,310000000,"£244,094,488",GBP,MATCHED,tech_news.csv,1.0.0,57ec45a1-9a06-4385-9e42-2d255db54746
d26b1e11-73b6-56f9-8564-c56c99314cef,ART0567,9b997e26-b47f-511c-b401-d9b3a6ac9c4f,2024-05-21,DATED,PARSED,2024,2,5,1870000000,"¥280,500,000,000",JPY,MATCHED,tech_news.csv,1.0.0,57ec45a1-9a06-4385-9e42-2d255db54746
6c0a0967-f3d5-508e-bd35-db5866e74fe6,ART0568,245ee582-6dec-5cc1-a198-e4acaa865688,2023-11-15,DATED,PARSED,2023,4,11,1250000000,$1.188B - $1.312B,USD,MATCHED,tech_news.csv,1.0.0,57ec45a1-9a06-4385-9e42-2d255db54746
cb8c54d2-28ab-555f-83be-1f35aa68659b,ART0569,9d4d58c5-91bd-5317-85a0-a0cd048740af,2024-09-05,DATED,PARSED,2024,3,9,399000000,$399.0 million,USD,MATCHED,tech_news.csv,1.0.0,57ec45a1-9a06-4385-9e42-2d255db54746
1b6aac4c-cea8-5692-9c49-6923cc35a1c7,ART0570,5449894a-8967-53fd-96aa-711e4f2caebf,2024-11-17,DATED,PARSED,2024,4,11,1034000000,$1.034B,USD,MATCHED,tech_news.csv,1.0.0,57ec45a1-9a06-4385-9e42-2d255db54746
c62e81f0-de13-50c6-a009-e28d5e589311,ART0571,fa848049-e1a2-57f0-935a-4d48dcaddc61,2023-05-12,DATED,PARSED,2023,2,5,2520000000,$2520.0M,USD,MATCHED,tech_news.csv,1.0.0,57ec45a1-9a06-4385-9e42-2d255db54746
d761c2d0-19a1-5b26-8a55-5eda8db2d208,ART0572,6e09eb1e-79ed-5163-8702-a611f7c20c68,2022-10-21,DATED,PARSED,2022,4,10,1700000000,"$1,700,000,000",USD,MATCHED,tech_news.csv,1.0.0,57ec45a1-9a06-4385-9e42-2d255db54746
2af9b867-441f-5f69-8498-dbe0520d956f,ART0573,5c86f678-723f-56ff-bd4b-8440df5459ba,2023-10-10,DATED,PARSED,2023,4,10,900000000,$0.900 billion,USD,MATCHED,tech_news.csv,1.0.0,57ec45a1-9a06-4385-9e42-2d255db54746
05445384-8f99-539e-9777-90ec6bc86e44,ART0574,771af71e-0eea-5ae0-9aff-9a0609ace44a,2024-03-24,DATED,PARSED,2024,1,3,34680000000,34680.0M USD,USD,MATCHED,tech_news.csv,1.0.0,57ec45a1-9a06-4385-9e42-2d255db54746
82ce6087-9a8c-53ef-b0bc-4cdd9d66266c,ART0575,6e09eb1e-79ed-5163-8702-a611f7c20c68,2023-09-16,DATED,PARSED,2023,3,9,2100000000,"€1,909,090,909",EUR,MATCHED,tech_news.csv,1.0.0,57ec45a1-9a06-4385-9e42-2d255db54746
63e5ee86-44e2-583d-b4f7-df08052d9e1e,ART0576,30365688-fa79-5b90-b869-7fc216599069,2024-04-21,DATED,PARSED,2024,2,4,2904000000,"£2,286,614,173",GBP,MATCHED,tech_news.csv,1.0.0,57ec45a1-9a06-4385-9e42-2d255db54746
a1929389-057a-57f0-8db0-81debe46e547,ART0577,08256776-704b-50e0-92ce-c74e516f9c80,2024-01-19,DATED,PARSED,2024,1,1,95040000000,"¥14,256,000,000,000",JPY,MATCHED,tech_news.csv,1.0.0,57ec45a1-9a06-4385-9e42-2d255db54746
899d4a5f-5d93-52cd-b01c-ec3528c6cadb,ART0578,8d99fa8b-ca33-5878-9209-2b1f97f99f6b,2022-08-18,DATED,PARSED,2022,3,8,500000000,$475.0M - $525.0M,USD,MATCHED,tech_news.csv,1.0.0,57ec45a1-9a06-4385-9e42-2d255db54746
e0c327b3-5c85-55f2-a669-0f3c47c21749,ART0580,dd92adee-a175-5086-8ee3-31cafbbd4d9a,,UNDATED,INVALID,,,,1180000000,$1.180B,USD,MATCHED,tech_news.csv,1.0.0,57ec45a1-9a06-4385-9e42-2d255db54746
e4ca3d21-c0d2-5b3c-b4cd-967c921f735a,ART0581,7404b547-e172-5517-92d1-7c31c711048b,2024-09-16,DATED,PARSED,2024,3,9,9520000000,$9520.0M,USD,MATCHED,tech_news.csv,1.0.0,57ec45a1-9a06-4385-9e42-2d255db54746
09b7c411-bee0-5612-831a-14248389aa9d,ART0582,5ed089c3-b138-5004-b73c-fbfc8d07c0ca,2024-03-12,DATED,PARSED,2024,1,3,2250000000,"$2,250,000,000",USD,MATCHED,tech_news.csv,1.0.0,57ec45a1-9a06-4385-9e42-2d255db54746
5872863e-c885-564e-a865-1b763b285c95,ART0584,1eabfb03-492b-52d1-9f8f-afbd3e484ada,2024-03-13,DATED,PARSED,2024,1,3,1019000000,1019.0M USD,USD,MATCHED,tech_news.csv,1.0.0,57ec45a1-9a06-4385-9e42-2d255db54746
d40b58ca-8128-5b7f-99f5-b78f2abed3d2,ART0585,9b997e26-b47f-511c-b401-d9b3a6ac9c4f,2024-06-02,DATED,PARSED,2024,2,6,1870000000,"€1,700,000,000",EUR,MATCHED,tech_news.csv,1.0.0,57ec45a1-9a06-4385-9e42-2d255db54746
cdd809f7-b298-5db0-9415-616499e951a7,ART0586,8f05416c-1b7c-5110-a049-ff66e663eccf,2022-12-16,DATED,PARSED,2022,4,12,2050000000,"£1,614,173,228",GBP,MATCHED,tech_news.csv,1.0.0,57ec45a1-9a06-4385-9e42-2d255db54746
4f558f87-7ad8-54f2-bb19-dc84bdd77041,ART0587,bd719dfe-542a-55b1-b391-b5ab6875b1e2,,UNDATED,INVALID,,,,1620000000,"¥243,000,000,000",JPY,MATCHED,tech_news.csv,1.0.0,57ec45a1-9a06-4385-9e42-2d255db54746
e7e198d7-6c99-5ff7-a4b9-7183b23da609,ART0588,f36a832f-cd27-58af-b8c6-fb63f6bea323,2023-05-10,DATED,PARSED,2023,2,5,73500000000,$69.825B - $77.175B,USD,MATCHED,tech_news.csv,1.0.0,57ec45a1-9a06-4385-9e42-2d255db54746
547e2cb3-1212-5696-92bf-b3a3f231f33a,ART0589,31d3ab7c-19ed-5a35-ac6e-2b6a8f0e6e67,2024-11-14,DATED,PARSED,2024,4,11,9945000000,$9945.0 million,USD,AMBIGUOUS,tech_news.csv,1.0.0,57ec45a1-9a06-4385-9e42-2d255db54746
0643113b-392e-5645-ab3d-22e421b24703,ART0590,ea56a6ce-74c8-5db9-a8e0-55f570076e47,2022-01-20,DATED,PARSED,2022,1,1,70000000000,$70.000B,USD,MATCHED,tech_news.csv,1.0.0,57ec45a1-9a06-4385-9e42-2d255db54746
8b8234f5-7941-5a6a-b448-813ea2c9516e,ART0591,c9a9b7c2-97d1-5591-869e-b4f04eeab027,2024-02-23,DATED,PARSED,2024,1,2,7878000000,$7878.0M,USD,MATCHED,tech_news.csv,1.0.0,57ec45a1-9a06-4385-9e42-2d255db54746
d3001c06-93de-5a3e-873b-cdea3771ac61,ART0592,8f05416c-1b7c-5110-a049-ff66e663eccf,2024-03-07,DATED,PARSED,2024,1,3,3536000000,"$3,536,000,000",USD,MATCHED,tech_news.csv,1.0.0,57ec45a1-9a06-4385-9e42-2d255db54746
76e1bc44-8c2f-53e1-b6f8-02e1862d8a36,ART0593,245ee582-6dec-5cc1-a198-e4acaa865688,2024-06-26,DATED,PARSED,2024,2,6,1350000000,$1.350 billion,USD,MATCHED,tech_news.csv,1.0.0,57ec45a1-9a06-4385-9e42-2d255db54746
8944d5ad-542c-55fe-9d92-881a67d31e6c,ART0594,9d4d58c5-91bd-5317-85a0-a0cd048740af,2024-09-10,DATED,PARSED,2024,3,9,407000000,407.0M USD,USD,MATCHED,tech_news.csv,1.0.0,57ec45a1-9a06-4385-9e42-2d255db54746
a1c3aea6-d773-5709-b714-971d7af32645,ART0595,9748d0cc-1284-54f9-afc0-d1692fe79ff8,2022-04-09,DATED,PARSED,2022,2,4,47250000,"€42,954,545",EUR,UNRESOLVED,tech_news.csv,1.0.0,57ec45a1-9a06-4385-9e42-2d255db54746
2a2f4937-d4e0-5f11-8f55-6f8fa90a8fb2,ART0597,5449894a-8967-53fd-96aa-711e4f2caebf,2024-08-20,DATED,PARSED,2024,3,8,884000000,"¥132,600,000,000",JPY,MATCHED,tech_news.csv,1.0.0,57ec45a1-9a06-4385-9e42-2d255db54746
ba47d772-0d11-594b-9451-a184d13f682c,ART0598,fa848049-e1a2-57f0-935a-4d48dcaddc61,2024-05-27,DATED,PARSED,2024,2,5,3192000000,$3.032B - $3.352B,USD,MATCHED,tech_news.csv,1.0.0,57ec45a1-9a06-4385-9e42-2d255db54746
1f5cce37-975c-565c-b665-925659085f08,ART0599,6e09eb1e-79ed-5163-8702-a611f7c20c68,2024-07-06,DATED,PARSED,2024,3,7,2576000000,$2576.0 million,USD,MATCHED,tech_news.csv,1.0.0,57ec45a1-9a06-4385-9e42-2d255db54746
a35aa4e7-074f-55f8-8750-56cac8e98b9c,ART0600,5c86f678-723f-56ff-bd4b-8440df5459ba,2022-08-27,DATED,PARSED,2022,3,8,710000000,$0.710B,USD,MATCHED,tech_news.csv,1.0.0,57ec45a1-9a06-4385-9e42-2d255db54746
2e9b5e93-574b-5d9c-8e23-fb45f5f046e4,ART0602,771af71e-0eea-5ae0-9aff-9a0609ace44a,2024-09-10,DATED,PARSED,2024,3,9,36380000000,"$36,380,000,000",USD,MATCHED,tech_news.csv,1.0.0,57ec45a1-9a06-4385-9e42-2d255db54746
8fb7635f-7c5b-59c4-b373-aeb299c02ce9,ART0603,30365688-fa79-5b90-b869-7fc216599069,2024-10-16,DATED,PARSED,2024,4,10,3480000000,$3.480 billion,USD,MATCHED,tech_news.csv,1.0.0,57ec45a1-9a06-4385-9e42-2d255db54746
51e08ee4-ff5e-566c-bfa8-af6d09a9cec4,ART0604,9748d0cc-1284-54f9-afc0-d1692fe79ff8,2024-09-06,DATED,PARSED,2024,3,9,135000000,135.0M USD,USD,UNRESOLVED,tech_news.csv,1.0.0,57ec45a1-9a06-4385-9e42-2d255db54746
e34872a6-37b1-5b8a-8728-5f6c5f98c138,ART0605,f36a832f-cd27-58af-b8c6-fb63f6bea323,2024-02-25,DATED,PARSED,2024,1,2,79170000000,"€71,972,727,273",EUR,MATCHED,tech_news.csv,1.0.0,57ec45a1-9a06-4385-9e42-2d255db54746
fc012da1-e586-5104-99ab-b35fc015cf46,ART0606,f36a832f-cd27-58af-b8c6-fb63f6bea323,2024-12-02,DATED,PARSED,2024,4,12,83850000000,"£66,023,622,047",GBP,MATCHED,tech_news.csv,1.0.0,57ec45a1-9a06-4385-9e42-2d255db54746
0ea86bf7-b1f3-5c73-a8d0-f4b0361ed676,ART0607,08256776-704b-50e0-92ce-c74e516f9c80,2024-03-22,DATED,PARSED,2024,1,3,95040000000,"¥14,256,000,000,000",JPY,MATCHED,tech_news.csv,1.0.0,57ec45a1-9a06-4385-9e42-2d255db54746
55ab46b0-9950-5993-a8b6-8fc10603bdcc,ART0608,8d99fa8b-ca33-5878-9209-2b1f97f99f6b,,UNDATED,INVALID,,,,760000000,$722.0M - $798.0M,USD,MATCHED,tech_news.csv,1.0.0,57ec45a1-9a06-4385-9e42-2d255db54746
0e36fa43-53ca-5957-8013-a55f08142a60,ART0609,5c86f678-723f-56ff-bd4b-8440df5459ba,2024-05-27,DATED,PARSED,2024,2,5,1044000000,$1044.0 million,USD,MATCHED,tech_news.csv,1.0.0,57ec45a1-9a06-4385-9e42-2d255db54746
3f7bdf16-7ad5-5e44-96dd-f74f51438924,ART0610,dd92adee-a175-5086-8ee3-31cafbbd4d9a,2024-04-08,DATED,PARSED,2024,2,4,1499000000,$1.499B,USD,MATCHED,tech_news.csv,1.0.0,57ec45a1-9a06-4385-9e42-2d255db54746
91a5e4f3-02d1-5605-ab48-90cf826dff3c,ART0611,7404b547-e172-5517-92d1-7c31c711048b,2024-09-01,DATED,PARSED,2024,3,9,9520000000,$9520.0M,USD,MATCHED,tech_news.csv,1.0.0,57ec45a1-9a06-4385-9e42-2d255db54746
d7f6d1c7-a626-535b-8565-3a814a8cd567,ART0612,5ed089c3-b138-5004-b73c-fbfc8d07c0ca,2024-04-24,DATED,PARSED,2024,2,4,2790000000,"$2,790,000,000",USD,MATCHED,tech_news.csv,1.0.0,57ec45a1-9a06-4385-9e42-2d255db54746
dea89b55-8f4a-5c1e-8315-fe77112fc1b9,ART0614,5c86f678-723f-56ff-bd4b-8440df5459ba,2024-12-19,DATED,PARSED,2024,4,12,1215000000,1215.0M USD,USD,MATCHED,tech_news.csv,1.0.0,57ec45a1-9a06-4385-9e42-2d255db54746
50dcd40f-1985-59cc-a09c-66413b21d47c,ART0615,1eabfb03-492b-52d1-9f8f-afbd3e484ada,2023-04-02,DATED,PARSED,2023,2,4,790000000,"€718,181,818",EUR,MATCHED,tech_news.csv,1.0.0,57ec45a1-9a06-4385-9e42-2d255db54746
c3ed16ad-c0b8-5de7-a9e5-9bac65bd7eac,ART0616,9b997e26-b47f-511c-b401-d9b3a6ac9c4f,2024-05-03,DATED,PARSED,2024,2,5,1870000000,"£1,472,440,945",GBP,MATCHED,tech_news.csv,1.0.0,57ec45a1-9a06-4385-9e42-2d255db54746
514312eb-eb52-56ba-9bae-5e6882c2725c,ART0617,bd719dfe-542a-55b1-b391-b5ab6875b1e2,2024-05-11,DATED,PARSED,2024,2,5,1725000000,"¥258,750,000,000",JPY,MATCHED,tech_news.csv,1.0.0,57ec45a1-9a06-4385-9e42-2d255db54746
531e1c5c-d827-5804-8f6f-da1353029dc2,ART0618,8f05416c-1b7c-5110-a049-ff66e663eccf,2024-09-05,DATED,PARSED,2024,3,9,3774000000,$3.585B - $3.963B,USD,MATCHED,tech_news.csv,1.0.0,57ec45a1-9a06-4385-9e42-2d255db54746
7e854e24-ccd6-531f-be92-bf624385d8d1,ART0619,bd719dfe-542a-55b1-b391-b5ab6875b1e2,2024-06-21,DATED,PARSED,2024,2,6,1725000000,$1725.0 million,USD,MATCHED,tech_news.csv,1.0.0,57ec45a1-9a06-4385-9e42-2d255db54746
074818f5-d7e0-5e6b-8cd6-2d870928e82c,ART0620,bd719dfe-542a-55b1-b391-b5ab6875b1e2,2024-05-01,DATED,PARSED,2024,2,5,1725000000,$1.725B,USD,MATCHED,tech_news.csv,1.0.0,57ec45a1-9a06-4385-9e42-2d255db54746
7cee0fb3-b86e-52f5-bb16-7d2a45972c53,ART0621,a992e412-2b10-50bc-bf9c-23b7974ddb91,2024-08-13,DATED,PARSED,2024,3,8,58500000000,$58500.0M,USD,MATCHED,tech_news.csv,1.0.0,57ec45a1-9a06-4385-9e42-2d255db54746
30b2bf27-7104-5d1a-bd18-cd41d5db1f5b,ART0622,f36a832f-cd27-58af-b8c6-fb63f6bea323,,UNDATED,INVALID,,,,82290000000,"$82,290,000,000",USD,MATCHED,tech_news.csv,1.0.0,57ec45a1-9a06-4385-9e42-2d255db54746
ac65e061-4bec-504d-8f34-5e964253c4ed,ART0623,ea56a6ce-74c8-5db9-a8e0-55f570076e47,2024-12-20,DATED,PARSED,2024,4,12,102600000000,$102.600 billion,USD,MATCHED,tech_news.csv,1.0.0,57ec45a1-9a06-4385-9e42-2d255db54746
a79d2916-bd94-51b1-9220-62187e1f13d3,ART0624,d693985f-b2d1-5141-9ca6-89a18bbd47fe,2024-05-14,DATED,PARSED,2024,2,5,82000000,82.0M USD,USD,UNRESOLVED,tech_news.csv,1.0.0,57ec45a1-9a06-4385-9e42-2d255db54746
59858e12-536d-5c57-ae82-2c45dfa0dc98,ART0625,c9a9b7c2-97d1-5591-869e-b4f04eeab027,2023-01-18,DATED,PARSED,2023,1,1,6600000000,"€6,000,000,000",EUR,MATCHED,tech_news.csv,1.0.0,57ec45a1-9a06-4385-9e42-2d255db54746
e104c179-5616-5597-ac71-67e449db3a56,ART0626,a992e412-2b10-50bc-bf9c-23b7974ddb91,2024-06-20,DATED,PARSED,2024,2,6,54000000000,"£42,519,685,039",GBP,MATCHED,tech_news.csv,1.0.0,57ec45a1-9a06-4385-9e42-2d255db54746
adea3076-0b39-5752-99ea-54d6cd821479,ART0627,e7f9dcc7-eff3-506f-a8f7-03cd6a783d02,2024-01-04,DATED,PARSED,2024,1,1,20000000,"¥3,000,000,000",JPY,UNRESOLVED,tech_news.csv,1.0.0,57ec45a1-9a06-4385-9e42-2d255db54746
68a396e3-9708-5546-9930-93d356552129,ART0628,245ee582-6dec-5cc1-a198-e4acaa865688,2023-12-27,DATED,PARSED,2023,4,12,1250000000,$1.188B - $1.312B,USD,MATCHED,tech_news.csv,1.0.0,57ec45a1-9a06-4385-9e42-2d255db54746
fd4b00b2-3bcb-52cc-a86b-6fabd4bde27e,ART0629,9d4d58c5-91bd-5317-85a0-a0cd048740af,,UNDATED,INVALID,,,,388000000,$388.0 million,USD,MATCHED,tech_news.csv,1.0.0,57ec45a1-9a06-4385-9e42-2d255db54746
355cdc27-e733-51ba-9e77-9a8fb630e632,ART0631,5449894a-8967-53fd-96aa-711e4f2caebf,2024-01-09,DATED,PARSED,2024,1,1,602000000,$602.0M,USD,MATCHED,tech_news.csv,1.0.0,57ec45a1-9a06-4385-9e42-2d255db54746
0aeb328b-63ec-5012-94e1-fa835460abbf,ART0632,c9807484-5f9e-58bd-8b9c-6f6bb99bf5cf,2024-11-12,DATED,PARSED,2024,4,11,260000000,"$260,000,000",USD,UNRESOLVED,tech_news.csv,1.0.0,57ec45a1-9a06-4385-9e42-2d255db54746
a8a4954d-07ab-5d5d-9724-c14c551e2bbc,ART0633,fa848049-e1a2-57f0-935a-4d48dcaddc61,2024-11-16,DATED,PARSED,2024,4,11,3612000000,$3.612 billion,USD,MATCHED,tech_news.csv,1.0.0,57ec45a1-9a06-4385-9e42-2d255db54746
c4d89862-257d-51e3-be81-3e3588035ade,ART0634,5ed089c3-b138-5004-b73c-fbfc8d07c0ca,2023-06-10,DATED,PARSED,2023,2,6,1600000000,1600.0M USD,USD,MATCHED,tech_news.csv,1.0.0,57ec45a1-9a06-4385-9e42-2d255db54746
ca3ce139-762e-5d76-a745-0b100b10ab4f,ART0635,6e09eb1e-79ed-5163-8702-a611f7c20c68,2024-12-12,DATED,PARSED,2024,4,12,2691000000,"€2,446,363,636",EUR,MATCHED,tech_news.csv,1.0.0,57ec45a1-9a06-4385-9e42-2d255db54746
ad1a9f0e-8cbb-5cfd-a733-27e1e327c5fb,ART0636,5c86f678-723f-56ff-bd4b-8440df5459ba,,UNDATED,INVALID,,,,900000000,"£708,661,417",GBP,MATCHED,tech_news.csv,1.0.0,57ec45a1-9a06-4385-9e42-2d255db54746
36f8dc59-d04a-5b0f-ab0d-3f5f17c92378,ART0637,771af71e-0eea-5ae0-9aff-9a0609ace44a,2024-06-03,DATED,PARSED,2024,2,6,35360000000,"¥5,304,000,000,000",JPY,MATCHED,tech_news.csv,1.0.0,57ec45a1-9a06-4385-9e42-2d255db54746
6da3fa71-d25e-5e0c-aa46-6d7d3f5d9038,ART0638,30365688-fa79-5b90-b869-7fc216599069,2024-07-21,DATED,PARSED,2024,3,7,3168000000,$3.010B - $3.326B,USD,MATCHED,tech_news.csv,1.0.0,57ec45a1-9a06-4385-9e42-2d255db54746
a7bf7cb7-0463-5e5b-9778-a18902a99416,ART0639,5ed089c3-b138-5004-b73c-fbfc8d07c0ca,2023-02-07,DATED,PARSED,2023,1,2,1450000000,$1450.0 million,USD,MATCHED,tech_news.csv,1.0.0,57ec45a1-9a06-4385-9e42-2d255db54746
660e4d36-78cb-53dc-ae0c-3f3d65bdfc72,ART0641,c7cf4719-ebf0-5941-98ae-0c52cbe3097f,2024-08-19,DATED,PARSED,2024,3,8,85000000,$85.0M,USD,UNRESOLVED,tech_news.csv,1.0.0,57ec45a1-9a06-4385-9e42-2d255db54746
bd7d12b4-13d6-524c-bd75-8c7d5c62d419,ART0642,8d99fa8b-ca33-5878-9209-2b1f97f99f6b,2024-10-10,DATED,PARSED,2024,4,10,1307000000,"$1,307,000,000",USD,MATCHED,tech_news.csv,1.0.0,57ec45a1-9a06-4385-9e42-2d255db54746
c9914afc-4ad3-5942-95dd-af653c25a57f,ART0643,30365688-fa79-5b90-b869-7fc216599069,2022-05-09,DATED,PARSED,2022,2,5,1700000000,$1.700 billion,USD,MATCHED,tech_news.csv,1.0.0,57ec45a1-9a06-4385-9e42-2d255db54746
19be4191-eb06-5207-a86a-9e791798fc75,ART0644,dd92adee-a175-5086-8ee3-31cafbbd4d9a,2024-12-14,DATED,PARSED,2024,4,12,1647000000,1647.0M USD,USD,MATCHED,tech_news.csv,1.0.0,57ec45a1-9a06-4385-9e42-2d255db54746
c17115f9-df91-5e7e-a016-0357a03b34e3,ART0645,7404b547-e172-5517-92d1-7c31c711048b,2023-06-21,DATED,PARSED,2023,2,6,7600000000,"€6,909,090,909",EUR,MATCHED,tech_news.csv,1.0.0,57ec45a1-9a06-4385-9e42-2d255db54746
8285edda-dedc-5c35-83f0-b214ae383931,ART0647,5ed089c3-b138-5004-b73c-fbfc8d07c0ca,2024-01-09,DATED,PARSED,2024,1,1,2250000000,"¥337,500,000,000",JPY,MATCHED,tech_news.csv,1.0.0,57ec45a1-9a06-4385-9e42-2d255db54746
ffaa72ff-01ce-52d3-8e10-7cc529c5f4b8,ART0648,e7f9dcc7-eff3-506f-a8f7-03cd6a783d02,2024-05-25,DATED,PARSED,2024,2,5,50000000,$47.5M - $52.5M,USD,UNRESOLVED,tech_news.csv,1.0.0,57ec45a1-9a06-4385-9e42-2d255db54746
4f42ac6a-00ae-5299-bf6f-2418dde3ceec,ART0649,a992e412-2b10-50bc-bf9c-23b7974ddb91,2024-01-24,DATED,PARSED,2024,1,1,49500000000,$49500.0 million,USD,MATCHED,tech_news.csv,1.0.0,57ec45a1-9a06-4385-9e42-2d255db54746
04988c16-0f64-5914-ae49-316f6c2943bb,ART0650,fa848049-e1a2-57f0-935a-4d48dcaddc61,2024-05-08,DATED,PARSED,2024,2,5,3388000000,$3.388B,USD,MATCHED,tech_news.csv,1.0.0,57ec45a1-9a06-4385-9e42-2d255db54746
9e836778-71ee-55a1-8dc3-5849c7234d66,ART0651,1eabfb03-492b-52d1-9f8f-afbd3e484ada,2024-10-04,DATED,PARSED,2024,4,10,1156000000,$1156.0M,USD,MATCHED,tech_news.csv,1.0.0,57ec45a1-9a06-4385-9e42-2d255db54746
6dc075f5-aed8-5a95-b51e-689eb9418bde,ART0652,9b997e26-b47f-511c-b401-d9b3a6ac9c4f,2023-12-05,DATED,PARSED,2023,4,12,1700000000,"$1,700,000,000",USD,MATCHED,tech_news.csv,1.0.0,57ec45a1-9a06-4385-9e42-2d255db54746
a57cae53-e1bc-5faa-9e98-01a68288f68c,ART0653,dd92adee-a175-5086-8ee3-31cafbbd4d9a,2024-04-18,DATED,PARSED,2024,2,4,1499000000,$1.499 billion,USD,MATCHED,tech_news.csv,1.0.0,57ec45a1-9a06-4385-9e42-2d255db54746
d5fb7198-e8bb-5ff7-9620-4f409840d79a,ART0654,8f05416c-1b7c-5110-a049-ff66e663eccf,2022-05-19,DATED,PARSED,2022,2,5,1820000000,1820.0M USD,USD,MATCHED,tech_news.csv,1.0.0,57ec45a1-9a06-4385-9e42-2d255db54746
0e797eba-2fa8-5199-9a22-bf41469f2b17,ART0655,9d4d58c5-91bd-5317-85a0-a0cd048740af,2024-12-12,DATED,PARSED,2024,4,12,407000000,"€370,000,000",EUR,MATCHED,tech_news.csv,1.0.0,57ec45a1-9a06-4385-9e42-2d255db54746
5007f3e6-58d4-59ff-b9c3-493f17106bde,ART0656,bd719dfe-542a-55b1-b391-b5ab6875b1e2,2022-11-16,DATED,PARSED,2022,4,11,1130000001,"£889,763,780",GBP,MATCHED,tech_news.csv,1.0.0,57ec45a1-9a06-4385-9e42-2d255db54746
a30f51e2-4072-5670-b128-3b30e6123b64,ART0657,f36a832f-cd27-58af-b8c6-fb63f6bea323,,UNDATED,INVALID,,,,82290000000,"¥12,343,500,000,000",JPY,MATCHED,tech_news.csv,1.0.0,57ec45a1-9a06-4385-9e42-2d255db54746
9c749ddf-39b6-5ead-8189-ca3b5ba0692d,ART0658,9b997e26-b47f-511c-b401-d9b3a6ac9c4f,2024-02-05,DATED,PARSED,2024,1,2,1785000000,$1.696B - $1.874B,USD,MATCHED,tech_news.csv,1.0.0,57ec45a1-9a06-4385-9e42-2d255db54746
67112e26-54da-5dfd-b154-36081e9fd70f,ART0659,6e09eb1e-79ed-5163-8702-a611f7c20c68,2024-05-23,DATED,PARSED,2024,2,5,2484000000,$2484.0 million,USD,MATCHED,tech_news.csv,1.0.0,57ec45a1-9a06-4385-9e42-2d255db54746
e6de6825-6e41-5540-ae5c-c006507428ad,ART0660,ea56a6ce-74c8-5db9-a8e0-55f570076e47,2024-10-23,DATED,PARSED,2024,4,10,102600000000,$102.600B,USD,MATCHED,tech_news.csv,1.0.0,57ec45a1-9a06-4385-9e42-2d255db54746
79c3fd31-82d5-5c0d-96fe-c432fa332305,ART0661,c9a9b7c2-97d1-5591-869e-b4f04eeab027,2024-01-18,DATED,PARSED,2024,1,1,7878000000,$7878.0M,USD,MATCHED,tech_news.csv,1.0.0,57ec45a1-9a06-4385-9e42-2d255db54746
40cd451a-3825-56b2-ad1e-424e272901b1,ART0662,d693985f-b2d1-5141-9ca6-89a18bbd47fe,2023-06-19,DATED,PARSED,2023,2,6,55760000,"$55,760,000",USD,UNRESOLVED,tech_news.csv,1.0.0,57ec45a1-9a06-4385-9e42-2d255db54746
456b015f-1b88-5a39-be59-f0b205238697,ART0663,31d3ab7c-19ed-5a35-ac6e-2b6a8f0e6e67,2023-12-22,DATED,PARSED,2023,4,12,8500000000,$8.500 billion,USD,AMBIGUOUS,tech_news.csv,1.0.0,57ec45a1-9a06-4385-9e42-2d255db54746
07123f29-b6fa-597b-a96e-4b6d60f0e490,ART0664,245ee582-6dec-5cc1-a198-e4acaa865688,,UNDATED,INVALID,,,,1350000000,1350.0M USD,USD,MATCHED,tech_news.csv,1.0.0,57ec45a1-9a06-4385-9e42-2d255db54746
44c9c067-b2e5-5390-8147-eb20a38f3a75,ART0665,8f05416c-1b7c-5110-a049-ff66e663eccf,2024-10-25,DATED,PARSED,2024,4,10,3910000001,"€3,554,545,455",EUR,MATCHED,tech_news.csv,1.0.0,57ec45a1-9a06-4385-9e42-2d255db54746
cf251f3b-e732-5cb8-9f2e-0fabfaafc227,ART0666,ea56a6ce-74c8-5db9-a8e0-55f570076e47,2024-05-25,DATED,PARSED,2024,2,5,98800000001,"£77,795,275,591",GBP,MATCHED,tech_news.csv,1.0.0,57ec45a1-9a06-4385-9e42-2d255db54746
52354ad2-8d4a-5ff5-893c-51a4176a9baa,ART0667,9d4d58c5-91bd-5317-85a0-a0cd048740af,2024-04-08,DATED,PARSED,2024,2,4,388000000,"¥58,200,000,000",JPY,MATCHED,tech_news.csv,1.0.0,57ec45a1-9a06-4385-9e42-2d255db54746
cab8171c-8698-56b8-a803-7a21c4b57213,ART0668,5449894a-8967-53fd-96aa-711e4f2caebf,2024-10-03,DATED,PARSED,2024,4,10,1034000000,$0.982B - $1.086B,USD,MATCHED,tech_news.csv,1.0.0,57ec45a1-9a06-4385-9e42-2d255db54746
18ac5dd5-f738-55d9-a341-e2ea028cc5e7,ART0669,fa848049-e1a2-57f0-935a-4d48dcaddc61,2024-07-08,DATED,PARSED,2024,3,7,3388000000,$3388.0 million,USD,MATCHED,tech_news.csv,1.0.0,57ec45a1-9a06-4385-9e42-2d255db54746
016e9bd1-8f34-53e3-ac68-f93c28052eb3,ART0670,ea56a6ce-74c8-5db9-a8e0-55f570076e47,2024-09-27,DATED,PARSED,2024,3,9,100700000000,$100.700B,USD,MATCHED,tech_news.csv,1.0.0,57ec45a1-9a06-4385-9e42-2d255db54746
9d30b3fa-3ae6-52f2-9320-d554f8b354be,ART0671,f36a832f-cd27-58af-b8c6-fb63f6bea323,,UNDATED,INVALID,,,,82290000000,$82290.0M,USD,MATCHED,tech_news.csv,1.0.0,57ec45a1-9a06-4385-9e42-2d255db54746
48ee87aa-3c17-5c60-b641-1114ba621674,ART0672,6e09eb1e-79ed-5163-8702-a611f7c20c68,2024-03-05,DATED,PARSED,2024,1,3,2392000000,"$2,392,000,000",USD,MATCHED,tech_news.csv,1.0.0,57ec45a1-9a06-4385-9e42-2d255db54746
d598709b-6dc7-535c-aa10-9ecca4a05e3e,ART0673,f36a832f-cd27-58af-b8c6-fb63f6bea323,2024-05-19,DATED,PARSED,2024,2,5,80730000000,$80.730 billion,USD,MATCHED,tech_news.csv,1.0.0,57ec45a1-9a06-4385-9e42-2d255db54746
8a8dfcdd-750d-58cf-af6c-5696a6ce819e,ART0674,5c86f678-723f-56ff-bd4b-8440df5459ba,2022-05-28,DATED,PARSED,2022,2,5,610000000,610.0M USD,USD,MATCHED,tech_news.csv,1.0.0,57ec45a1-9a06-4385-9e42-2d255db54746
8364a76f-1ed0-5322-b323-302c7beac7b8,ART0675,771af71e-0eea-5ae0-9aff-9a0609ace44a,2024-10-08,DATED,PARSED,2024,4,10,37400000000,"€34,000,000,000",EUR,MATCHED,tech_news.csv,1.0.0,57ec45a1-9a06-4385-9e42-2d255db54746
bb0d2fba-9b2e-5954-a14e-4c4fb28c7601,ART0676,30365688-fa79-5b90-b869-7fc216599069,2024-10-02,DATED,PARSED,2024,4,10,3480000000,"£2,740,157,480",GBP,MATCHED,tech_news.csv,1.0.0,57ec45a1-9a06-4385-9e42-2d255db54746
0719ec7d-cead-55ca-9510-82e3a6427fbe,ART0677,08256776-704b-50e0-92ce-c74e516f9c80,2023-07-06,DATED,PARSED,2023,3,7,94000000000,"¥14,100,000,000,000",JPY,MATCHED,tech_news.csv,1.0.0,57ec45a1-9a06-4385-9e42-2d255db54746
ed1b20d7-b519-5ca7-b19f-9b8670383003,ART0678,8d99fa8b-ca33-5878-9209-2b1f97f99f6b,,UNDATED,INVALID,,,,1026000000,$0.975B - $1.077B,USD,MATCHED,tech_news.csv,1.0.0,57ec45a1-9a06-4385-9e42-2d255db54746
54eebce6-65a7-5650-a436-a487139470f4,ART0679,dd92adee-a175-5086-8ee3-31cafbbd4d9a,2024-12-23,DATED,PARSED,2024,4,12,1647000000,$1647.0 million,USD,MATCHED,tech_news.csv,1.0.0,57ec45a1-9a06-4385-9e42-2d255db54746
d6437261-d6b2-5b39-863d-c1dfdf5d0a51,ART0680,7404b547-e172-5517-92d1-7c31c711048b,2024-02-17,DATED,PARSED,2024,1,2,8925000000,$8.925B,USD,MATCHED,tech_news.csv,1.0.0,57ec45a1-9a06-4385-9e42-2d255db54746
a69f841b-b403-5ec3-a068-c8d7520509c1,ART0681,5c86f678-723f-56ff-bd4b-8440df5459ba,2024-06-05,DATED,PARSED,2024,2,6,1044000000,$1044.0M,USD,MATCHED,tech_news.csv,1.0.0,57ec45a1-9a06-4385-9e42-2d255db54746
8d5b0d8b-bb4f-5564-91fd-e3f5e5d32e62,ART0682,5c86f678-723f-56ff-bd4b-8440df5459ba,2023-09-14,DATED,PARSED,2023,3,9,880000000,"$880,000,000",USD,MATCHED,tech_news.csv,1.0.0,57ec45a1-9a06-4385-9e42-2d255db54746
56dbfd6e-778c-5273-840f-08a15b99034d,ART0683,5ed089c3-b138-5004-b73c-fbfc8d07c0ca,2024-04-04,DATED,PARSED,2024,2,4,2790000000,$2.790 billion,USD,MATCHED,tech_news.csv,1.0.0,57ec45a1-9a06-4385-9e42-2d255db54746
90e92a5c-981a-5283-b707-48d2ae477806,ART0684,a992e412-2b10-50bc-bf9c-23b7974ddb91,2024-10-14,DATED,PARSED,2024,4,10,62100000000,62100.0M USD,USD,MATCHED,tech_news.csv,1.0.0,57ec45a1-9a06-4385-9e42-2d255db54746
16f903fb-e85a-591e-810c-cc4483391dfd,ART0685,c9807484-5f9e-58bd-8b9c-6f6bb99bf5cf,2024-09-03,DATED,PARSED,2024,3,9,95000000,"€86,363,636",EUR,UNRESOLVED,tech_news.csv,1.0.0,57ec45a1-9a06-4385-9e42-2d255db54746
5cad926b-b11a-59c9-9256-4ef28b3acbdc,ART0686,1eabfb03-492b-52d1-9f8f-afbd3e484ada,2023-01-14,DATED,PARSED,2023,1,1,790000000,"£622,047,244",GBP,MATCHED,tech_news.csv,1.0.0,57ec45a1-9a06-4385-9e42-2d255db54746
671f1f99-be74-5f85-b732-0af04eb7d772,ART0688,c9807484-5f9e-58bd-8b9c-6f6bb99bf5cf,2023-06-06,DATED,PARSED,2023,2,6,91800000,$87.2M - $96.4M,USD,UNRESOLVED,tech_news.csv,1.0.0,57ec45a1-9a06-4385-9e42-2d255db54746
b9100b7f-9163-5000-aeb7-3f38ed436685,ART0689,bd719dfe-542a-55b1-b391-b5ab6875b1e2,2024-12-19,DATED,PARSED,2024,4,12,1950000000,$1950.0 million,USD,MATCHED,tech_news.csv,1.0.0,57ec45a1-9a06-4385-9e42-2d255db54746
ba4a1f30-ba26-54a7-b226-aceb436ea9eb,ART0690,8f05416c-1b7c-5110-a049-ff66e663eccf,2024-07-21,DATED,PARSED,2024,3,7,3774000000,$3.774B,USD,MATCHED,tech_news.csv,1.0.0,57ec45a1-9a06-4385-9e42-2d255db54746
74ce0405-48c1-5d26-ba52-7af2181a7697,ART0691,c9807484-5f9e-58bd-8b9c-6f6bb99bf5cf,2024-12-13,DATED,PARSED,2024,4,12,260000000,$260.0M,USD,UNRESOLVED,tech_news.csv,1.0.0,57ec45a1-9a06-4385-9e42-2d255db54746
7d2766a7-6323-5fc8-9a12-9c99021568fb,ART0692,9748d0cc-1284-54f9-afc0-d1692fe79ff8,2024-10-06,DATED,PARSED,2024,4,10,105000000,"$105,000,000",USD,UNRESOLVED,tech_news.csv,1.0.0,57ec45a1-9a06-4385-9e42-2d255db54746
e9706a99-202f-5c6e-931a-5dfdddbabdaf,ART0693,bd719dfe-542a-55b1-b391-b5ab6875b1e2,2024-05-07,DATED,PARSED,2024,2,5,1725000000,$1.725 billion,USD,MATCHED,tech_news.csv,1.0.0,57ec45a1-9a06-4385-9e42-2d255db54746
43e6b414-3db6-56c1-a97b-b23f737ad040,ART0694,bd719dfe-542a-55b1-b391-b5ab6875b1e2,2024-08-11,DATED,PARSED,2024,3,8,1830000000,1830.0M USD,USD,MATCHED,tech_news.csv,1.0.0,57ec45a1-9a06-4385-9e42-2d255db54746
21f2474f-f844-5f40-be41-f6569c915004,ART0695,f36a832f-cd27-58af-b8c6-fb63f6bea323,2023-10-18,DATED,PARSED,2023,4,10,78000000000,"€70,909,090,909",EUR,MATCHED,tech_news.csv,1.0.0,57ec45a1-9a06-4385-9e42-2d255db54746
1caf842f-2603-5d61-80b8-889d32b9d97f,ART0696,ea56a6ce-74c8-5db9-a8e0-55f570076e47,2023-04-02,DATED,PARSED,2023,2,4,88500000000,"£69,685,039,370",GBP,MATCHED,tech_news.csv,1.0.0,57ec45a1-9a06-4385-9e42-2d255db54746
8e2e5580-32d0-5ec5-86e5-0f71a9f94746,ART0697,c9a9b7c2-97d1-5591-869e-b4f04eeab027,2023-07-02,DATED,PARSED,2023,3,7,7400000000,"¥1,110,000,000,000",JPY,MATCHED,tech_news.csv,1.0.0,57ec45a1-9a06-4385-9e42-2d255db54746
23cc5230-708e-5b0d-ab2e-b5a0fb89f876,ART0698,245ee582-6dec-5cc1-a198-e4acaa865688,2024-08-26,DATED,PARSED,2024,3,8,1400000000,$1.330B - $1.470B,USD,MATCHED,tech_news.csv,1.0.0,57ec45a1-9a06-4385-9e42-2d255db54746
d56bdc03-2c77-522b-92ad-39484383982d,ART0700,a992e412-2b10-50bc-bf9c-23b7974ddb91,2024-10-09,DATED,PARSED,2024,4,10,62100000000,$62.100B,USD,MATCHED,tech_news.csv,1.0.0,57ec45a1-9a06-4385-9e42-2d255db54746
4d3673fd-380e-5772-aa44-adb328534bcd,ART0701,5449894a-8967-53fd-96aa-711e4f2caebf,2024-02-26,DATED,PARSED,2024,1,2,602000000,$602.0M,USD,MATCHED,tech_news.csv,1.0.0,57ec45a1-9a06-4385-9e42-2d255db54746
1fbd4625-de89-54c0-9ec9-01e349c60196,ART0702,fa848049-e1a2-57f0-935a-4d48dcaddc61,2024-08-15,DATED,PARSED,2024,3,8,3388000000,"$3,388,000,000",USD,MATCHED,tech_news.csv,1.0.0,57ec45a1-9a06-4385-9e42-2d255db54746
48adcb04-90e5-52b5-a2bf-c1ca9e640c38,ART0703,6e09eb1e-79ed-5163-8702-a611f7c20c68,2023-08-16,DATED,PARSED,2023,3,8,2100000000,$2.100 billion,USD,MATCHED,tech_news.csv,1.0.0,57ec45a1-9a06-4385-9e42-2d255db54746
27b827f6-5bfa-5259-a5e8-a1193960a0d4,ART0704,5c86f678-723f-56ff-bd4b-8440df5459ba,2024-11-12,DATED,PARSED,2024,4,11,1215000000,1215.0M USD,USD,MATCHED,tech_news.csv,1.0.0,57ec45a1-9a06-4385-9e42-2d255db54746
5427c0ef-0c64-57e9-ae7c-d96ef84d1216,ART0705,771af71e-0eea-5ae0-9aff-9a0609ace44a,2024-06-17,DATED,PARSED,2024,2,6,35360000000,"€32,145,454,545",EUR,MATCHED,tech_news.csv,1.0.0,57ec45a1-9a06-4385-9e42-2d255db54746
b34c0513-7120-5e1b-8832-f6132a1daadd,ART0707,08256776-704b-50e0-92ce-c74e516f9c80,2023-01-05,DATED,PARSED,2023,1,1,82000000000,"¥12,300,000,000,000",JPY,MATCHED,tech_news.csv,1.0.0,57ec45a1-9a06-4385-9e42-2d255db54746
570eddd0-2f33-5bf9-af31-c18da3927d89,ART0708,a992e412-2b10-50bc-bf9c-23b7974ddb91,2023-08-05,DATED,PARSED,2023,3,8,40500000000,$38.475B - $42.525B,USD,MATCHED,tech_news.csv,1.0.0,57ec45a1-9a06-4385-9e42-2d255db54746
7a72f5d4-32dc-5d20-8131-23564cf92177,ART0709,8d99fa8b-ca33-5878-9209-2b1f97f99f6b,2024-05-25,DATED,PARSED,2024,2,5,1026000000,$1026.0 million,USD,MATCHED,tech_news.csv,1.0.0,57ec45a1-9a06-4385-9e42-2d255db54746
c22ab6ce-6a16-5360-9793-18136bceb797,ART0710,5ed089c3-b138-5004-b73c-fbfc8d07c0ca,2024-10-28,DATED,PARSED,2024,4,10,4050000000,$4.050B,USD,MATCHED,tech_news.csv,1.0.0,57ec45a1-9a06-4385-9e42-2d255db54746
915e536d-c043-5934-87dd-5abc10af3bb9,ART0711,5ed089c3-b138-5004-b73c-fbfc8d07c0ca,2024-10-02,DATED,PARSED,2024,4,10,4050000000,$4050.0M,USD,MATCHED,tech_news.csv,1.0.0,57ec45a1-9a06-4385-9e42-2d255db54746
9c327b7a-bba3-500f-a9c5-aa3005cfde08,ART0712,dd92adee-a175-5086-8ee3-31cafbbd4d9a,2024-11-03,DATED,PARSED,2024,4,11,1647000000,"$1,647,000,000",USD,MATCHED,tech_news.csv,1.0.0,57ec45a1-9a06-4385-9e42-2d255db54746
9704fc1a-3fc0-5503-bbdc-31963f37f32b,ART0713,7404b547-e172-5517-92d1-7c31c711048b,,UNDATED,INVALID,,,,7000000000,$7.000 billion,USD,MATCHED,tech_news.csv,1.0.0,57ec45a1-9a06-4385-9e42-2d255db54746
865dd2c3-98fc-519d-81e5-a769737e2105,ART0714,5ed089c3-b138-5004-b73c-fbfc8d07c0ca,2024-07-15,DATED,PARSED,2024,3,7,3420000000,3420.0M USD,USD,MATCHED,tech_news.csv,1.0.0,57ec45a1-9a06-4385-9e42-2d255db54746
c6f6a43c-af5c-54a7-a899-1759e7317da7,ART0716,30365688-fa79-5b90-b869-7fc216599069,2024-12-26,DATED,PARSED,2024,4,12,3480000000,"£2,740,157,480",GBP,MATCHED,tech_news.csv,1.0.0,57ec45a1-9a06-4385-9e42-2d255db54746
7c22e23c-5efd-5738-9390-60fb78ec6a2a,ART0717,a992e412-2b10-50bc-bf9c-23b7974ddb91,2024-08-13,DATED,PARSED,2024,3,8,58500000000,"¥8,775,000,000,000",JPY,MATCHED,tech_news.csv,1.0.0,57ec45a1-9a06-4385-9e42-2d255db54746
5644d132-6e08-5191-9e4a-a816b5ed0174,ART0718,1eabfb03-492b-52d1-9f8f-afbd3e484ada,2024-02-16,DATED,PARSED,2024,1,2,1019000000,$0.968B - $1.070B,USD,MATCHED,tech_news.csv,1.0.0,57ec45a1-9a06-4385-9e42-2d255db54746
a16c2713-70cc-5f7c-8929-fd9efeab7450,ART0719,9b997e26-b47f-511c-b401-d9b3a6ac9c4f,2023-04-02,DATED,PARSED,2023,2,4,1560000000,$1560.0 million,USD,MATCHED,tech_news.csv,1.0.0,57ec45a1-9a06-4385-9e42-2d255db54746
38339f29-e818-510e-ad51-54f581e83914,ART0720,8f05416c-1b7c-5110-a049-ff66e663eccf,,UNDATED,INVALID,,,,3774000000,$3.774B,USD,MATCHED,tech_news.csv,1.0.0,57ec45a1-9a06-4385-9e42-2d255db54746
3d904411-e1fa-5322-b035-bd816647144d,ART0722,f36a832f-cd27-58af-b8c6-fb63f6bea323,2024-03-12,DATED,PARSED,2024,1,3,79170000000,"$79,170,000,000",USD,MATCHED,tech_news.csv,1.0.0,57ec45a1-9a06-4385-9e42-2d255db54746
e2200c81-fb1f-5c75-96fa-1e2e846291e4,ART0724,fa848049-e1a2-57f0-935a-4d48dcaddc61,2022-07-22,DATED,PARSED,2022,3,7,2050000000,2050.0M USD,USD,MATCHED,tech_news.csv,1.0.0,57ec45a1-9a06-4385-9e42-2d255db54746
5c687f49-c781-51aa-b39b-d986c5073ab7,ART0726,dd92adee-a175-5086-8ee3-31cafbbd4d9a,2024-03-06,DATED,PARSED,2024,1,3,1431000001,"£1,126,771,654",GBP,MATCHED,tech_news.csv,1.0.0,57ec45a1-9a06-4385-9e42-2d255db54746
e136a8e6-a4ca-50c7-9bc6-ca10be726b85,ART0727,245ee582-6dec-5cc1-a198-e4acaa865688,,UNDATED,INVALID,,,,1030000000,"¥154,500,000,000",JPY,MATCHED,tech_news.csv,1.0.0,57ec45a1-9a06-4385-9e42-2d255db54746
29333117-9c22-5adb-ad5a-e46a315ec718,ART0728,9d4d58c5-91bd-5317-85a0-a0cd048740af,2024-04-08,DATED,PARSED,2024,2,4,388000000,$368.6M - $407.4M,USD,MATCHED,tech_news.csv,1.0.0,57ec45a1-9a06-4385-9e42-2d255db54746
82b81607-d17b-51c9-ab0d-3b4be0030241,ART0729,5449894a-8967-53fd-96aa-711e4f2caebf,2023-08-11,DATED,PARSED,2023,3,8,430000000,$430.0 million,USD,MATCHED,tech_news.csv,1.0.0,57ec45a1-9a06-4385-9e42-2d255db54746
95e2c03a-1b04-57dd-9532-386e8f7433a0,ART0730,fa848049-e1a2-57f0-935a-4d48dcaddc61,2024-08-07,DATED,PARSED,2024,3,8,3388000000,$3.388B,USD,MATCHED,tech_news.csv,1.0.0,57ec45a1-9a06-4385-9e42-2d255db54746
7a6a25e6-55c3-57c4-9c82-7540c8930eca,ART0731,9d4d58c5-91bd-5317-85a0-a0cd048740af,2024-07-04,DATED,PARSED,2024,3,7,399000000,$399.0M,USD,MATCHED,tech_news.csv,1.0.0,57ec45a1-9a06-4385-9e42-2d255db54746
01274fc0-73cd-5582-9c59-152c5501be17,ART0732,9b997e26-b47f-511c-b401-d9b3a6ac9c4f,2024-03-08,DATED,PARSED,2024,1,3,1785000000,"$1,785,000,000",USD,MATCHED,tech_news.csv,1.0.0,57ec45a1-9a06-4385-9e42-2d255db54746
36df56b5-d06a-5b3d-88a0-a2ca0db2dbe3,ART0733,6e09eb1e-79ed-5163-8702-a611f7c20c68,2024-03-26,DATED,PARSED,2024,1,3,2392000000,$2.392 billion,USD,MATCHED,tech_news.csv,1.0.0,57ec45a1-9a06-4385-9e42-2d255db54746
5f99d651-748a-5d7f-9253-733e54ac46e1,ART0734,31d3ab7c-19ed-5a35-ac6e-2b6a8f0e6e67,2024-12-12,DATED,PARSED,2024,4,12,9945000000,9945.0M USD,USD,AMBIGUOUS,tech_news.csv,1.0.0,57ec45a1-9a06-4385-9e42-2d255db54746
d5c4c33e-dbf0-53ae-bb26-eee995f694cb,ART0735,6e09eb1e-79ed-5163-8702-a611f7c20c68,2024-08-27,DATED,PARSED,2024,3,8,2576000000,"€2,341,818,182",EUR,MATCHED,tech_news.csv,1.0.0,57ec45a1-9a06-4385-9e42-2d255db54746
0fb8bff6-c709-5cf6-9442-71d93ee4f75b,ART0736,5c86f678-723f-56ff-bd4b-8440df5459ba,2024-12-21,DATED,PARSED,2024,4,12,1215000000,"£956,692,913",GBP,MATCHED,tech_news.csv,1.0.0,57ec45a1-9a06-4385-9e42-2d255db54746
77f2c839-9757-5e28-adf7-82fe7f4b5423,ART0737,771af71e-0eea-5ae0-9aff-9a0609ace44a,2024-02-28,DATED,PARSED,2024,1,2,34680000000,"¥5,202,000,000,000",JPY,MATCHED,tech_news.csv,1.0.0,57ec45a1-9a06-4385-9e42-2d255db54746
bc85adf9-5622-5cdf-b998-d1f6911825d0,ART0738,30365688-fa79-5b90-b869-7fc216599069,2024-02-25,DATED,PARSED,2024,1,2,2640000000,$2.508B - $2.772B,USD,MATCHED,tech_news.csv,1.0.0,57ec45a1-9a06-4385-9e42-2d255db54746
e374cef2-b86e-51dc-a234-f2d8372de8d0,ART0740,08256776-704b-50e0-92ce-c74e516f9c80,2024-07-01,DATED,PARSED,2024,3,7,98880000000,$98.880B,USD,MATCHED,tech_news.csv,1.0.0,57ec45a1-9a06-4385-9e42-2d255db54746
88b028fe-4fe3-5374-9aab-bb4ed70e76ad,ART0741,8d99fa8b-ca33-5878-9209-2b1f97f99f6b,2024-05-01,DATED,PARSED,2024,2,5,897000000,$897.0M,USD,MATCHED,tech_news.csv,1.0.0,57ec45a1-9a06-4385-9e42-2d255db54746
111aebcb-4204-5ae8-a6f6-2d513bc54ec6,ART0743,7404b547-e172-5517-92d1-7c31c711048b,2024-10-22,DATED,PARSED,2024,4,10,9945000000,$9.945 billion,USD,MATCHED,tech_news.csv,1.0.0,57ec45a1-9a06-4385-9e42-2d255db54746
f758aead-032f-561c-b840-06f64f6fc163,ART0744,5ed089c3-b138-5004-b73c-fbfc8d07c0ca,2024-09-17,DATED,PARSED,2024,3,9,3420000000,3420.0M USD,USD,MATCHED,tech_news.csv,1.0.0,57ec45a1-9a06-4385-9e42-2d255db54746
3515f00b-2d0f-5596-ad61-1a1d3b3f37f3,ART0745,a992e412-2b10-50bc-bf9c-23b7974ddb91,2024-09-08,DATED,PARSED,2024,3,9,58500000000,"€53,181,818,182",EUR,MATCHED,tech_news.csv,1.0.0,57ec45a1-9a06-4385-9e42-2d255db54746
7d205037-c7c3-593b-9c6f-7f950b3234bf,ART0746,8f05416c-1b7c-5110-a049-ff66e663eccf,2024-12-02,DATED,PARSED,2024,4,12,3909999999,"£3,078,740,157",GBP,MATCHED,tech_news.csv,1.0.0,57ec45a1-9a06-4385-9e42-2d255db54746
9d53a944-c373-5392-8086-982d86dad1b1,ART0747,1eabfb03-492b-52d1-9f8f-afbd3e484ada,2022-01-26,DATED,PARSED,2022,1,1,600000000,"¥90,000,000,000",JPY,MATCHED,tech_news.csv,1.0.0,57ec45a1-9a06-4385-9e42-2d255db54746
d30230b5-d0cc-5d29-8b9a-00dcee89e19a,ART0748,9b997e26-b47f-511c-b401-d9b3a6ac9c4f,,UNDATED,INVALID,,,,2057000000,$1.954B - $2.160B,USD,MATCHED,tech_news.csv,1.0.0,57ec45a1-9a06-4385-9e42-2d255db54746
98dfbe96-465c-52f7-9f9b-3d87ecd82af3,ART0749,e7f9dcc7-eff3-506f-a8f7-03cd6a783d02,2024-11-07,DATED,PARSED,2024,4,11,180000000,$180.0 million,USD,UNRESOLVED,tech_news.csv,1.0.0,57ec45a1-9a06-4385-9e42-2d255db54746
b632d249-6e29-59b7-b73b-24c5f71189b9,ART0750,9748d0cc-1284-54f9-afc0-d1692fe79ff8,2024-07-15,DATED,PARSED,2024,3,7,135000000,$0.135B,USD,UNRESOLVED,tech_news.csv,1.0.0,57ec45a1-9a06-4385-9e42-2d255db54746
